{
  "Identifers": [
    {
      "Value": "IP-54.230.48.84",
      "Matches": [
        {
          "Domain": "veterinairelionvert.fr",
          "First": 1623215568158,
          "Last": 1623215568158
        },
        {
          "Domain": "virginiacancercare.com",
          "First": 1623238754618,
          "Last": 1623238754618
        },
        {
          "Domain": "gevents.vitech.dev",
          "First": 1623244125358,
          "Last": 1623244125358
        },
        {
          "Domain": "vitagram.co.kr",
          "First": 1623245057514,
          "Last": 1623245057514
        },
        {
          "Domain": "api-tracking.qa.vmas.com.pe",
          "First": 1623252052971,
          "Last": 1623252052971
        },
        {
          "Domain": "climactic.volaby.org",
          "First": 1623258923824,
          "Last": 1623258923824
        },
        {
          "Domain": "wearecommunity.volaby.org",
          "First": 1623258923824,
          "Last": 1623258923824
        },
        {
          "Domain": "streetsidemedics.volaby.org",
          "First": 1623258923824,
          "Last": 1623258923824
        },
        {
          "Domain": "asylumseekerscentre.volaby.org",
          "First": 1623258923824,
          "Last": 1623258923824
        },
        {
          "Domain": "dreambuilderscare.volaby.org",
          "First": 1623258923824,
          "Last": 1623258923824
        },
        {
          "Domain": "drcrankys.volaby.org",
          "First": 1623258923824,
          "Last": 1623258923824
        },
        {
          "Domain": "teamcollingwoodblacks.volaby.org",
          "First": 1623258923824,
          "Last": 1623258923824
        },
        {
          "Domain": "teamfonzies.volaby.org",
          "First": 1623258923824,
          "Last": 1623258923824
        },
        {
          "Domain": "teamshebangs.volaby.org",
          "First": 1623258923824,
          "Last": 1623258923824
        },
        {
          "Domain": "onmyfeet.volaby.org",
          "First": 1623258923824,
          "Last": 1623258923824
        },
        {
          "Domain": "shortbackandsidewalks.volaby.org",
          "First": 1623258923824,
          "Last": 1623258923824
        },
        {
          "Domain": "sbs.volaby.org",
          "First": 1623258923824,
          "Last": 1623258923824
        },
        {
          "Domain": "footpath.volaby.org",
          "First": 1623258923824,
          "Last": 1623258923824
        },
        {
          "Domain": "unitingwa.volaby.org",
          "First": 1623258923824,
          "Last": 1623258923824
        },
        {
          "Domain": "qmow.volaby.org",
          "First": 1623258923824,
          "Last": 1623258923824
        },
        {
          "Domain": "orangesky.volaby.org",
          "First": 1623258923824,
          "Last": 1623258923824
        },
        {
          "Domain": "vpapay.cc",
          "First": 1623264005871,
          "Last": 1623264005871
        },
        {
          "Domain": "uat.vpapay.cc",
          "First": 1623264005871,
          "Last": 1623264005871
        },
        {
          "Domain": "dev.automotive.vwfs.de",
          "First": 1623272013236,
          "Last": 1623272013236
        },
        {
          "Domain": "manutenzione-volkswagen.vwfs.it",
          "First": 1623272013236,
          "Last": 1623272013236
        }
      ]
    }
  ],
  "Errors": null
}