{
  "NextOffset": "END",
  "Results": [
    {
      "D": "cdc.gov",
      "LOS": [
        "cdc.gov"
      ],
      "Q": 232,
      "A": 73,
      "U": 2496,
      "M": 59,
      "Country": null,
      "FD": 1254348000,
      "LD": 1635058800,
      "FI": 1033596000,
      "LI": 1635145200,
      "S": 22430,
      "META": null
    },
    {
      "D": "nba.com",
      "LOS": [
        "store.nba.com"
      ],
      "Q": 519,
      "A": 1890,
      "U": 4282,
      "M": 709,
      "Country": null,
      "FD": 1504220400,
      "LD": 1629270000,
      "FI": 1043881200,
      "LI": 1635145200,
      "S": 50324,
      "META": null
    },
    {
      "D": "cox.com",
      "LOS": [
        "cox.com"
      ],
      "Q": 827,
      "A": 5037,
      "U": 13434,
      "M": 9600,
      "Country": null,
      "FD": 1231110000,
      "LD": 1635058800,
      "FI": 979772400,
      "LI": 1635145200,
      "S": 31346,
      "META": null
    },
    {
      "D": "thenorthface.com",
      "LOS": [
        "thenorthface.com"
      ],
      "Q": 926,
      "A": 299172,
      "U": 12826,
      "M": 6764,
      "Country": null,
      "FD": 1431907200,
      "LD": 1631689200,
      "FI": 1294059600,
      "LI": 1635145200,
      "S": 45701,
      "META": null
    },
    {
      "D": "timberland.com",
      "LOS": [
        "timberland.com"
      ],
      "Q": 995,
      "A": 13500,
      "U": 26277,
      "M": 15623,
      "Country": null,
      "FD": 1522796400,
      "LD": 1631862000,
      "FI": 1294059600,
      "LI": 1635145200,
      "S": 45792,
      "META": null
    },
    {
      "D": "torrid.com",
      "LOS": [
        "torrid.com"
      ],
      "Q": 1253,
      "A": 17546,
      "U": 18622,
      "M": 42260,
      "Country": null,
      "FD": 1363698000,
      "LD": 1635058800,
      "FI": 1296478800,
      "LI": 1635145200,
      "S": 48843,
      "META": null
    },
    {
      "D": "census.gov",
      "LOS": [
        "census.gov"
      ],
      "Q": 1863,
      "A": 1709,
      "U": 16793,
      "M": 399,
      "Country": null,
      "FD": 1254348000,
      "LD": 1635058800,
      "FI": 1128117600,
      "LI": 1635145200,
      "S": 16245,
      "META": null
    },
    {
      "D": "cms.gov",
      "LOS": [
        "cms.gov"
      ],
      "Q": 2189,
      "A": 5746,
      "U": 10853,
      "M": 1405,
      "Country": null,
      "FD": 1336744800,
      "LD": 1635058800,
      "FI": 1034028000,
      "LI": 1635145200,
      "S": 22866,
      "META": null
    },
    {
      "D": "bls.gov",
      "LOS": [
        "bls.gov"
      ],
      "Q": 2356,
      "A": 444,
      "U": 20174,
      "M": 430,
      "Country": null,
      "FD": 1254348000,
      "LD": 1635058800,
      "FI": 951778800,
      "LI": 1635058800,
      "S": 4745,
      "META": null
    },
    {
      "D": "nhtsa.gov",
      "LOS": [
        "nhtsa.gov"
      ],
      "Q": 3099,
      "A": 7664,
      "U": 20786,
      "M": 1497,
      "Country": null,
      "FD": 1285884000,
      "LD": 1630652400,
      "FI": 1065650400,
      "LI": 1635058800,
      "S": 4867,
      "META": null
    },
    {
      "D": "treasury.gov",
      "LOS": [
        "treasury.gov"
      ],
      "Q": 4426,
      "A": 558,
      "U": 16058,
      "M": 548,
      "Country": null,
      "FD": 1355490000,
      "LD": 1635058800,
      "FI": 971733600,
      "LI": 1635145200,
      "S": 28849,
      "META": null
    },
    {
      "D": "comed.com",
      "LOS": [
        "comed.com/*",
        "es.comed.com/*",
        "aztest.comed.com/*",
        "azstage.comed.com/*"
      ],
      "Q": 4427,
      "A": 339262,
      "U": 79276,
      "M": 59413,
      "Country": null,
      "FD": 1389481200,
      "LD": 1635058800,
      "FI": 1294059600,
      "LI": 1635058800,
      "S": 9221,
      "META": null
    },
    {
      "D": "bcbsm.com",
      "LOS": [
        "bcbsm.com"
      ],
      "Q": 4537,
      "A": 23817,
      "U": 50464,
      "M": 58325,
      "Country": null,
      "FD": 1294059600,
      "LD": 1628924400,
      "FI": 1294059600,
      "LI": 1635145200,
      "S": 26067,
      "META": null
    },
    {
      "D": "banfield.com",
      "LOS": [
        "banfield.com"
      ],
      "Q": 4548,
      "A": 317006,
      "U": 84469,
      "M": 33683,
      "Country": null,
      "FD": 1315144800,
      "LD": 1635058800,
      "FI": 1315144800,
      "LI": 1635058800,
      "S": 85664,
      "META": null
    },
    {
      "D": "caringbridge.org",
      "LOS": [
        "caringbridge.org"
      ],
      "Q": 4729,
      "A": 9635,
      "U": 38225,
      "M": 3592,
      "Country": null,
      "FD": 1599087600,
      "LD": 1634886000,
      "FI": 1100386800,
      "LI": 1635145200,
      "S": 9424,
      "META": null
    },
    {
      "D": "bcbsil.com",
      "LOS": [
        "bcbsil.com"
      ],
      "Q": 5332,
      "A": 70892,
      "U": 58464,
      "M": 95819,
      "Country": null,
      "FD": 1336744800,
      "LD": 1635058800,
      "FI": 1294059600,
      "LI": 1635058800,
      "S": 23470,
      "META": null
    },
    {
      "D": "treasurydirect.gov",
      "LOS": [
        "treasurydirect.gov"
      ],
      "Q": 5366,
      "A": 13844,
      "U": 88326,
      "M": 9789,
      "Country": null,
      "FD": 1294059600,
      "LD": 1635058800,
      "FI": 1294059600,
      "LI": 1635058800,
      "S": 233,
      "META": null
    },
    {
      "D": "bcbstx.com",
      "LOS": [
        "bcbstx.com"
      ],
      "Q": 5496,
      "A": 323504,
      "U": 80984,
      "M": 91927,
      "Country": null,
      "FD": 1336744800,
      "LD": 1635058800,
      "FI": 1294059600,
      "LI": 1635058800,
      "S": 29252,
      "META": null
    },
    {
      "D": "behr.com",
      "LOS": [
        "behr.com"
      ],
      "Q": 7616,
      "A": 14461,
      "U": 60013,
      "M": 19706,
      "Country": null,
      "FD": 1390518000,
      "LD": 1634540400,
      "FI": 1294059600,
      "LI": 1635058800,
      "S": 13328,
      "META": null
    },
    {
      "D": "bge.com",
      "LOS": [
        "bge.com"
      ],
      "Q": 7739,
      "A": 34501,
      "U": 133635,
      "M": 117179,
      "Country": null,
      "FD": 1485990000,
      "LD": 1635058800,
      "FI": 952038000,
      "LI": 1635058800,
      "S": 8549,
      "META": null
    },
    {
      "D": "briggsandstratton.com",
      "LOS": [
        "briggsandstratton.com"
      ],
      "Q": 9133,
      "A": 362960,
      "U": 118283,
      "M": 25098,
      "Country": null,
      "FD": 1304344800,
      "LD": 1635058800,
      "FI": 1294059600,
      "LI": 1635145200,
      "S": 16901,
      "META": null
    },
    {
      "D": "nfpa.org",
      "LOS": [
        "nfpa.org"
      ],
      "Q": 9535,
      "A": 10099,
      "U": 81087,
      "M": 1726,
      "Country": null,
      "FD": 1389481200,
      "LD": 1635058800,
      "FI": 951778800,
      "LI": 1635145200,
      "S": 18668,
      "META": null
    },
    {
      "D": "comerica.com",
      "LOS": [
        "q2webbanking.comerica.com"
      ],
      "Q": 9691,
      "A": 23909,
      "U": 60929,
      "M": 59726,
      "Country": null,
      "FD": 1467068400,
      "LD": 1634540400,
      "FI": 1294059600,
      "LI": 1635145200,
      "S": 19289,
      "META": null
    },
    {
      "D": "three.co.uk",
      "LOS": [
        "three.co.uk"
      ],
      "Q": 10548,
      "A": 305406,
      "U": 30212,
      "M": 15896,
      "Country": null,
      "FD": 1299070800,
      "LD": 1635058800,
      "FI": 1294059600,
      "LI": 1635231600,
      "S": 54519,
      "META": null
    },
    {
      "D": "bluecrossma.com",
      "LOS": [
        "bluecrossma.com"
      ],
      "Q": 12675,
      "A": 51793,
      "U": 115228,
      "M": 110908,
      "Country": null,
      "FD": 1507244400,
      "LD": 1628060400,
      "FI": 1294059600,
      "LI": 1635058800,
      "S": 12300,
      "META": null
    },
    {
      "D": "troybilt.com",
      "LOS": [
        "troybilt.com"
      ],
      "Q": 14185,
      "A": 49959,
      "U": 254155,
      "M": 178022,
      "Country": null,
      "FD": 1354798800,
      "LD": 1633244400,
      "FI": 1164150000,
      "LI": 1635058800,
      "S": 54079,
      "META": null
    },
    {
      "D": "owenscorning.com",
      "LOS": [
        "owenscorning.com"
      ],
      "Q": 15077,
      "A": 365736,
      "U": 84298,
      "M": 14572,
      "Country": null,
      "FD": 1359637200,
      "LD": 1635058800,
      "FI": 1294059600,
      "LI": 1635145200,
      "S": 23779,
      "META": null
    },
    {
      "D": "nationalrail.co.uk",
      "LOS": [
        "nationalrail.co.uk"
      ],
      "Q": 15667,
      "A": 10912,
      "U": 16324,
      "M": 5750,
      "Country": null,
      "FD": 1309701600,
      "LD": 1635058800,
      "FI": 1294059600,
      "LI": 1635058800,
      "S": 3012,
      "META": null
    },
    {
      "D": "cvsspecialty.com",
      "LOS": [
        "cvsspecialty.com"
      ],
      "Q": 17519,
      "A": 143410,
      "U": 129712,
      "M": 536595,
      "Country": null,
      "FD": 1461798000,
      "LD": 1628060400,
      "FI": 1444690800,
      "LI": 1635058800,
      "S": 39394,
      "META": null
    },
    {
      "D": "bea.gov",
      "LOS": [
        "bea.gov"
      ],
      "Q": 18713,
      "A": 9096,
      "U": 106502,
      "M": 3582,
      "Country": null,
      "FD": 1254348000,
      "LD": 1635058800,
      "FI": 1034028000,
      "LI": 1635058800,
      "S": 4948,
      "META": null
    },
    {
      "D": "bostonscientific.com",
      "LOS": [
        "bostonscientific.com"
      ],
      "Q": 19003,
      "A": 15888,
      "U": 78515,
      "M": 10556,
      "Country": null,
      "FD": 1411599600,
      "LD": 1635058800,
      "FI": 1294059600,
      "LI": 1635145200,
      "S": 24950,
      "META": null
    },
    {
      "D": "nrc.gov",
      "LOS": [
        "nrc.gov"
      ],
      "Q": 20186,
      "A": 5129,
      "U": 116022,
      "M": 7295,
      "Country": null,
      "FD": 1294059600,
      "LD": 1635058800,
      "FI": 1294059600,
      "LI": 1635145200,
      "S": 17056,
      "META": null
    },
    {
      "D": "bcbsok.com",
      "LOS": [
        "bcbsok.com"
      ],
      "Q": 24237,
      "A": 102260,
      "U": 1000001,
      "M": 336517,
      "Country": null,
      "FD": 1336744800,
      "LD": 1635058800,
      "FI": 1037746800,
      "LI": 1635058800,
      "S": 23320,
      "META": null
    },
    {
      "D": "nsf.org",
      "LOS": [
        "nsf.org"
      ],
      "Q": 32292,
      "A": 12764,
      "U": 170349,
      "M": 6292,
      "Country": null,
      "FD": 1623481200,
      "LD": 1632553200,
      "FI": 1294059600,
      "LI": 1635058800,
      "S": 6127,
      "META": null
    },
    {
      "D": "ttb.gov",
      "LOS": [
        "ttb.gov"
      ],
      "Q": 36836,
      "A": 304251,
      "U": 1000001,
      "M": 29498,
      "Country": null,
      "FD": 1294059600,
      "LD": 1635058800,
      "FI": 1294059600,
      "LI": 1635058800,
      "S": 701,
      "META": null
    },
    {
      "D": "bcbsnm.com",
      "LOS": [
        "bcbsnm.com"
      ],
      "Q": 45827,
      "A": 6809521,
      "U": 1000001,
      "M": 383894,
      "Country": null,
      "FD": 1336744800,
      "LD": 1635058800,
      "FI": 1294059600,
      "LI": 1635058800,
      "S": 23737,
      "META": null
    },
    {
      "D": "bcbsga.com",
      "LOS": [
        "bcbsga.com"
      ],
      "Q": 51905,
      "A": 1399417,
      "U": 1000001,
      "M": 346638,
      "Country": null,
      "FD": 1324213200,
      "LD": 1628060400,
      "FI": 1294059600,
      "LI": 1635058800,
      "S": 16210,
      "META": null
    },
    {
      "D": "omnicare.com",
      "LOS": [
        "myomniview.omnicare.com",
        "omniview.omnicare.com/*",
        "omniviewuat.omnicare.com/*",
        "myomniviewuat.omnicare.com"
      ],
      "Q": 53489,
      "A": 6614318,
      "U": 111416,
      "M": 328941,
      "Country": null,
      "FD": 1536793200,
      "LD": 1635058800,
      "FI": 1333634400,
      "LI": 1635058800,
      "S": 16266,
      "META": null
    },
    {
      "D": "trade.gov",
      "LOS": [
        "access.trade.gov"
      ],
      "Q": 53581,
      "A": 9965,
      "U": 130102,
      "M": 5703,
      "Country": null,
      "FD": 1484607600,
      "LD": 1635058800,
      "FI": 1294059600,
      "LI": 1635058800,
      "S": 1586,
      "META": null
    },
    {
      "D": "cdse.edu",
      "LOS": [
        "cdse.edu"
      ],
      "Q": 58583,
      "A": 1249292,
      "U": 1000001,
      "M": 369921,
      "Country": null,
      "FD": 1546988400,
      "LD": 1631257200,
      "FI": 1367157600,
      "LI": 1635058800,
      "S": 4058,
      "META": null
    },
    {
      "D": "cplretailenergy.com",
      "LOS": [
        "cplretailenergy.com"
      ],
      "Q": 62568,
      "A": 3622530,
      "U": 1000001,
      "M": 1000001,
      "Country": null,
      "FD": 1605081600,
      "LD": 1635058800,
      "FI": 1294059600,
      "LI": 1635058800,
      "S": 9395,
      "META": null
    },
    {
      "D": "cap.org",
      "LOS": [
        "cap.org"
      ],
      "Q": 63139,
      "A": 322419,
      "U": 69740,
      "M": 35274,
      "Country": null,
      "FD": 1412204400,
      "LD": 1633935600,
      "FI": 1294059600,
      "LI": 1635058800,
      "S": 5979,
      "META": null
    },
    {
      "D": "childtime.com",
      "LOS": [
        "childtime.com"
      ],
      "Q": 66568,
      "A": 1288196,
      "U": 1000001,
      "M": 370050,
      "Country": null,
      "FD": 1426727237,
      "LD": 1635058800,
      "FI": 1011826800,
      "LI": 1635058800,
      "S": 2628,
      "META": null
    },
    {
      "D": "cumminsfiltration.com",
      "LOS": [
        "cumminsfiltration.com"
      ],
      "Q": 71247,
      "A": 93151,
      "U": 195233,
      "M": 150710,
      "Country": null,
      "FD": 1623826800,
      "LD": 1635058800,
      "FI": 1294059600,
      "LI": 1635145200,
      "S": 16828,
      "META": null
    },
    {
      "D": "nortonchildrens.com",
      "LOS": [
        "nortonchildrens.com"
      ],
      "Q": 78510,
      "A": 3229872,
      "U": 1000001,
      "M": 333027,
      "Country": null,
      "FD": 1582066800,
      "LD": 1635058800,
      "FI": 1446681600,
      "LI": 1635058800,
      "S": 1056,
      "META": null
    },
    {
      "D": "childrenscourtyard.com",
      "LOS": [
        "childrenscourtyard.com"
      ],
      "Q": 126426,
      "A": 7634759,
      "U": 1000001,
      "M": 1000001,
      "Country": null,
      "FD": 1433808000,
      "LD": 1635058800,
      "FI": 1294059600,
      "LI": 1635058800,
      "S": 2036,
      "META": null
    },
    {
      "D": "omniture.com",
      "LOS": [
        "omniture.com"
      ],
      "Q": 199836,
      "A": 11251,
      "U": 43741,
      "M": 14704,
      "Country": null,
      "FD": 1351774800,
      "LD": 1635058800,
      "FI": 1294059600,
      "LI": 1635145200,
      "S": 21899,
      "META": null
    },
    {
      "D": "ncdj.org",
      "LOS": [
        "ncdj.org"
      ],
      "Q": 222996,
      "A": 297018,
      "U": 1000001,
      "M": 159518,
      "Country": null,
      "FD": 1510009200,
      "LD": 1632553200,
      "FI": 1379286000,
      "LI": 1635058800,
      "S": 1175,
      "META": null
    },
    {
      "D": "treasuryhunt.gov",
      "LOS": [
        "treasuryhunt.gov"
      ],
      "Q": 270011,
      "A": 1390526,
      "U": 1000001,
      "M": 866732,
      "Country": null,
      "FD": 1294059600,
      "LD": 1635145200,
      "FI": 1294059600,
      "LI": 1635145200,
      "S": 233,
      "META": null
    },
    {
      "D": "bounceenergy.com",
      "LOS": [
        "bounceenergy.com"
      ],
      "Q": 317822,
      "A": 653819,
      "U": 1000001,
      "M": 549603,
      "Country": null,
      "FD": 1604041200,
      "LD": 1628060400,
      "FI": 1294059600,
      "LI": 1635145200,
      "S": 1518,
      "META": null
    },
    {
      "D": "tricare-west.com",
      "LOS": [
        "tricare-west.com"
      ],
      "Q": 713209,
      "A": 1285227,
      "U": 98453,
      "M": 528668,
      "Country": null,
      "FD": 1513638000,
      "LD": 1635231600,
      "FI": 1486422000,
      "LI": 1635231600,
      "S": 11200,
      "META": null
    },
    {
      "D": "tdameritradenetwork.com",
      "LOS": [
        "tdameritradenetwork.com"
      ],
      "Q": 824646,
      "A": 1411837,
      "U": 142216,
      "M": 213594,
      "Country": null,
      "FD": 1620975600,
      "LD": 1635231600,
      "FI": 1520982000,
      "LI": 1635231600,
      "S": 4721,
      "META": null
    },
    {
      "D": "100phx.com",
      "LOS": [
        "100phx.com"
      ],
      "Q": 1000001,
      "A": 100000001,
      "U": 1000001,
      "M": 1000001,
      "Country": null,
      "FD": 1599721200,
      "LD": 1635231600,
      "FI": 1458514800,
      "LI": 1635231600,
      "S": 3428,
      "META": null
    },
    {
      "D": "100millionsolutions.com",
      "LOS": [
        "100millionsolutions.com"
      ],
      "Q": 1000001,
      "A": 20858474,
      "U": 1000001,
      "M": 1000001,
      "Country": null,
      "FD": 1596178800,
      "LD": 1635231600,
      "FI": 1465254000,
      "LI": 1635231600,
      "S": 912,
      "META": null
    },
    {
      "D": "1040kcbr.com",
      "LOS": [
        "1040kcbr.com"
      ],
      "Q": 1000001,
      "A": 81797058,
      "U": 1000001,
      "M": 1000001,
      "Country": null,
      "FD": 1601190000,
      "LD": 1628146800,
      "FI": 1600383600,
      "LI": 1628146800,
      "S": 808,
      "META": null
    },
    {
      "D": "1040home.com",
      "LOS": [
        "1040home.com"
      ],
      "Q": 1000001,
      "A": 100000001,
      "U": 1000001,
      "M": 1000001,
      "Country": null,
      "FD": 1601190000,
      "LD": 1628146800,
      "FI": 1600383600,
      "LI": 1628146800,
      "S": 808,
      "META": null
    },
    {
      "D": "2013.ml",
      "LOS": [
        "dy.2013.ml"
      ],
      "Q": 1000001,
      "A": 100000001,
      "U": 1000001,
      "M": 1000001,
      "Country": null,
      "FD": 1618902000,
      "LD": 1633244400,
      "FI": 1465542000,
      "LI": 1634626800,
      "S": 55253,
      "META": null
    },
    {
      "D": "banquemanuvie.ca",
      "LOS": [
        "banquemanuvie.ca/*"
      ],
      "Q": 1000001,
      "A": 10860163,
      "U": 1000001,
      "M": 1000001,
      "Country": null,
      "FD": 1546297200,
      "LD": 1635058800,
      "FI": 1364302800,
      "LI": 1635058800,
      "S": 14333,
      "META": null
    },
    {
      "D": "bbentertain.com",
      "LOS": [
        "bbentertain.com"
      ],
      "Q": 1000001,
      "A": 77628486,
      "U": 1000001,
      "M": 1000001,
      "Country": null,
      "FD": 1628578800,
      "LD": 1630911600,
      "FI": 1586415600,
      "LI": 1630911600,
      "S": 7922,
      "META": null
    },
    {
      "D": "beaches.co.uk",
      "LOS": [
        "beaches.co.uk"
      ],
      "Q": 1000001,
      "A": 3364151,
      "U": 1000001,
      "M": 1000001,
      "Country": null,
      "FD": 1549234800,
      "LD": 1630998000,
      "FI": 1242284400,
      "LI": 1634626800,
      "S": 1833,
      "META": null
    },
    {
      "D": "behr-russia.com",
      "LOS": [
        "behr-russia.com"
      ],
      "Q": 1000001,
      "A": 100000001,
      "U": 1000001,
      "M": 1000001,
      "Country": null,
      "FD": 1627369200,
      "LD": 1631170800,
      "FI": 1618902000,
      "LI": 1632466800,
      "S": 520,
      "META": null
    },
    {
      "D": "berlingear.com",
      "LOS": [
        "berlingear.com"
      ],
      "Q": 1000001,
      "A": 100000001,
      "U": 1000001,
      "M": 1000001,
      "Country": null,
      "FD": 1379286000,
      "LD": 1635058800,
      "FI": 1379286000,
      "LI": 1635058800,
      "S": 6067,
      "META": null
    },
    {
      "D": "bestonlinereviews.com",
      "LOS": [
        "bestonlinereviews.com"
      ],
      "Q": 1000001,
      "A": 11312284,
      "U": 1000001,
      "M": 297680,
      "Country": null,
      "FD": 1624690800,
      "LD": 1635058800,
      "FI": 1107126000,
      "LI": 1635058800,
      "S": 56391,
      "META": null
    },
    {
      "D": "betao.com.br",
      "LOS": [
        "betao.com.br"
      ],
      "Q": 1000001,
      "A": 100000001,
      "U": 1000001,
      "M": 1000001,
      "Country": null,
      "FD": 1627714800,
      "LD": 1628924400,
      "FI": 1566774000,
      "LI": 1630047600,
      "S": 233,
      "META": null
    },
    {
      "D": "bfkdqc.com",
      "LOS": [
        "bfkdqc.com"
      ],
      "Q": 1000001,
      "A": 100000001,
      "U": 1000001,
      "M": 1000001,
      "Country": null,
      "FD": 1627714800,
      "LD": 1631602800,
      "FI": 1575327600,
      "LI": 1631602800,
      "S": 28773,
      "META": null
    },
    {
      "D": "bidinnovacion.org",
      "LOS": [
        "movingdata.bidinnovacion.org"
      ],
      "Q": 1000001,
      "A": 2317243,
      "U": 1000001,
      "M": 1000001,
      "Country": null,
      "FD": 1533510000,
      "LD": 1633244400,
      "FI": 1242025200,
      "LI": 1634626800,
      "S": 4894,
      "META": null
    },
    {
      "D": "biendwebsites.com",
      "LOS": [
        "biendwebsites.com/*"
      ],
      "Q": 1000001,
      "A": 10751483,
      "U": 1000001,
      "M": 245643,
      "Country": null,
      "FD": 1632553200,
      "LD": 1632553200,
      "FI": 1485990000,
      "LI": 1635058800,
      "S": 3024,
      "META": null
    },
    {
      "D": "bihcoincore.org",
      "LOS": [
        "bihcoincore.org"
      ],
      "Q": 1000001,
      "A": 100000001,
      "U": 1000001,
      "M": 1000001,
      "Country": null,
      "FD": 1623740400,
      "LD": 1631689200,
      "FI": 1623740400,
      "LI": 1632466800,
      "S": 3428,
      "META": null
    },
    {
      "D": "bladeheart-rpg.com",
      "LOS": [
        "bladeheart-rpg.com"
      ],
      "Q": 1000001,
      "A": 100000001,
      "U": 1000001,
      "M": 1000001,
      "Country": null,
      "FD": 1625986800,
      "LD": 1632034800,
      "FI": 1464850800,
      "LI": 1632034800,
      "S": 2661,
      "META": null
    },
    {
      "D": "blackberry.net",
      "LOS": [
        "enterprise.appworld.dyn.blackberry.net/*",
        "payment.webapps.dyn.blackberry.net/*"
      ],
      "Q": 1000001,
      "A": 1229029,
      "U": 11760,
      "M": 531613,
      "Country": null,
      "FD": 1595631600,
      "LD": 1635058800,
      "FI": 979858800,
      "LI": 1635145200,
      "S": 8267,
      "META": null
    },
    {
      "D": "bonanovaclinic.com",
      "LOS": [
        "bonanovaclinic.com"
      ],
      "Q": 1000001,
      "A": 100000001,
      "U": 1000001,
      "M": 1000001,
      "Country": null,
      "FD": 1339365600,
      "LD": 1632466800,
      "FI": 1339365600,
      "LI": 1632466800,
      "S": 233,
      "META": null
    },
    {
      "D": "bondpro.gov",
      "LOS": [
        "bondpro.gov"
      ],
      "Q": 1000001,
      "A": 13521849,
      "U": 1000001,
      "M": 1000001,
      "Country": null,
      "FD": 1231920000,
      "LD": 1632466800,
      "FI": 1188975600,
      "LI": 1632466800,
      "S": 233,
      "META": null
    },
    {
      "D": "bostonscientific-gldp.com",
      "LOS": [
        "bostonscientific-gldp.com"
      ],
      "Q": 1000001,
      "A": 19504900,
      "U": 1000001,
      "M": 1000001,
      "Country": null,
      "FD": 1507071600,
      "LD": 1635058800,
      "FI": 1473721200,
      "LI": 1635058800,
      "S": 9434,
      "META": null
    },
    {
      "D": "boyler.com.tr",
      "LOS": [
        "boyler.com.tr"
      ],
      "Q": 1000001,
      "A": 54084326,
      "U": 1000001,
      "M": 1000001,
      "Country": null,
      "FD": 1328515200,
      "LD": 1635058800,
      "FI": 1328515200,
      "LI": 1635058800,
      "S": 8546,
      "META": null
    },
    {
      "D": "bravenhealth.com",
      "LOS": [
        "uat.bravenhealth.com"
      ],
      "Q": 1000001,
      "A": 60330556,
      "U": 1000001,
      "M": 1000001,
      "Country": null,
      "FD": 1633244400,
      "LD": 1633244400,
      "FI": 1583190000,
      "LI": 1635058800,
      "S": 11728,
      "META": null
    },
    {
      "D": "brownshipleybn.com",
      "LOS": [
        "uk.brownshipleybn.com"
      ],
      "Q": 1000001,
      "A": 100000001,
      "U": 1000001,
      "M": 1000001,
      "Country": null,
      "FD": 1588460400,
      "LD": 1633244400,
      "FI": 1588460400,
      "LI": 1633244400,
      "S": 1998,
      "META": null
    },
    {
      "D": "bsci-stage.com",
      "LOS": [
        "bostonscientific.bsci-stage.com/*"
      ],
      "Q": 1000001,
      "A": 23908590,
      "U": 1000001,
      "M": 1000001,
      "Country": null,
      "FD": 1624086000,
      "LD": 1629097200,
      "FI": 1520290800,
      "LI": 1635058800,
      "S": 2342,
      "META": null
    },
    {
      "D": "budgetingpeaceofmind.com",
      "LOS": [
        "myflbeachhome.budgetingpeaceofmind.com"
      ],
      "Q": 1000001,
      "A": 100000001,
      "U": 1000001,
      "M": 1000001,
      "Country": null,
      "FD": 1594076400,
      "LD": 1629097200,
      "FI": 1482188400,
      "LI": 1633503600,
      "S": 1353,
      "META": null
    },
    {
      "D": "buyuksahin.com",
      "LOS": [
        "buyuksahin.com"
      ],
      "Q": 1000001,
      "A": 18331835,
      "U": 1000001,
      "M": 1000001,
      "Country": null,
      "FD": 1335250800,
      "LD": 1633849200,
      "FI": 1277449200,
      "LI": 1633849200,
      "S": 233,
      "META": null
    },
    {
      "D": "bzxby.com",
      "LOS": [
        "bzxby.com"
      ],
      "Q": 1000001,
      "A": 100000001,
      "U": 1000001,
      "M": 1000001,
      "Country": null,
      "FD": 1633935600,
      "LD": 1633935600,
      "FI": 1296201600,
      "LI": 1633935600,
      "S": 2568,
      "META": null
    },
    {
      "D": "cadit.com.cn",
      "LOS": [
        "cadit.com.cn/*"
      ],
      "Q": 1000001,
      "A": 19158673,
      "U": 1000001,
      "M": 1000001,
      "Country": null,
      "FD": 1451174400,
      "LD": 1634022000,
      "FI": 1023519600,
      "LI": 1634022000,
      "S": 4067,
      "META": null
    },
    {
      "D": "canadapharmacysfzr.com",
      "LOS": [
        "canadapharmacysfzr.com"
      ],
      "Q": 1000001,
      "A": 12094006,
      "U": 1000001,
      "M": 201351,
      "Country": null,
      "FD": 1566774000,
      "LD": 1631257200,
      "FI": 1566774000,
      "LI": 1635058800,
      "S": 7100,
      "META": null
    },
    {
      "D": "careforceconnection.org",
      "LOS": [
        "choa.careforceconnection.org/*",
        "app-choa.careforceconnection.org/*"
      ],
      "Q": 1000001,
      "A": 31529585,
      "U": 1000001,
      "M": 1000001,
      "Country": null,
      "FD": 1564786800,
      "LD": 1633244400,
      "FI": 1503356400,
      "LI": 1635058800,
      "S": 600,
      "META": null
    },
    {
      "D": "ccqqn.com.cn",
      "LOS": [
        "ccqqn.com.cn"
      ],
      "Q": 1000001,
      "A": 73265198,
      "U": 1000001,
      "M": 1000001,
      "Country": null,
      "FD": 1634972400,
      "LD": 1634972400,
      "FI": 1180767600,
      "LI": 1634972400,
      "S": 1035,
      "META": null
    },
    {
      "D": "cdnumancia.org",
      "LOS": [
        "cdnumancia.org"
      ],
      "Q": 1000001,
      "A": 100000001,
      "U": 1000001,
      "M": 1000001,
      "Country": null,
      "FD": 1634972400,
      "LD": 1634972400,
      "FI": 1600239600,
      "LI": 1634972400,
      "S": 1183,
      "META": null
    },
    {
      "D": "cellnorth.com",
      "LOS": [
        "cellnorth.com"
      ],
      "Q": 1000001,
      "A": 70837780,
      "U": 1000001,
      "M": 1000001,
      "Country": null,
      "FD": 1321084800,
      "LD": 1635058800,
      "FI": 1282546800,
      "LI": 1635058800,
      "S": 6534,
      "META": null
    },
    {
      "D": "centify.co",
      "LOS": [
        "demo.centify.co/*"
      ],
      "Q": 1000001,
      "A": 42430500,
      "U": 1000001,
      "M": 1000001,
      "Country": null,
      "FD": 1588806000,
      "LD": 1629356400,
      "FI": 1496530800,
      "LI": 1634626800,
      "S": 1936,
      "META": null
    },
    {
      "D": "chefstore.com",
      "LOS": [
        "chefstore.com"
      ],
      "Q": 1000001,
      "A": 19738599,
      "U": 1000001,
      "M": 446642,
      "Country": null,
      "FD": 1614553200,
      "LD": 1635058800,
      "FI": 1037865600,
      "LI": 1635058800,
      "S": 3964,
      "META": null
    },
    {
      "D": "chiranfan.com",
      "LOS": [
        "chiranfan.com/*"
      ],
      "Q": 1000001,
      "A": 100000001,
      "U": 1000001,
      "M": 1000001,
      "Country": null,
      "FD": 1588806000,
      "LD": 1629442800,
      "FI": 1566774000,
      "LI": 1629442800,
      "S": 7067,
      "META": null
    },
    {
      "D": "chongjimb.com",
      "LOS": [
        "chongjimb.com"
      ],
      "Q": 1000001,
      "A": 100000001,
      "U": 1000001,
      "M": 1000001,
      "Country": null,
      "FD": 1627714800,
      "LD": 1629442800,
      "FI": 1507158000,
      "LI": 1629442800,
      "S": 500,
      "META": null
    },
    {
      "D": "cloud-effem.com",
      "LOS": [
        "int-sitecorebf-cd.cloud-effem.com",
        "dev-sitecorebf-cd.cloud-effem.com",
        "stg-sitecorebf-cd.cloud-effem.com"
      ],
      "Q": 1000001,
      "A": 100000001,
      "U": 1000001,
      "M": 1000001,
      "Country": null,
      "FD": 1613980800,
      "LD": 1633244400,
      "FI": 1570057200,
      "LI": 1634626800,
      "S": 23203,
      "META": null
    },
    {
      "D": "cogent-international.com",
      "LOS": [
        "account-fldo-ca-index-html-en-login-php.cogent-international.com"
      ],
      "Q": 1000001,
      "A": 79488622,
      "U": 1000001,
      "M": 1000001,
      "Country": null,
      "FD": 1546470000,
      "LD": 1633244400,
      "FI": 1479250800,
      "LI": 1633244400,
      "S": 6067,
      "META": null
    },
    {
      "D": "communicatehealth.com",
      "LOS": [
        "to24.atsdr.communicatehealth.com"
      ],
      "Q": 1000001,
      "A": 1771494,
      "U": 1000001,
      "M": 1000001,
      "Country": null,
      "FD": 1600239600,
      "LD": 1629788400,
      "FI": 1271142000,
      "LI": 1635058800,
      "S": 6705,
      "META": null
    },
    {
      "D": "constellationconnect.com",
      "LOS": [
        "constellationconnect.com"
      ],
      "Q": 1000001,
      "A": 21543761,
      "U": 1000001,
      "M": 1000001,
      "Country": null,
      "FD": 1595113200,
      "LD": 1635058800,
      "FI": 1467068400,
      "LI": 1635058800,
      "S": 1818,
      "META": null
    },
    {
      "D": "consumer-ftc.com",
      "LOS": [
        "consumer-ftc.com"
      ],
      "Q": 1000001,
      "A": 100000001,
      "U": 1000001,
      "M": 1000001,
      "Country": null,
      "FD": 1600383600,
      "LD": 1629874800,
      "FI": 1600383600,
      "LI": 1629874800,
      "S": 233,
      "META": null
    },
    {
      "D": "crossroadsrealtyflorida.com",
      "LOS": [
        "crossroadsrealtyflorida.com"
      ],
      "Q": 1000001,
      "A": 69707646,
      "U": 1000001,
      "M": 1000001,
      "Country": null,
      "FD": 1601449200,
      "LD": 1629874800,
      "FI": 1061967600,
      "LI": 1633244400,
      "S": 1353,
      "META": null
    },
    {
      "D": "crosbydev.net",
      "LOS": [
        "mos-staging.crosbydev.net"
      ],
      "Q": 1000001,
      "A": 21237719,
      "U": 1000001,
      "M": 1000001,
      "Country": null,
      "FD": 1600239600,
      "LD": 1633244400,
      "FI": 1442271600,
      "LI": 1634626800,
      "S": 489,
      "META": null
    },
    {
      "D": "ctc-tiles.com",
      "LOS": [
        "ctc-tiles.com"
      ],
      "Q": 1000001,
      "A": 64756462,
      "U": 1000001,
      "M": 1000001,
      "Country": null,
      "FD": 1296374400,
      "LD": 1629961200,
      "FI": 1296374400,
      "LI": 1632466800,
      "S": 7100,
      "META": null
    },
    {
      "D": "ctgande.com",
      "LOS": [
        "ctgande.com"
      ],
      "Q": 1000001,
      "A": 51765003,
      "U": 1000001,
      "M": 1000001,
      "Country": null,
      "FD": 1529276400,
      "LD": 1630998000,
      "FI": 1447196400,
      "LI": 1632466800,
      "S": 8137,
      "META": null
    },
    {
      "D": "cybertalentinitiative.org",
      "LOS": [
        "cybertalentinitiative.org"
      ],
      "Q": 1000001,
      "A": 10804718,
      "U": 1000001,
      "M": 1000001,
      "Country": null,
      "FD": 1595833200,
      "LD": 1633849200,
      "FI": 1556838000,
      "LI": 1633849200,
      "S": 490,
      "META": null
    },
    {
      "D": "k01ys.com",
      "LOS": [
        "k01ys.com"
      ],
      "Q": 1000001,
      "A": 100000001,
      "U": 1000001,
      "M": 1000001,
      "Country": null,
      "FD": 1601449200,
      "LD": 1632034800,
      "FI": 1406962800,
      "LI": 1632034800,
      "S": 1275,
      "META": null
    },
    {
      "D": "kanker.site",
      "LOS": [
        "kanker.site"
      ],
      "Q": 1000001,
      "A": 100000001,
      "U": 1000001,
      "M": 1000001,
      "Country": null,
      "FD": 1511132400,
      "LD": 1632034800,
      "FI": 1511132400,
      "LI": 1632034800,
      "S": 6067,
      "META": null
    },
    {
      "D": "karenfalconer.com",
      "LOS": [
        "karenfalconer.com"
      ],
      "Q": 1000001,
      "A": 83677074,
      "U": 1000001,
      "M": 1000001,
      "Country": null,
      "FD": 1594422000,
      "LD": 1627887600,
      "FI": 1335769200,
      "LI": 1634972400,
      "S": 2504,
      "META": null
    },
    {
      "D": "kathleensquires.com",
      "LOS": [
        "kathleensquires.com"
      ],
      "Q": 1000001,
      "A": 50643920,
      "U": 1000001,
      "M": 1000001,
      "Country": null,
      "FD": 1601708400,
      "LD": 1627887600,
      "FI": 1007971200,
      "LI": 1632034800,
      "S": 1315,
      "META": null
    },
    {
      "D": "kazor.com",
      "LOS": [
        "tampabayre.kazor.com"
      ],
      "Q": 1000001,
      "A": 8181840,
      "U": 1000001,
      "M": 1000001,
      "Country": null,
      "FD": 1611302400,
      "LD": 1632034800,
      "FI": 952038000,
      "LI": 1634626800,
      "S": 1191,
      "META": null
    },
    {
      "D": "kcpddc.net",
      "LOS": [
        "kcpddc.net/*"
      ],
      "Q": 1000001,
      "A": 100000001,
      "U": 1000001,
      "M": 1000001,
      "Country": null,
      "FD": 1587078000,
      "LD": 1635058800,
      "FI": 1549148400,
      "LI": 1635058800,
      "S": 2357,
      "META": null
    },
    {
      "D": "kcpddc.org",
      "LOS": [
        "kcpddc.org/*"
      ],
      "Q": 1000001,
      "A": 100000001,
      "U": 1000001,
      "M": 1000001,
      "Country": null,
      "FD": 1589238000,
      "LD": 1632034800,
      "FI": 1549148400,
      "LI": 1632034800,
      "S": 2357,
      "META": null
    },
    {
      "D": "keithcheney.com",
      "LOS": [
        "keithcheney.com"
      ],
      "Q": 1000001,
      "A": 100000001,
      "U": 1000001,
      "M": 1000001,
      "Country": null,
      "FD": 1632034800,
      "LD": 1632034800,
      "FI": 1455577200,
      "LI": 1632034800,
      "S": 832,
      "META": null
    },
    {
      "D": "keniapalaciosrealtor.com",
      "LOS": [
        "keniapalaciosrealtor.com"
      ],
      "Q": 1000001,
      "A": 100000001,
      "U": 1000001,
      "M": 1000001,
      "Country": null,
      "FD": 1632121200,
      "LD": 1632121200,
      "FI": 1607760000,
      "LI": 1632466800,
      "S": 1181,
      "META": null
    },
    {
      "D": "kexunvip.com",
      "LOS": [
        "kexunvip.com"
      ],
      "Q": 1000001,
      "A": 78960243,
      "U": 1000001,
      "M": 1000001,
      "Country": null,
      "FD": 1601708400,
      "LD": 1627974000,
      "FI": 1332572400,
      "LI": 1632121200,
      "S": 808,
      "META": null
    },
    {
      "D": "korrrealty.com",
      "LOS": [
        "korrrealty.com"
      ],
      "Q": 1000001,
      "A": 61311119,
      "U": 1000001,
      "M": 1000001,
      "Country": null,
      "FD": 1589238000,
      "LD": 1628060400,
      "FI": 1405296000,
      "LI": 1632466800,
      "S": 1190,
      "META": null
    },
    {
      "D": "kygande.com",
      "LOS": [
        "kygande.com"
      ],
      "Q": 1000001,
      "A": 62985436,
      "U": 1000001,
      "M": 1000001,
      "Country": null,
      "FD": 1529449200,
      "LD": 1632207600,
      "FI": 1447196400,
      "LI": 1632466800,
      "S": 7951,
      "META": null
    },
    {
      "D": "najcci.org",
      "LOS": [
        "najcci.org"
      ],
      "Q": 1000001,
      "A": 100000001,
      "U": 1000001,
      "M": 1000001,
      "Country": null,
      "FD": 1601881200,
      "LD": 1629270000,
      "FI": 1600383600,
      "LI": 1632985200,
      "S": 808,
      "META": null
    },
    {
      "D": "natuerlichusa.de",
      "LOS": [
        "natuerlichusa.de"
      ],
      "Q": 1000001,
      "A": 18294524,
      "U": 1000001,
      "M": 1000001,
      "Country": null,
      "FD": 1461798000,
      "LD": 1632985200,
      "FI": 1458514800,
      "LI": 1632985200,
      "S": 7100,
      "META": null
    },
    {
      "D": "nbwmkuy.com",
      "LOS": [
        "nbwmkuy.com"
      ],
      "Q": 1000001,
      "A": 100000001,
      "U": 1000001,
      "M": 1000001,
      "Country": null,
      "FD": 1625814000,
      "LD": 1627714800,
      "FI": 1575327600,
      "LI": 1633071600,
      "S": 2545,
      "META": null
    },
    {
      "D": "nesacs.org",
      "LOS": [
        "nesacs.org"
      ],
      "Q": 1000001,
      "A": 1061697,
      "U": 1000001,
      "M": 1000001,
      "Country": null,
      "FD": 1622012400,
      "LD": 1633071600,
      "FI": 1328360400,
      "LI": 1633244400,
      "S": 8483,
      "META": null
    },
    {
      "D": "netvendor.com.br",
      "LOS": [
        "netvendor.com.br"
      ],
      "Q": 1000001,
      "A": 100000001,
      "U": 1000001,
      "M": 1000001,
      "Country": null,
      "FD": 1625814000,
      "LD": 1633071600,
      "FI": 1511132400,
      "LI": 1633071600,
      "S": 233,
      "META": null
    },
    {
      "D": "njgande.com",
      "LOS": [
        "njgande.com"
      ],
      "Q": 1000001,
      "A": 17478881,
      "U": 1000001,
      "M": 1000001,
      "Country": null,
      "FD": 1529017200,
      "LD": 1633071600,
      "FI": 1424905200,
      "LI": 1633071600,
      "S": 8137,
      "META": null
    },
    {
      "D": "norm2021.org",
      "LOS": [
        "norm2021.org"
      ],
      "Q": 1000001,
      "A": 100000001,
      "U": 1000001,
      "M": 1000001,
      "Country": null,
      "FD": 1619679600,
      "LD": 1633071600,
      "FI": 1609455600,
      "LI": 1635058800,
      "S": 14016,
      "META": null
    },
    {
      "D": "northoforlando.com",
      "LOS": [
        "northoforlando.com"
      ],
      "Q": 1000001,
      "A": 84273994,
      "U": 1000001,
      "M": 1000001,
      "Country": null,
      "FD": 1611648000,
      "LD": 1633071600,
      "FI": 1527980400,
      "LI": 1633071600,
      "S": 1164,
      "META": null
    },
    {
      "D": "nortonhealthcareprovider.com",
      "LOS": [
        "nortonhealthcareprovider.com"
      ],
      "Q": 1000001,
      "A": 21659375,
      "U": 1000001,
      "M": 1000001,
      "Country": null,
      "FD": 1632294000,
      "LD": 1635058800,
      "FI": 1514242800,
      "LI": 1635058800,
      "S": 874,
      "META": null
    },
    {
      "D": "northamericanprocess.org",
      "LOS": [
        "northamericanprocess.org"
      ],
      "Q": 1000001,
      "A": 13585629,
      "U": 1000001,
      "M": 1000001,
      "Country": null,
      "FD": 1619679600,
      "LD": 1629442800,
      "FI": 1448319600,
      "LI": 1633071600,
      "S": 808,
      "META": null
    },
    {
      "D": "novusinsure.com",
      "LOS": [
        "novusinsure.com"
      ],
      "Q": 1000001,
      "A": 100000001,
      "U": 1000001,
      "M": 1000001,
      "Country": null,
      "FD": 1598425200,
      "LD": 1633071600,
      "FI": 1587625200,
      "LI": 1633071600,
      "S": 21650,
      "META": null
    },
    {
      "D": "nsf.net.cn",
      "LOS": [
        "nsf.net.cn"
      ],
      "Q": 1000001,
      "A": 100000001,
      "U": 1000001,
      "M": 1000001,
      "Country": null,
      "FD": 1634626800,
      "LD": 1634626800,
      "FI": 1600383600,
      "LI": 1634626800,
      "S": 2433,
      "META": null
    },
    {
      "D": "nygande.com",
      "LOS": [
        "nygande.com"
      ],
      "Q": 1000001,
      "A": 26421086,
      "U": 1000001,
      "M": 1000001,
      "Country": null,
      "FD": 1529362800,
      "LD": 1633158000,
      "FI": 1447196400,
      "LI": 1633158000,
      "S": 8137,
      "META": null
    },
    {
      "D": "obxevents.org",
      "LOS": [
        "obxevents.org"
      ],
      "Q": 1000001,
      "A": 100000001,
      "U": 1000001,
      "M": 1000001,
      "Country": null,
      "FD": 1496271600,
      "LD": 1633244400,
      "FI": 1494284400,
      "LI": 1633244400,
      "S": 233,
      "META": null
    },
    {
      "D": "occasaint-etienne.com",
      "LOS": [
        "occasaint-etienne.com"
      ],
      "Q": 1000001,
      "A": 100000001,
      "U": 1000001,
      "M": 504764,
      "Country": null,
      "FD": 1632553200,
      "LD": 1635058800,
      "FI": 1600383600,
      "LI": 1635058800,
      "S": 4764,
      "META": null
    },
    {
      "D": "ocweb-team.com",
      "LOS": [
        "d9main.test.ocweb-team.com",
        "d9main.dev.ocweb-team.com"
      ],
      "Q": 1000001,
      "A": 100000001,
      "U": 1000001,
      "M": 1000001,
      "Country": null,
      "FD": 1608019200,
      "LD": 1633244400,
      "FI": 1567465200,
      "LI": 1633244400,
      "S": 799,
      "META": null
    },
    {
      "D": "ohgande.com",
      "LOS": [
        "ohgande.com"
      ],
      "Q": 1000001,
      "A": 20052955,
      "U": 1000001,
      "M": 1000001,
      "Country": null,
      "FD": 1529017200,
      "LD": 1633158000,
      "FI": 1447196400,
      "LI": 1633158000,
      "S": 8137,
      "META": null
    },
    {
      "D": "onelagoon.net",
      "LOS": [
        "irlspecies.net.onelagoon.net",
        "irlspecies.com.onelagoon.net/*"
      ],
      "Q": 1000001,
      "A": 47323245,
      "U": 1000001,
      "M": 1000001,
      "Country": null,
      "FD": 1625986800,
      "LD": 1633158000,
      "FI": 1490050800,
      "LI": 1634626800,
      "S": 3674,
      "META": null
    },
    {
      "D": "taaps.gov",
      "LOS": [
        "taaps.gov"
      ],
      "Q": 1000001,
      "A": 13745230,
      "U": 1000001,
      "M": 1000001,
      "Country": null,
      "FD": 1513033200,
      "LD": 1634367600,
      "FI": 1405296000,
      "LI": 1634367600,
      "S": 233,
      "META": null
    },
    {
      "D": "techcherry.in",
      "LOS": [
        "aarogyamhealth.techcherry.in"
      ],
      "Q": 1000001,
      "A": 17937191,
      "U": 1000001,
      "M": 1000001,
      "Country": null,
      "FD": 1622962800,
      "LD": 1634454000,
      "FI": 1379286000,
      "LI": 1634626800,
      "S": 473,
      "META": null
    },
    {
      "D": "tenzaza.com",
      "LOS": [
        "tenzaza.com"
      ],
      "Q": 1000001,
      "A": 100000001,
      "U": 1000001,
      "M": 1000001,
      "Country": null,
      "FD": 1602140400,
      "LD": 1634454000,
      "FI": 1600383600,
      "LI": 1634454000,
      "S": 808,
      "META": null
    },
    {
      "D": "terrazasanmartin.com",
      "LOS": [
        "terrazasanmartin.com"
      ],
      "Q": 1000001,
      "A": 53503223,
      "U": 1000001,
      "M": 1000001,
      "Country": null,
      "FD": 1634454000,
      "LD": 1634454000,
      "FI": 1458514800,
      "LI": 1634454000,
      "S": 1190,
      "META": null
    },
    {
      "D": "terratekpr.com",
      "LOS": [
        "terratekpr.com/*",
        "m.terratekpr.com/*"
      ],
      "Q": 1000001,
      "A": 100000001,
      "U": 1000001,
      "M": 1000001,
      "Country": null,
      "FD": 1531954800,
      "LD": 1634454000,
      "FI": 1419724800,
      "LI": 1634454000,
      "S": 1212,
      "META": null
    },
    {
      "D": "testopel.com",
      "LOS": [
        "testopel.com"
      ],
      "Q": 1000001,
      "A": 18238545,
      "U": 1000001,
      "M": 1000001,
      "Country": null,
      "FD": 1397862000,
      "LD": 1634713200,
      "FI": 1294059600,
      "LI": 1634713200,
      "S": 4600,
      "META": null
    },
    {
      "D": "thai-dog.com",
      "LOS": [
        "thai-dog.com"
      ],
      "Q": 1000001,
      "A": 100000001,
      "U": 1000001,
      "M": 1000001,
      "Country": null,
      "FD": 1602140400,
      "LD": 1627628400,
      "FI": 1568415600,
      "LI": 1634799600,
      "S": 808,
      "META": null
    },
    {
      "D": "thelakewoodranchlife.com",
      "LOS": [
        "thelakewoodranchlife.com"
      ],
      "Q": 1000001,
      "A": 100000001,
      "U": 1000001,
      "M": 1000001,
      "Country": null,
      "FD": 1631689200,
      "LD": 1631689200,
      "FI": 1626764400,
      "LI": 1634454000,
      "S": 1608,
      "META": null
    },
    {
      "D": "theodoraunikenvenema.com",
      "LOS": [
        "theodoraunikenvenema.com"
      ],
      "Q": 1000001,
      "A": 100000001,
      "U": 1000001,
      "M": 1000001,
      "Country": null,
      "FD": 1631775600,
      "LD": 1631775600,
      "FI": 1600383600,
      "LI": 1634454000,
      "S": 1311,
      "META": null
    },
    {
      "D": "thesagers.com",
      "LOS": [
        "thesagers.com"
      ],
      "Q": 1000001,
      "A": 100000001,
      "U": 1000001,
      "M": 1000001,
      "Country": null,
      "FD": 1602140400,
      "LD": 1627628400,
      "FI": 1379286000,
      "LI": 1634540400,
      "S": 808,
      "META": null
    },
    {
      "D": "thiqa.co",
      "LOS": [
        "thiqa.co"
      ],
      "Q": 1000001,
      "A": 100000001,
      "U": 1000001,
      "M": 1000001,
      "Country": null,
      "FD": 1520636400,
      "LD": 1627628400,
      "FI": 1458514800,
      "LI": 1634540400,
      "S": 19689,
      "META": null
    },
    {
      "D": "timessj.shop",
      "LOS": [
        "timessj.shop"
      ],
      "Q": 1000001,
      "A": 100000001,
      "U": 1000001,
      "M": 1000001,
      "Country": null,
      "FD": 1627714800,
      "LD": 1627714800,
      "FI": 1627714800,
      "LI": 1627714800,
      "S": 233,
      "META": null
    },
    {
      "D": "tlfilter.com",
      "LOS": [
        "tlfilter.com"
      ],
      "Q": 1000001,
      "A": 72459153,
      "U": 1000001,
      "M": 1000001,
      "Country": null,
      "FD": 1623049200,
      "LD": 1627628400,
      "FI": 1467241200,
      "LI": 1634540400,
      "S": 3428,
      "META": null
    },
    {
      "D": "todhi.site",
      "LOS": [
        "todhi.site"
      ],
      "Q": 1000001,
      "A": 100000001,
      "U": 1000001,
      "M": 1000001,
      "Country": null,
      "FD": 1626246000,
      "LD": 1634540400,
      "FI": 1624863600,
      "LI": 1634540400,
      "S": 8686,
      "META": null
    },
    {
      "D": "togdefcomp.net",
      "LOS": [
        "togdefcomp.net/*"
      ],
      "Q": 1000001,
      "A": 100000001,
      "U": 1000001,
      "M": 1000001,
      "Country": null,
      "FD": 1588374000,
      "LD": 1634626800,
      "FI": 1580803200,
      "LI": 1634626800,
      "S": 2357,
      "META": null
    },
    {
      "D": "togdefcomp.org",
      "LOS": [
        "togdefcomp.org/*"
      ],
      "Q": 1000001,
      "A": 100000001,
      "U": 1000001,
      "M": 1000001,
      "Country": null,
      "FD": 1591138800,
      "LD": 1634626800,
      "FI": 1591138800,
      "LI": 1634626800,
      "S": 2357,
      "META": null
    },
    {
      "D": "toni3.com",
      "LOS": [
        "toni3.com"
      ],
      "Q": 1000001,
      "A": 100000001,
      "U": 1000001,
      "M": 1000001,
      "Country": null,
      "FD": 1634626800,
      "LD": 1634626800,
      "FI": 1610438400,
      "LI": 1634626800,
      "S": 832,
      "META": null
    },
    {
      "D": "torrentqq127.com",
      "LOS": [
        "torrentqq127.com"
      ],
      "Q": 1000001,
      "A": 100000001,
      "U": 1000001,
      "M": 1000001,
      "Country": null,
      "FD": 1632207600,
      "LD": 1634626800,
      "FI": 1625900400,
      "LI": 1634626800,
      "S": 233,
      "META": null
    },
    {
      "D": "trafficsafetymarketing.gov",
      "LOS": [
        "trafficsafetymarketing.gov"
      ],
      "Q": 1000001,
      "A": 365728,
      "U": 1000001,
      "M": 116218,
      "Country": null,
      "FD": 1606809600,
      "LD": 1634626800,
      "FI": 1146693600,
      "LI": 1635058800,
      "S": 3933,
      "META": null
    },
    {
      "D": "treasuryscams.gov",
      "LOS": [
        "treasuryscams.gov"
      ],
      "Q": 1000001,
      "A": 7030561,
      "U": 1000001,
      "M": 1000001,
      "Country": null,
      "FD": 1362056400,
      "LD": 1634626800,
      "FI": 1362056400,
      "LI": 1634626800,
      "S": 233,
      "META": null
    },
    {
      "D": "treasuryauctions.gov",
      "LOS": [
        "treasuryauctions.gov"
      ],
      "Q": 1000001,
      "A": 13701985,
      "U": 1000001,
      "M": 1000001,
      "Country": null,
      "FD": 1513033200,
      "LD": 1634626800,
      "FI": 1389481200,
      "LI": 1634626800,
      "S": 233,
      "META": null
    },
    {
      "D": "trumbullasphalt.com",
      "LOS": [
        "trumbullasphalt.com"
      ],
      "Q": 1000001,
      "A": 34625905,
      "U": 1000001,
      "M": 1000001,
      "Country": null,
      "FD": 1496358000,
      "LD": 1634713200,
      "FI": 1417651200,
      "LI": 1634713200,
      "S": 10202,
      "META": null
    },
    {
      "D": "truthgenerate.info",
      "LOS": [
        "truthgenerate.info"
      ],
      "Q": 1000001,
      "A": 100000001,
      "U": 1000001,
      "M": 1000001,
      "Country": null,
      "FD": 1623740400,
      "LD": 1634713200,
      "FI": 1622617200,
      "LI": 1634713200,
      "S": 8686,
      "META": null
    },
    {
      "D": "tschantz.net",
      "LOS": [
        "tschantz.net"
      ],
      "Q": 1000001,
      "A": 100000001,
      "U": 1000001,
      "M": 1000001,
      "Country": null,
      "FD": 1416700800,
      "LD": 1634713200,
      "FI": 1416700800,
      "LI": 1634713200,
      "S": 233,
      "META": null
    },
    {
      "D": "tshtweb.com",
      "LOS": [
        "tshtweb.com"
      ],
      "Q": 1000001,
      "A": 85283412,
      "U": 1000001,
      "M": 1000001,
      "Country": null,
      "FD": 1632034800,
      "LD": 1632034800,
      "FI": 1389481200,
      "LI": 1634713200,
      "S": 486,
      "META": null
    },
    {
      "D": "tthkj.com",
      "LOS": [
        "tthkj.com"
      ],
      "Q": 1000001,
      "A": 66278936,
      "U": 1000001,
      "M": 1000001,
      "Country": null,
      "FD": 1599202800,
      "LD": 1627714800,
      "FI": 1467068400,
      "LI": 1634713200,
      "S": 9357,
      "META": null
    },
    {
      "D": "tulsa457.net",
      "LOS": [
        "tulsa457.net/*"
      ],
      "Q": 1000001,
      "A": 100000001,
      "U": 1000001,
      "M": 1000001,
      "Country": null,
      "FD": 1587078000,
      "LD": 1634713200,
      "FI": 1570575600,
      "LI": 1634713200,
      "S": 8307,
      "META": null
    },
    {
      "D": "tulsa457.org",
      "LOS": [
        "tulsa457.org/*"
      ],
      "Q": 1000001,
      "A": 100000001,
      "U": 1000001,
      "M": 1000001,
      "Country": null,
      "FD": 1589929200,
      "LD": 1634713200,
      "FI": 1578006000,
      "LI": 1634713200,
      "S": 2357,
      "META": null
    },
    {
      "D": "tulipgiftsonline.com",
      "LOS": [
        "app.uniswap.org.best-dex-exchange.tulipgiftsonline.com"
      ],
      "Q": 1000001,
      "A": 100000001,
      "U": 1000001,
      "M": 1000001,
      "Country": null,
      "FD": 1626764400,
      "LD": 1633244400,
      "FI": 1604476800,
      "LI": 1634713200,
      "S": 263,
      "META": null
    },
    {
      "D": "txgande.com",
      "LOS": [
        "txgande.com/*"
      ],
      "Q": 1000001,
      "A": 100000001,
      "U": 1000001,
      "M": 1000001,
      "Country": null,
      "FD": 1529017200,
      "LD": 1634713200,
      "FI": 1458514800,
      "LI": 1634713200,
      "S": 8137,
      "META": null
    },
    {
      "D": "tymlos.com",
      "LOS": [
        "tymlos.com"
      ],
      "Q": 1000001,
      "A": 13614624,
      "U": 1000001,
      "M": 1000001,
      "Country": null,
      "FD": 1512082800,
      "LD": 1634713200,
      "FI": 1493074800,
      "LI": 1634713200,
      "S": 350,
      "META": null
    },
    {
      "D": "t-bonne.xyz",
      "LOS": [
        "t-bonne.xyz"
      ],
      "Q": 1000001,
      "A": 100000001,
      "U": 1000001,
      "M": 1000001,
      "Country": null,
      "FD": 1627714800,
      "LD": 1627714800,
      "FI": 1566774000,
      "LI": 1627714800,
      "S": 233,
      "META": null
    }
  ]
}