{
  "Relationships": [
    {
      "Domain": "abbott.com",
      "Identifiers": [
        {
          "Type": "ip",
          "Value": "130.36.62.14",
          "First": 1345212000000,
          "Last": 1404914400000,
          "Matches": []
        },
        {
          "Type": "ip",
          "Value": "130.36.62.17",
          "First": 1405519200000,
          "Last": 1585459296025,
          "Matches": []
        },
        {
          "Type": "ip",
          "Value": "130.36.62.42",
          "First": 1502751600000,
          "Last": 1503356400000,
          "Matches": []
        },
        {
          "Type": "ip",
          "Value": "abbottgis.hs.llnwd.net.",
          "First": 1507590000000,
          "Last": 1519945200000,
          "Matches": []
        },
        {
          "Type": "ip",
          "Value": "69.164.14.137",
          "First": 1507590000000,
          "Last": 1519945200000,
          "Matches": []
        },
        {
          "Type": "ip",
          "Value": "184.106.27.100",
          "First": 1508281200000,
          "Last": 1586797324871,
          "Matches": []
        },
        {
          "Type": "ip",
          "Value": "69.164.39.137",
          "First": 1508281200000,
          "Last": 1518217200000,
          "Matches": []
        },
        {
          "Type": "ip",
          "Value": "117.121.251.95",
          "First": 1510614000000,
          "Last": 1510614000000,
          "Matches": []
        },
        {
          "Type": "ip",
          "Value": "178.79.206.232",
          "First": 1513033200000,
          "Last": 1514242800000,
          "Matches": []
        },
        {
          "Type": "ip",
          "Value": "178.79.250.11",
          "First": 1514847600000,
          "Last": 1517871600000,
          "Matches": []
        },
        {
          "Type": "addthis",
          "Value": "ra-576c46d5b3bf7e6d",
          "First": 1529625386028,
          "Last": 1539508279284,
          "Matches": [
            {
              "Domain": "nutritionnews.abbott",
              "First": 1473584735903,
              "Last": 1476606647592,
              "Overlap": false
            }
          ]
        },
        {
          "Type": "sitecatalyst",
          "Value": "abt-csg-90152200-us-inter",
          "First": 1529625386028,
          "Last": 1530421449021,
          "Matches": [
            {
              "Domain": "abbott.in",
              "First": 1529714525311,
              "Last": 1530202332058,
              "Overlap": true
            },
            {
              "Domain": "jobs.abbott",
              "First": 1529933254376,
              "Last": 1533719764575,
              "Overlap": true
            },
            {
              "Domain": "abbott.co.in",
              "First": 1530465787558,
              "Last": 1530910166411,
              "Overlap": false
            },
            {
              "Domain": "abbott.co.jp",
              "First": 1532693848670,
              "Last": 1623539743667,
              "Overlap": false
            },
            {
              "Domain": "abbott.co.uk",
              "First": 1580035791707,
              "Last": 1587405419412,
              "Overlap": false
            },
            {
              "Domain": "abbott.com.cn",
              "First": 1602672263066,
              "Last": 1602672263066,
              "Overlap": false
            }
          ]
        },
        {
          "Type": "ip",
          "Value": "80.63.58.114",
          "First": 1532890501156,
          "Last": 1568765618030,
          "Matches": []
        },
        {
          "Type": "ip",
          "Value": "212.20.251.81",
          "First": 1533327434396,
          "Last": 1587405419412,
          "Matches": []
        },
        {
          "Type": "ip",
          "Value": "46.4.127.237",
          "First": 1533327434396,
          "Last": 1587405419412,
          "Matches": []
        },
        {
          "Type": "ip",
          "Value": "169.255.59.27",
          "First": 1533327554980,
          "Last": 1533327554980,
          "Matches": []
        },
        {
          "Type": "ip",
          "Value": "130.36.83.18",
          "First": 1533327237609,
          "Last": 1580034568360,
          "Matches": []
        },
        {
          "Type": "ip",
          "Value": "67.199.248.12",
          "First": 1533326981840,
          "Last": 1533326981840,
          "Matches": []
        },
        {
          "Type": "ip",
          "Value": "67.199.248.13",
          "First": 1533326981840,
          "Last": 1580034144771,
          "Matches": []
        },
        {
          "Type": "ip",
          "Value": "185.98.6.98",
          "First": 1533569542933,
          "Last": 1587068528047,
          "Matches": []
        },
        {
          "Type": "ip",
          "Value": "13.107.136.9",
          "First": 1533596400000,
          "Last": 1533596400000,
          "Matches": []
        },
        {
          "Type": "ip",
          "Value": "184.106.27.77",
          "First": 1537927887079,
          "Last": 1537927887079,
          "Matches": []
        },
        {
          "Type": "ip",
          "Value": "35.172.0.134",
          "First": 1540646297240,
          "Last": 1584341858085,
          "Matches": []
        },
        {
          "Type": "ip",
          "Value": "130.36.44.206",
          "First": 1545681576488,
          "Last": 1583479908659,
          "Matches": []
        },
        {
          "Type": "ip",
          "Value": "130.36.45.5",
          "First": 1546436426661,
          "Last": 1559720508656,
          "Matches": []
        },
        {
          "Type": "ip",
          "Value": "130.36.45.212",
          "First": 1546436457039,
          "Last": 1546436457039,
          "Matches": []
        },
        {
          "Type": "ip",
          "Value": "13.58.148.35",
          "First": 1546435125180,
          "Last": 1587405670184,
          "Matches": []
        },
        {
          "Type": "ip",
          "Value": "160.153.45.65",
          "First": 1551553376967,
          "Last": 1561908054796,
          "Matches": []
        },
        {
          "Type": "ip",
          "Value": "169.255.59.11",
          "First": 1555273486254,
          "Last": 1555273486254,
          "Matches": []
        },
        {
          "Type": "ip",
          "Value": "195.184.96.16",
          "First": 1559720508656,
          "Last": 1568765618030,
          "Matches": []
        },
        {
          "Type": "ip",
          "Value": "184.168.131.241",
          "First": 1564495688022,
          "Last": 1584169014819,
          "Matches": []
        },
        {
          "Type": "google-tag-manager",
          "Value": "DC-9433032",
          "First": 1568446341679,
          "Last": 1612887436227,
          "Matches": []
        },
        {
          "Type": "ip",
          "Value": "217.19.237.54",
          "First": 1586728046953,
          "Last": 1587405419412,
          "Matches": []
        },
        {
          "Type": "ip",
          "Value": "3.135.252.10",
          "First": 1588296230255,
          "Last": 1612887436227,
          "Matches": []
        },
        {
          "Type": "ip",
          "Value": "99.84.178.129",
          "First": 1614153600000,
          "Last": 1614326400000,
          "Matches": []
        },
        {
          "Type": "ip",
          "Value": "99.84.178.111",
          "First": 1614153600000,
          "Last": 1614240000000,
          "Matches": []
        },
        {
          "Type": "ip",
          "Value": "99.84.178.18",
          "First": 1614153600000,
          "Last": 1614326400000,
          "Matches": []
        },
        {
          "Type": "ip",
          "Value": "99.84.181.40",
          "First": 1614672000000,
          "Last": 1615190400000,
          "Matches": []
        },
        {
          "Type": "ip",
          "Value": "99.84.176.106",
          "First": 1614758400000,
          "Last": 1614844800000,
          "Matches": []
        },
        {
          "Type": "ip",
          "Value": "99.84.176.39",
          "First": 1614931200000,
          "Last": 1614931200000,
          "Matches": []
        },
        {
          "Type": "ip",
          "Value": "99.86.186.5",
          "First": 1614672000000,
          "Last": 1614758400000,
          "Matches": []
        },
        {
          "Type": "ip",
          "Value": "99.84.191.72",
          "First": 1610784000000,
          "Last": 1611561600000,
          "Matches": []
        },
        {
          "Type": "ip",
          "Value": "52.85.132.67",
          "First": 1614153600000,
          "Last": 1615190400000,
          "Matches": []
        },
        {
          "Type": "ip",
          "Value": "99.84.181.79",
          "First": 1614672000000,
          "Last": 1615190400000,
          "Matches": []
        },
        {
          "Type": "ip",
          "Value": "99.84.191.93",
          "First": 1611043200000,
          "Last": 1611820800000,
          "Matches": []
        },
        {
          "Type": "ip",
          "Value": "54.239.152.125",
          "First": 1610870400000,
          "Last": 1611561600000,
          "Matches": []
        },
        {
          "Type": "ip",
          "Value": "99.84.191.45",
          "First": 1610956800000,
          "Last": 1611734400000,
          "Matches": []
        },
        {
          "Type": "ip",
          "Value": "99.84.191.23",
          "First": 1611043200000,
          "Last": 1611302400000,
          "Matches": []
        },
        {
          "Type": "ip",
          "Value": "54.239.152.39",
          "First": 1611388800000,
          "Last": 1611388800000,
          "Matches": []
        },
        {
          "Type": "ip",
          "Value": "52.85.132.44",
          "First": 1611734400000,
          "Last": 1614153600000,
          "Matches": []
        },
        {
          "Type": "ip",
          "Value": "99.84.178.51",
          "First": 1614153600000,
          "Last": 1614585600000,
          "Matches": []
        },
        {
          "Type": "ip",
          "Value": "52.85.132.9",
          "First": 1614153600000,
          "Last": 1615190400000,
          "Matches": []
        },
        {
          "Type": "ip",
          "Value": "52.85.132.72",
          "First": 1614153600000,
          "Last": 1615190400000,
          "Matches": []
        },
        {
          "Type": "ip",
          "Value": "99.86.230.73",
          "First": 1614499200000,
          "Last": 1614499200000,
          "Matches": []
        },
        {
          "Type": "ip",
          "Value": "99.86.186.95",
          "First": 1614672000000,
          "Last": 1614672000000,
          "Matches": []
        },
        {
          "Type": "ip",
          "Value": "99.84.181.13",
          "First": 1615190400000,
          "Last": 1615190400000,
          "Matches": []
        },
        {
          "Type": "ip",
          "Value": "76.223.40.250",
          "First": 1628079756173,
          "Last": 1628079756173,
          "Matches": []
        },
        {
          "Type": "google-tag-manager",
          "Value": "AW-943564177",
          "First": 1628079756173,
          "Last": 1628079756173,
          "Matches": []
        },
        {
          "Type": "ip",
          "Value": "13.248.172.93",
          "First": 1635106834180,
          "Last": 1635106834180,
          "Matches": []
        }
      ]
    }
  ],
  "Errors": []
}