{
  "NextOffset": "END",
  "Results": [
    {
      "D": "tamuct.edu",
      "LOS": [
        "cas.tamuct.edu"
      ],
      "Q": 84540,
      "A": 1585321,
      "U": 1000001,
      "M": 331632,
      "Country": null,
      "FD": 1531436400,
      "LD": 1633244400,
      "FI": 1377817200,
      "LI": 1635058800,
      "S": 1201,
      "META": null
    },
    {
      "D": "borderlinx.com",
      "LOS": [
        "solutions.borderlinx.com"
      ],
      "Q": 93709,
      "A": 340251,
      "U": 1000001,
      "M": 204712,
      "Country": null,
      "FD": 1389567600,
      "LD": 1633244400,
      "FI": 1301839200,
      "LI": 1635145200,
      "S": 2854,
      "META": null
    },
    {
      "D": "canon-asia.com",
      "LOS": [
        "ews.canon-asia.com"
      ],
      "Q": 108703,
      "A": 322503,
      "U": 307121,
      "M": 52625,
      "Country": null,
      "FD": 1605600000,
      "LD": 1633244400,
      "FI": 1320584400,
      "LI": 1635058800,
      "S": 537,
      "META": null
    },
    {
      "D": "clicks.co.za",
      "LOS": [
        "clicks.co.za"
      ],
      "Q": 123899,
      "A": 1011110,
      "U": 247142,
      "M": 158341,
      "Country": null,
      "FD": 1467068400,
      "LD": 1633244400,
      "FI": 1315749600,
      "LI": 1635058800,
      "S": 5359,
      "META": null
    },
    {
      "D": "nedbank.co.za",
      "LOS": [
        "applyonline.nedbank.co.za"
      ],
      "Q": 176463,
      "A": 30360,
      "U": 47099,
      "M": 81330,
      "Country": null,
      "FD": 1538694000,
      "LD": 1634626800,
      "FI": 1294059600,
      "LI": 1635058800,
      "S": 14600,
      "META": null
    },
    {
      "D": "nwu.ac.za",
      "LOS": [
        "one.nwu.ac.za"
      ],
      "Q": 231928,
      "A": 305908,
      "U": 171861,
      "M": 52246,
      "Country": null,
      "FD": 1531436400,
      "LD": 1633244400,
      "FI": 1320584400,
      "LI": 1635145200,
      "S": 7999,
      "META": null
    },
    {
      "D": "boq.com.au",
      "LOS": [
        "devts1.boq.com.au",
        "uatts1.boq.com.au",
        "itdts1.boq.com.au"
      ],
      "Q": 266416,
      "A": 484569,
      "U": 1000001,
      "M": 119713,
      "Country": null,
      "FD": 1541199600,
      "LD": 1633244400,
      "FI": 1315749600,
      "LI": 1635058800,
      "S": 21706,
      "META": null
    },
    {
      "D": "tritech.com",
      "LOS": [
        "online3.tritech.com",
        "online.tritech.com"
      ],
      "Q": 316248,
      "A": 697689,
      "U": 177278,
      "M": 1000001,
      "Country": null,
      "FD": 1538694000,
      "LD": 1634540400,
      "FI": 1352984400,
      "LI": 1635058800,
      "S": 233,
      "META": null
    },
    {
      "D": "nrgnetworks.com",
      "LOS": [
        "vpn.nrgnetworks.com"
      ],
      "Q": 443702,
      "A": 48171974,
      "U": 1000001,
      "M": 1000001,
      "Country": null,
      "FD": 1531436400,
      "LD": 1635145200,
      "FI": 1362056400,
      "LI": 1635145200,
      "S": 1133,
      "META": null
    },
    {
      "D": "cuemath.com",
      "LOS": [
        "centers.cuemath.com"
      ],
      "Q": 469149,
      "A": 395675,
      "U": 58360,
      "M": 141518,
      "Country": null,
      "FD": 1584226800,
      "LD": 1635145200,
      "FI": 1362056400,
      "LI": 1635145200,
      "S": 1826,
      "META": null
    },
    {
      "D": "bank.sbi",
      "LOS": [
        "branch-atm-locator.bank.sbi"
      ],
      "Q": 488611,
      "A": 554672,
      "U": 1000001,
      "M": 103978,
      "Country": null,
      "FD": 1567465200,
      "LD": 1635145200,
      "FI": 1488236400,
      "LI": 1635145200,
      "S": 167,
      "META": null
    },
    {
      "D": "calicocloud.co.za",
      "LOS": [
        "calicocloud.co.za"
      ],
      "Q": 553678,
      "A": 62079046,
      "U": 1000001,
      "M": 1000001,
      "Country": null,
      "FD": 1580079600,
      "LD": 1633244400,
      "FI": 1511823600,
      "LI": 1635145200,
      "S": 53,
      "META": null
    },
    {
      "D": "cncbinternational.com",
      "LOS": [
        "i-learning.cncbinternational.com"
      ],
      "Q": 559223,
      "A": 2912900,
      "U": 1000001,
      "M": 331817,
      "Country": null,
      "FD": 1555542000,
      "LD": 1635145200,
      "FI": 1354798800,
      "LI": 1635145200,
      "S": 370,
      "META": null
    },
    {
      "D": "kaya.in",
      "LOS": [
        "clinics.kaya.in"
      ],
      "Q": 567934,
      "A": 11329761,
      "U": 1000001,
      "M": 587808,
      "Country": null,
      "FD": 1531436400,
      "LD": 1635145200,
      "FI": 1434841200,
      "LI": 1635145200,
      "S": 1468,
      "META": null
    },
    {
      "D": "kfc.co.za",
      "LOS": [
        "signflow.kfc.co.za"
      ],
      "Q": 576222,
      "A": 726254,
      "U": 1000001,
      "M": 544566,
      "Country": null,
      "FD": 1562108400,
      "LD": 1633244400,
      "FI": 1011740400,
      "LI": 1635145200,
      "S": 6203,
      "META": null
    },
    {
      "D": "keyedinsign.com",
      "LOS": [
        "keyedinsign.com"
      ],
      "Q": 638038,
      "A": 60787256,
      "U": 1000001,
      "M": 1000001,
      "Country": null,
      "FD": 1591830000,
      "LD": 1635145200,
      "FI": 1518217200,
      "LI": 1635145200,
      "S": 27,
      "META": null
    },
    {
      "D": "cosway.com.my",
      "LOS": [
        "shop.cosway.com.my",
        "member.cosway.com.my"
      ],
      "Q": 827630,
      "A": 7558171,
      "U": 1000001,
      "M": 425631,
      "Country": null,
      "FD": 1631170800,
      "LD": 1635231600,
      "FI": 1320584400,
      "LI": 1635231600,
      "S": 0,
      "META": null
    },
    {
      "D": "busiacounty.go.ke",
      "LOS": [
        "citizen.busiacounty.go.ke",
        "county-pro.busiacounty.go.ke"
      ],
      "Q": 915080,
      "A": 5681146,
      "U": 1000001,
      "M": 1000001,
      "Country": null,
      "FD": 1531436400,
      "LD": 1635231600,
      "FI": 1389481200,
      "LI": 1635231600,
      "S": 103,
      "META": null
    },
    {
      "D": "bm.tc",
      "LOS": [
        "bm.tc"
      ],
      "Q": 1000001,
      "A": 100000001,
      "U": 1000001,
      "M": 1000001,
      "Country": null,
      "FD": 1597734000,
      "LD": 1634626800,
      "FI": 1597734000,
      "LI": 1635231600,
      "S": 0,
      "META": null
    },
    {
      "D": "24workspace.nl",
      "LOS": [
        "portal.24workspace.nl"
      ],
      "Q": 1000001,
      "A": 100000001,
      "U": 1000001,
      "M": 1000001,
      "Country": null,
      "FD": 1603494000,
      "LD": 1633244400,
      "FI": 1589410800,
      "LI": 1633244400,
      "S": 0,
      "META": null
    },
    {
      "D": "4aregistry.net",
      "LOS": [
        "4aregistry.net"
      ],
      "Q": 1000001,
      "A": 74664636,
      "U": 1000001,
      "M": 1000001,
      "Country": null,
      "FD": 1496271600,
      "LD": 1634799600,
      "FI": 1496271600,
      "LI": 1634799600,
      "S": 567,
      "META": null
    },
    {
      "D": "bbh-platform.com",
      "LOS": [
        "bbh-platform.com"
      ],
      "Q": 1000001,
      "A": 100000001,
      "U": 1000001,
      "M": 1000001,
      "Country": null,
      "FD": 1563404400,
      "LD": 1634540400,
      "FI": 1563404400,
      "LI": 1635058800,
      "S": 0,
      "META": null
    },
    {
      "D": "bdc.dk",
      "LOS": [
        "ams1.bdc.dk",
        "otis-ps.bdc.dk"
      ],
      "Q": 1000001,
      "A": 100000001,
      "U": 1000001,
      "M": 1000001,
      "Country": null,
      "FD": 1531436400,
      "LD": 1633244400,
      "FI": 1458514800,
      "LI": 1633244400,
      "S": 0,
      "META": null
    },
    {
      "D": "bestrankedproducts.com",
      "LOS": [
        "shop.bestrankedproducts.com"
      ],
      "Q": 1000001,
      "A": 9633832,
      "U": 1000001,
      "M": 1000001,
      "Country": null,
      "FD": 1633244400,
      "LD": 1633244400,
      "FI": 1419462000,
      "LI": 1635058800,
      "S": 0,
      "META": null
    },
    {
      "D": "bhfglobal.com",
      "LOS": [
        "pcns.bhfglobal.com"
      ],
      "Q": 1000001,
      "A": 2144864,
      "U": 1000001,
      "M": 1000001,
      "Country": null,
      "FD": 1533337200,
      "LD": 1633244400,
      "FI": 1011567600,
      "LI": 1635058800,
      "S": 598,
      "META": null
    },
    {
      "D": "biztech.com.au",
      "LOS": [
        "micropay.biztech.com.au"
      ],
      "Q": 1000001,
      "A": 31213126,
      "U": 1000001,
      "M": 1000001,
      "Country": null,
      "FD": 1603494000,
      "LD": 1633244400,
      "FI": 951897600,
      "LI": 1634367600,
      "S": 361,
      "META": null
    },
    {
      "D": "blaazar.com",
      "LOS": [
        "blaazar.com"
      ],
      "Q": 1000001,
      "A": 100000001,
      "U": 1000001,
      "M": 1000001,
      "Country": null,
      "FD": 1422399600,
      "LD": 1629010800,
      "FI": 1422399600,
      "LI": 1629010800,
      "S": 0,
      "META": null
    },
    {
      "D": "blessedcrew.org",
      "LOS": [
        "sales.blessedcrew.org"
      ],
      "Q": 1000001,
      "A": 100000001,
      "U": 1000001,
      "M": 1000001,
      "Country": null,
      "FD": 1618902000,
      "LD": 1634626800,
      "FI": 1583190000,
      "LI": 1634626800,
      "S": 0,
      "META": null
    },
    {
      "D": "borggroningen.nl",
      "LOS": [
        "selfservice.borggroningen.nl",
        "uren.borggroningen.nl",
        "identitybroker.borggroningen.nl"
      ],
      "Q": 1000001,
      "A": 100000001,
      "U": 1000001,
      "M": 1000001,
      "Country": null,
      "FD": 1531436400,
      "LD": 1633244400,
      "FI": 1488582000,
      "LI": 1633244400,
      "S": 0,
      "META": null
    },
    {
      "D": "bosconetball.com.au",
      "LOS": [
        "bosconetball.com.au"
      ],
      "Q": 1000001,
      "A": 55398330,
      "U": 1000001,
      "M": 1000001,
      "Country": null,
      "FD": 1515625200,
      "LD": 1629010800,
      "FI": 1216796400,
      "LI": 1630047600,
      "S": 233,
      "META": null
    },
    {
      "D": "breathoflifefoundation-phil.org",
      "LOS": [
        "www-staging.breathoflifefoundation-phil.org"
      ],
      "Q": 1000001,
      "A": 21845181,
      "U": 1000001,
      "M": 1000001,
      "Country": null,
      "FD": 1588460400,
      "LD": 1633244400,
      "FI": 1588460400,
      "LI": 1633244400,
      "S": 0,
      "META": null
    },
    {
      "D": "brimbankrugby.com.au",
      "LOS": [
        "brimbankrugby.com.au"
      ],
      "Q": 1000001,
      "A": 48215930,
      "U": 1000001,
      "M": 1000001,
      "Country": null,
      "FD": 1496271600,
      "LD": 1629097200,
      "FI": 1496271600,
      "LI": 1629097200,
      "S": 0,
      "META": null
    },
    {
      "D": "brookside.co.ke",
      "LOS": [
        "sales.brookside.co.ke"
      ],
      "Q": 1000001,
      "A": 8084783,
      "U": 1000001,
      "M": 1000001,
      "Country": null,
      "FD": 1531436400,
      "LD": 1633244400,
      "FI": 1379286000,
      "LI": 1633244400,
      "S": 0,
      "META": null
    },
    {
      "D": "brookside.co.ug",
      "LOS": [
        "sales.brookside.co.ug"
      ],
      "Q": 1000001,
      "A": 100000001,
      "U": 1000001,
      "M": 1000001,
      "Country": null,
      "FD": 1618902000,
      "LD": 1633244400,
      "FI": 1556838000,
      "LI": 1633244400,
      "S": 0,
      "META": null
    },
    {
      "D": "brooksjeffrey.us",
      "LOS": [
        "brooksjeffrey.us"
      ],
      "Q": 1000001,
      "A": 21309311,
      "U": 1000001,
      "M": 1000001,
      "Country": null,
      "FD": 1514674800,
      "LD": 1633244400,
      "FI": 1514674800,
      "LI": 1633244400,
      "S": 0,
      "META": null
    },
    {
      "D": "burgerking.in",
      "LOS": [
        "burgerking.in"
      ],
      "Q": 1000001,
      "A": 21676462,
      "U": 1000001,
      "M": 1000001,
      "Country": null,
      "FD": 1572994800,
      "LD": 1633244400,
      "FI": 1447196400,
      "LI": 1635058800,
      "S": 816,
      "META": null
    },
    {
      "D": "cavigroup.co.za",
      "LOS": [
        "autodiscover.cavigroup.co.za"
      ],
      "Q": 1000001,
      "A": 100000001,
      "U": 1000001,
      "M": 1000001,
      "Country": null,
      "FD": 1603494000,
      "LD": 1633244400,
      "FI": 1530572400,
      "LI": 1633244400,
      "S": 0,
      "META": null
    },
    {
      "D": "ccecons.net",
      "LOS": [
        "ccecons.net"
      ],
      "Q": 1000001,
      "A": 100000001,
      "U": 1000001,
      "M": 1000001,
      "Country": null,
      "FD": 1479250800,
      "LD": 1634540400,
      "FI": 1469919600,
      "LI": 1635058800,
      "S": 0,
      "META": null
    },
    {
      "D": "centricwealth.com.au",
      "LOS": [
        "adviser.centricwealth.com.au",
        "login.centricwealth.com.au",
        "platform.centricwealth.com.au"
      ],
      "Q": 1000001,
      "A": 21451912,
      "U": 1000001,
      "M": 1000001,
      "Country": null,
      "FD": 1619334000,
      "LD": 1633244400,
      "FI": 1141286400,
      "LI": 1635145200,
      "S": 1443,
      "META": null
    },
    {
      "D": "cgmsa.co.za",
      "LOS": [
        "cgmsa.co.za"
      ],
      "Q": 1000001,
      "A": 27080029,
      "U": 1000001,
      "M": 1000001,
      "Country": null,
      "FD": 1527807600,
      "LD": 1633244400,
      "FI": 1159254000,
      "LI": 1635231600,
      "S": 119,
      "META": null
    },
    {
      "D": "cip108.com",
      "LOS": [
        "cip108.com"
      ],
      "Q": 1000001,
      "A": 100000001,
      "U": 1000001,
      "M": 1000001,
      "Country": null,
      "FD": 1389481200,
      "LD": 1634799600,
      "FI": 1389481200,
      "LI": 1635058800,
      "S": 0,
      "META": null
    },
    {
      "D": "cisco-ccs.com",
      "LOS": [
        "s2.eu4.servicegrid.cisco-ccs.com",
        "s1.eu4.servicegrid.cisco-ccs.com",
        "d1-s0.eu4.servicegrid.cisco-ccs.com",
        "d1-s1.eu4.servicegrid.cisco-ccs.com",
        "d2-s0.eu4.servicegrid.cisco-ccs.com",
        "mobile.eu4.servicegrid.cisco-ccs.com",
        "archive.eu4.servicegrid.cisco-ccs.com",
        "wiki.eu4.servicegrid.cisco-ccs.com",
        "sftp.eu4.servicegrid.cisco-ccs.com",
        "smtp.eu4.servicegrid.cisco-ccs.com",
        "s3.eu4.servicegrid.cisco-ccs.com",
        "ftp.eu4.servicegrid.cisco-ccs.com",
        "eu4.servicegrid.cisco-ccs.com",
        "d4.eu4.servicegrid.cisco-ccs.com",
        "ws.eu4.servicegrid.cisco-ccs.com",
        "as.eu4.servicegrid.cisco-ccs.com"
      ],
      "Q": 1000001,
      "A": 100000001,
      "U": 1000001,
      "M": 1000001,
      "Country": null,
      "FD": 1570057200,
      "LD": 1633244400,
      "FI": 1512342000,
      "LI": 1633244400,
      "S": 0,
      "META": null
    },
    {
      "D": "citb.org.au",
      "LOS": [
        "bcp.citb.org.au"
      ],
      "Q": 1000001,
      "A": 17596319,
      "U": 1000001,
      "M": 1000001,
      "Country": null,
      "FD": 1531436400,
      "LD": 1633244400,
      "FI": 1044259200,
      "LI": 1635058800,
      "S": 459,
      "META": null
    },
    {
      "D": "citysuite.dev",
      "LOS": [
        "nextdocker.citysuite.dev",
        "mobile.nextdocker.citysuite.dev",
        "graylogs.nextdocker.citysuite.dev"
      ],
      "Q": 1000001,
      "A": 100000001,
      "U": 1000001,
      "M": 1000001,
      "Country": null,
      "FD": 1592434800,
      "LD": 1633244400,
      "FI": 1570057200,
      "LI": 1633244400,
      "S": 0,
      "META": null
    },
    {
      "D": "cloud-vpn.net",
      "LOS": [
        "cloud-vpn.net"
      ],
      "Q": 1000001,
      "A": 100000001,
      "U": 1000001,
      "M": 1000001,
      "Country": null,
      "FD": 1599087600,
      "LD": 1634799600,
      "FI": 1294268400,
      "LI": 1634799600,
      "S": 161,
      "META": null
    },
    {
      "D": "componentsdirect.com",
      "LOS": [
        "componentsdirect.com"
      ],
      "Q": 1000001,
      "A": 19264504,
      "U": 1000001,
      "M": 1000001,
      "Country": null,
      "FD": 1409443200,
      "LD": 1634799600,
      "FI": 1320584400,
      "LI": 1634799600,
      "S": 1333,
      "META": null
    },
    {
      "D": "computeroptions.net",
      "LOS": [
        "computeroptions.net"
      ],
      "Q": 1000001,
      "A": 16568146,
      "U": 1000001,
      "M": 1000001,
      "Country": null,
      "FD": 1467241200,
      "LD": 1634540400,
      "FI": 1073116800,
      "LI": 1635058800,
      "S": 560,
      "META": null
    },
    {
      "D": "consiliumsec.co.za",
      "LOS": [
        "ecube.consiliumsec.co.za"
      ],
      "Q": 1000001,
      "A": 88565050,
      "U": 1000001,
      "M": 1000001,
      "Country": null,
      "FD": 1568156400,
      "LD": 1633244400,
      "FI": 1458514800,
      "LI": 1633244400,
      "S": 567,
      "META": null
    },
    {
      "D": "connectedconservation.foundation",
      "LOS": [
        "preview.uat.connectedconservation.foundation",
        "uat.connectedconservation.foundation"
      ],
      "Q": 1000001,
      "A": 100000001,
      "U": 1000001,
      "M": 1000001,
      "Country": null,
      "FD": 1600239600,
      "LD": 1633244400,
      "FI": 1556838000,
      "LI": 1633244400,
      "S": 21667,
      "META": null
    },
    {
      "D": "corventis.com",
      "LOS": [
        "login.corventis.com"
      ],
      "Q": 1000001,
      "A": 106668,
      "U": 1000001,
      "M": 1000001,
      "Country": null,
      "FD": 1531436400,
      "LD": 1633244400,
      "FI": 1080201600,
      "LI": 1634799600,
      "S": 103,
      "META": null
    },
    {
      "D": "cordless-lithium-ion.com",
      "LOS": [
        "cordless-lithium-ion.com"
      ],
      "Q": 1000001,
      "A": 100000001,
      "U": 1000001,
      "M": 1000001,
      "Country": null,
      "FD": 1479250800,
      "LD": 1634799600,
      "FI": 1479250800,
      "LI": 1635058800,
      "S": 0,
      "META": null
    },
    {
      "D": "crm-warehouse.be",
      "LOS": [
        "crm-warehouse.be"
      ],
      "Q": 1000001,
      "A": 28275351,
      "U": 1000001,
      "M": 1000001,
      "Country": null,
      "FD": 1467241200,
      "LD": 1629874800,
      "FI": 1249369200,
      "LI": 1632466800,
      "S": 117,
      "META": null
    },
    {
      "D": "crm-warehouse.eu",
      "LOS": [
        "crm-warehouse.eu"
      ],
      "Q": 1000001,
      "A": 100000001,
      "U": 1000001,
      "M": 1000001,
      "Country": null,
      "FD": 1467241200,
      "LD": 1629874800,
      "FI": 1389481200,
      "LI": 1629874800,
      "S": 0,
      "META": null
    },
    {
      "D": "culturaldetective.com",
      "LOS": [
        "securedocs.culturaldetective.com"
      ],
      "Q": 1000001,
      "A": 1256236,
      "U": 1000001,
      "M": 1000001,
      "Country": null,
      "FD": 1567465200,
      "LD": 1633244400,
      "FI": 1067500800,
      "LI": 1633244400,
      "S": 165,
      "META": null
    },
    {
      "D": "cuttingedge.software",
      "LOS": [
        "cuttingedge.software"
      ],
      "Q": 1000001,
      "A": 100000001,
      "U": 1000001,
      "M": 1000001,
      "Country": null,
      "FD": 1566774000,
      "LD": 1629961200,
      "FI": 1566774000,
      "LI": 1632466800,
      "S": 0,
      "META": null
    },
    {
      "D": "kansaimalaysia.com",
      "LOS": [
        "sts.kansaimalaysia.com"
      ],
      "Q": 1000001,
      "A": 26871072,
      "U": 1000001,
      "M": 1000001,
      "Country": null,
      "FD": 1633244400,
      "LD": 1633244400,
      "FI": 1389481200,
      "LI": 1634626800,
      "S": 0,
      "META": null
    },
    {
      "D": "kansaipaint.com.my",
      "LOS": [
        "sts.kansaipaint.com.my"
      ],
      "Q": 1000001,
      "A": 100000001,
      "U": 1000001,
      "M": 1000001,
      "Country": null,
      "FD": 1633244400,
      "LD": 1633244400,
      "FI": 1467241200,
      "LI": 1635058800,
      "S": 0,
      "META": null
    },
    {
      "D": "kap.co.za",
      "LOS": [
        "webmail.kap.co.za"
      ],
      "Q": 1000001,
      "A": 3312067,
      "U": 221498,
      "M": 1000001,
      "Country": null,
      "FD": 1531436400,
      "LD": 1634540400,
      "FI": 1166774400,
      "LI": 1635058800,
      "S": 964,
      "META": null
    },
    {
      "D": "kareernetwork.com",
      "LOS": [
        "kareernetwork.com"
      ],
      "Q": 1000001,
      "A": 72031433,
      "U": 1000001,
      "M": 1000001,
      "Country": null,
      "FD": 1467241200,
      "LD": 1632034800,
      "FI": 1422399600,
      "LI": 1633244400,
      "S": 1465,
      "META": null
    },
    {
      "D": "keyedinkonfigure.com",
      "LOS": [
        "keyedinkonfigure.com"
      ],
      "Q": 1000001,
      "A": 100000001,
      "U": 1000001,
      "M": 1000001,
      "Country": null,
      "FD": 1467241200,
      "LD": 1632121200,
      "FI": 1422399600,
      "LI": 1632466800,
      "S": 0,
      "META": null
    },
    {
      "D": "kijkoperatie.info",
      "LOS": [
        "kijkoperatie.info"
      ],
      "Q": 1000001,
      "A": 100000001,
      "U": 1000001,
      "M": 1000001,
      "Country": null,
      "FD": 1400454000,
      "LD": 1632121200,
      "FI": 1362056400,
      "LI": 1632466800,
      "S": 14,
      "META": null
    },
    {
      "D": "kincumbernetballclub.com.au",
      "LOS": [
        "kincumbernetballclub.com.au"
      ],
      "Q": 1000001,
      "A": 100000001,
      "U": 1000001,
      "M": 1000001,
      "Country": null,
      "FD": 1482879600,
      "LD": 1632121200,
      "FI": 1379286000,
      "LI": 1632121200,
      "S": 233,
      "META": null
    },
    {
      "D": "konfiguredev.com",
      "LOS": [
        "konfiguredev.com"
      ],
      "Q": 1000001,
      "A": 100000001,
      "U": 1000001,
      "M": 1000001,
      "Country": null,
      "FD": 1467241200,
      "LD": 1635058800,
      "FI": 1458601200,
      "LI": 1635058800,
      "S": 0,
      "META": null
    },
    {
      "D": "kota-deltamas.com",
      "LOS": [
        "kota-deltamas.com"
      ],
      "Q": 1000001,
      "A": 1082363,
      "U": 1000001,
      "M": 1000001,
      "Country": null,
      "FD": 1596006000,
      "LD": 1634799600,
      "FI": 1438383600,
      "LI": 1634799600,
      "S": 0,
      "META": null
    },
    {
      "D": "n2nb2b.com",
      "LOS": [
        "n2nb2b.com"
      ],
      "Q": 1000001,
      "A": 57116184,
      "U": 1000001,
      "M": 1000001,
      "Country": null,
      "FD": 1507158000,
      "LD": 1634626800,
      "FI": 1422313200,
      "LI": 1634626800,
      "S": 0,
      "META": null
    },
    {
      "D": "naikford.com",
      "LOS": [
        "naikford.com"
      ],
      "Q": 1000001,
      "A": 37974594,
      "U": 1000001,
      "M": 1000001,
      "Country": null,
      "FD": 1583276400,
      "LD": 1632985200,
      "FI": 1566774000,
      "LI": 1632985200,
      "S": 80,
      "META": null
    },
    {
      "D": "nationalgridmarketplacestudy.com",
      "LOS": [
        "nationalgridmarketplacestudy.com"
      ],
      "Q": 1000001,
      "A": 100000001,
      "U": 1000001,
      "M": 1000001,
      "Country": null,
      "FD": 1551567600,
      "LD": 1632985200,
      "FI": 1549148400,
      "LI": 1632985200,
      "S": 6,
      "META": null
    },
    {
      "D": "navapark.id",
      "LOS": [
        "navapark.id"
      ],
      "Q": 1000001,
      "A": 58152594,
      "U": 1000001,
      "M": 1000001,
      "Country": null,
      "FD": 1632985200,
      "LD": 1632985200,
      "FI": 1467241200,
      "LI": 1632985200,
      "S": 0,
      "META": null
    },
    {
      "D": "nchashousingauthority.com",
      "LOS": [
        "nchashousingauthority.com"
      ],
      "Q": 1000001,
      "A": 26306738,
      "U": 1000001,
      "M": 1000001,
      "Country": null,
      "FD": 1583276400,
      "LD": 1633071600,
      "FI": 1294059600,
      "LI": 1633071600,
      "S": 0,
      "META": null
    },
    {
      "D": "netpractice.co.za",
      "LOS": [
        "secure.netpractice.co.za"
      ],
      "Q": 1000001,
      "A": 47251463,
      "U": 1000001,
      "M": 1000001,
      "Country": null,
      "FD": 1581030000,
      "LD": 1633244400,
      "FI": 1389481200,
      "LI": 1633244400,
      "S": 126,
      "META": null
    },
    {
      "D": "netps.com.au",
      "LOS": [
        "netps.com.au"
      ],
      "Q": 1000001,
      "A": 69208633,
      "U": 1000001,
      "M": 1000001,
      "Country": null,
      "FD": 1488322800,
      "LD": 1633071600,
      "FI": 1488322800,
      "LI": 1633071600,
      "S": 0,
      "META": null
    },
    {
      "D": "neutrino.com.au",
      "LOS": [
        "medone.neutrino.com.au"
      ],
      "Q": 1000001,
      "A": 100000001,
      "U": 1000001,
      "M": 1000001,
      "Country": null,
      "FD": 1531436400,
      "LD": 1633244400,
      "FI": 1488409200,
      "LI": 1633244400,
      "S": 0,
      "META": null
    },
    {
      "D": "newaysmicroelectronics.eu",
      "LOS": [
        "newaysmicroelectronics.eu"
      ],
      "Q": 1000001,
      "A": 100000001,
      "U": 1000001,
      "M": 1000001,
      "Country": null,
      "FD": 1479250800,
      "LD": 1633071600,
      "FI": 1479250800,
      "LI": 1633071600,
      "S": 0,
      "META": null
    },
    {
      "D": "newsstand.co.za",
      "LOS": [
        "newsstand.co.za"
      ],
      "Q": 1000001,
      "A": 28019596,
      "U": 1000001,
      "M": 1000001,
      "Country": null,
      "FD": 1575327600,
      "LD": 1633071600,
      "FI": 1575327600,
      "LI": 1633244400,
      "S": 252,
      "META": null
    },
    {
      "D": "newsetc.co.za",
      "LOS": [
        "newsetc.co.za"
      ],
      "Q": 1000001,
      "A": 100000001,
      "U": 1000001,
      "M": 1000001,
      "Country": null,
      "FD": 1600239600,
      "LD": 1633244400,
      "FI": 1600239600,
      "LI": 1633244400,
      "S": 0,
      "META": null
    },
    {
      "D": "nikesku.com",
      "LOS": [
        "nikesku.com"
      ],
      "Q": 1000001,
      "A": 53748658,
      "U": 1000001,
      "M": 1000001,
      "Country": null,
      "FD": 1467068400,
      "LD": 1635058800,
      "FI": 1389481200,
      "LI": 1635058800,
      "S": 0,
      "META": null
    },
    {
      "D": "noidaford.com",
      "LOS": [
        "noidaford.com"
      ],
      "Q": 1000001,
      "A": 18914541,
      "U": 1000001,
      "M": 1000001,
      "Country": null,
      "FD": 1509836400,
      "LD": 1633071600,
      "FI": 1362056400,
      "LI": 1633071600,
      "S": 53,
      "META": null
    },
    {
      "D": "nsite.com",
      "LOS": [
        "sysmail.nsite.com"
      ],
      "Q": 1000001,
      "A": 100000001,
      "U": 1000001,
      "M": 1000001,
      "Country": null,
      "FD": 1611648000,
      "LD": 1633244400,
      "FI": 1606431600,
      "LI": 1633244400,
      "S": 0,
      "META": null
    },
    {
      "D": "nttamerica.com",
      "LOS": [
        "us.cloud.nttamerica.com",
        "eucloudadmin.nttamerica.com",
        "eucloudapi.nttamerica.com"
      ],
      "Q": 1000001,
      "A": 298883,
      "U": 1000001,
      "M": 1000001,
      "Country": null,
      "FD": 1538694000,
      "LD": 1635058800,
      "FI": 1323003600,
      "LI": 1635058800,
      "S": 567,
      "META": null
    },
    {
      "D": "nttict.com",
      "LOS": [
        "cloudfocus.nttict.com"
      ],
      "Q": 1000001,
      "A": 10617023,
      "U": 1000001,
      "M": 1000001,
      "Country": null,
      "FD": 1583276400,
      "LD": 1633244400,
      "FI": 1384297200,
      "LI": 1634799600,
      "S": 3697,
      "META": null
    },
    {
      "D": "ntt.media",
      "LOS": [
        "ntt.media"
      ],
      "Q": 1000001,
      "A": 100000001,
      "U": 1000001,
      "M": 1000001,
      "Country": null,
      "FD": 1598425200,
      "LD": 1633158000,
      "FI": 1554246000,
      "LI": 1633244400,
      "S": 3700,
      "META": null
    },
    {
      "D": "nuffieldannualrewardreview.com",
      "LOS": [
        "nuffieldannualrewardreview.com"
      ],
      "Q": 1000001,
      "A": 100000001,
      "U": 1000001,
      "M": 1000001,
      "Country": null,
      "FD": 1422399600,
      "LD": 1627714800,
      "FI": 1422399600,
      "LI": 1627714800,
      "S": 0,
      "META": null
    },
    {
      "D": "oakton.com.au",
      "LOS": [
        "oakton.com.au"
      ],
      "Q": 1000001,
      "A": 975062,
      "U": 176927,
      "M": 1000001,
      "Country": null,
      "FD": 1467241200,
      "LD": 1634022000,
      "FI": 1324213200,
      "LI": 1634799600,
      "S": 22233,
      "META": null
    },
    {
      "D": "obliquepro.co",
      "LOS": [
        "obliquepro.co"
      ],
      "Q": 1000001,
      "A": 100000001,
      "U": 1000001,
      "M": 1000001,
      "Country": null,
      "FD": 1507158000,
      "LD": 1633158000,
      "FI": 1507158000,
      "LI": 1633158000,
      "S": 0,
      "META": null
    },
    {
      "D": "obliquepro.info",
      "LOS": [
        "obliquepro.info"
      ],
      "Q": 1000001,
      "A": 100000001,
      "U": 1000001,
      "M": 1000001,
      "Country": null,
      "FD": 1498518000,
      "LD": 1633158000,
      "FI": 1482188400,
      "LI": 1633158000,
      "S": 0,
      "META": null
    },
    {
      "D": "obliquepro.net",
      "LOS": [
        "obliquepro.net"
      ],
      "Q": 1000001,
      "A": 100000001,
      "U": 1000001,
      "M": 1000001,
      "Country": null,
      "FD": 1498518000,
      "LD": 1633158000,
      "FI": 1482188400,
      "LI": 1633158000,
      "S": 0,
      "META": null
    },
    {
      "D": "obliquepro.xyz",
      "LOS": [
        "obliquepro.xyz"
      ],
      "Q": 1000001,
      "A": 100000001,
      "U": 1000001,
      "M": 1000001,
      "Country": null,
      "FD": 1498518000,
      "LD": 1633158000,
      "FI": 1482620400,
      "LI": 1633158000,
      "S": 0,
      "META": null
    },
    {
      "D": "oldmutual.blog",
      "LOS": [
        "oldmutual.blog"
      ],
      "Q": 1000001,
      "A": 100000001,
      "U": 1000001,
      "M": 1000001,
      "Country": null,
      "FD": 1526338800,
      "LD": 1633158000,
      "FI": 1526338800,
      "LI": 1633158000,
      "S": 0,
      "META": null
    },
    {
      "D": "oldmutualanonymousreports.co.za",
      "LOS": [
        "oldmutualanonymousreports.co.za"
      ],
      "Q": 1000001,
      "A": 74868660,
      "U": 1000001,
      "M": 1000001,
      "Country": null,
      "FD": 1526338800,
      "LD": 1633158000,
      "FI": 1458601200,
      "LI": 1633158000,
      "S": 0,
      "META": null
    },
    {
      "D": "ominsureanonymousreports.co.za",
      "LOS": [
        "ominsureanonymousreports.co.za"
      ],
      "Q": 1000001,
      "A": 36925680,
      "U": 1000001,
      "M": 1000001,
      "Country": null,
      "FD": 1527807600,
      "LD": 1627714800,
      "FI": 1507244400,
      "LI": 1627714800,
      "S": 0,
      "META": null
    },
    {
      "D": "oncsfm.com",
      "LOS": [
        "scheduler.sol.oncsfm.com",
        "dialin.scj.oncsfm.com",
        "dialin.sol.oncsfm.com"
      ],
      "Q": 1000001,
      "A": 100000001,
      "U": 1000001,
      "M": 1000001,
      "Country": null,
      "FD": 1597734000,
      "LD": 1633244400,
      "FI": 1530572400,
      "LI": 1633244400,
      "S": 0,
      "META": null
    },
    {
      "D": "onesmartservices.com",
      "LOS": [
        "onesmartservices.com"
      ],
      "Q": 1000001,
      "A": 100000001,
      "U": 1000001,
      "M": 1000001,
      "Country": null,
      "FD": 1551135600,
      "LD": 1633158000,
      "FI": 1548975600,
      "LI": 1634799600,
      "S": 0,
      "META": null
    },
    {
      "D": "onesmartservices.net",
      "LOS": [
        "onesmartservices.net"
      ],
      "Q": 1000001,
      "A": 100000001,
      "U": 1000001,
      "M": 1000001,
      "Country": null,
      "FD": 1549148400,
      "LD": 1633158000,
      "FI": 1549148400,
      "LI": 1633244400,
      "S": 0,
      "META": null
    },
    {
      "D": "onesmartservices.id",
      "LOS": [
        "signaja.onesmartservices.id",
        "signaja-backend.onesmartservices.id"
      ],
      "Q": 1000001,
      "A": 100000001,
      "U": 1000001,
      "M": 1000001,
      "Country": null,
      "FD": 1611734400,
      "LD": 1633244400,
      "FI": 1600239600,
      "LI": 1633244400,
      "S": 0,
      "META": null
    },
    {
      "D": "onesmartcloud.net",
      "LOS": [
        "onesmartcloud.net"
      ],
      "Q": 1000001,
      "A": 100000001,
      "U": 1000001,
      "M": 1000001,
      "Country": null,
      "FD": 1551135600,
      "LD": 1634799600,
      "FI": 1447196400,
      "LI": 1634799600,
      "S": 0,
      "META": null
    },
    {
      "D": "onlinecursus.biz",
      "LOS": [
        "onlinecursus.biz"
      ],
      "Q": 1000001,
      "A": 100000001,
      "U": 1000001,
      "M": 1000001,
      "Country": null,
      "FD": 1412121600,
      "LD": 1633158000,
      "FI": 1362056400,
      "LI": 1633158000,
      "S": 0,
      "META": null
    },
    {
      "D": "onsdorpmenen.be",
      "LOS": [
        "onsdorpmenen.be"
      ],
      "Q": 1000001,
      "A": 46643619,
      "U": 1000001,
      "M": 1000001,
      "Country": null,
      "FD": 1467241200,
      "LD": 1633158000,
      "FI": 1467241200,
      "LI": 1633158000,
      "S": 0,
      "META": null
    },
    {
      "D": "opal-uk.com",
      "LOS": [
        "opal-uk.com"
      ],
      "Q": 1000001,
      "A": 31628194,
      "U": 1000001,
      "M": 1000001,
      "Country": null,
      "FD": 1467241200,
      "LD": 1634799600,
      "FI": 1467241200,
      "LI": 1634799600,
      "S": 21,
      "META": null
    },
    {
      "D": "opencollab.co.za",
      "LOS": [
        "onecity.opencollab.co.za"
      ],
      "Q": 1000001,
      "A": 10696783,
      "U": 1000001,
      "M": 1000001,
      "Country": null,
      "FD": 1531436400,
      "LD": 1633244400,
      "FI": 1323003600,
      "LI": 1633244400,
      "S": 867,
      "META": null
    },
    {
      "D": "operatieinfo.nl",
      "LOS": [
        "operatieinfo.nl"
      ],
      "Q": 1000001,
      "A": 7978048,
      "U": 1000001,
      "M": 1000001,
      "Country": null,
      "FD": 1400454000,
      "LD": 1633158000,
      "FI": 1369922400,
      "LI": 1633158000,
      "S": 0,
      "META": null
    },
    {
      "D": "opencourse.com",
      "LOS": [
        "fourseasonsorlando.opencourse.com"
      ],
      "Q": 1000001,
      "A": 8118822,
      "U": 1000001,
      "M": 1000001,
      "Country": null,
      "FD": 1555023600,
      "LD": 1634540400,
      "FI": 1294059600,
      "LI": 1635058800,
      "S": 388,
      "META": null
    },
    {
      "D": "opsource.net",
      "LOS": [
        "wiki.opsource.net",
        "wiki-dr.opsource.net",
        "list.opsource.net"
      ],
      "Q": 1000001,
      "A": 1436349,
      "U": 1000001,
      "M": 1000001,
      "Country": null,
      "FD": 1634540400,
      "LD": 1635058800,
      "FI": 1320584400,
      "LI": 1635145200,
      "S": 7667,
      "META": null
    },
    {
      "D": "orderamoracoffee.com",
      "LOS": [
        "orderamoracoffee.com"
      ],
      "Q": 1000001,
      "A": 49836991,
      "U": 1000001,
      "M": 1000001,
      "Country": null,
      "FD": 1555455600,
      "LD": 1633158000,
      "FI": 1555455600,
      "LI": 1633158000,
      "S": 0,
      "META": null
    },
    {
      "D": "outcomes-health.com",
      "LOS": [
        "cro.outcomes-health.com",
        "aa.outcomes-health.com",
        "cat.outcomes-health.com"
      ],
      "Q": 1000001,
      "A": 100000001,
      "U": 1000001,
      "M": 1000001,
      "Country": null,
      "FD": 1633244400,
      "LD": 1634540400,
      "FI": 1430953200,
      "LI": 1635058800,
      "S": 0,
      "META": null
    },
    {
      "D": "owlswatch.us",
      "LOS": [
        "owlswatch.us"
      ],
      "Q": 1000001,
      "A": 100000001,
      "U": 1000001,
      "M": 1000001,
      "Country": null,
      "FD": 1467241200,
      "LD": 1633244400,
      "FI": 1422316800,
      "LI": 1633244400,
      "S": 80,
      "META": null
    },
    {
      "D": "ozarkha.org",
      "LOS": [
        "ozarkha.org"
      ],
      "Q": 1000001,
      "A": 100000001,
      "U": 1000001,
      "M": 1000001,
      "Country": null,
      "FD": 1576710000,
      "LD": 1633244400,
      "FI": 1379286000,
      "LI": 1633244400,
      "S": 0,
      "META": null
    },
    {
      "D": "tandc.me",
      "LOS": [
        "tandc.me"
      ],
      "Q": 1000001,
      "A": 100000001,
      "U": 1000001,
      "M": 1000001,
      "Country": null,
      "FD": 1627714800,
      "LD": 1627714800,
      "FI": 1530572400,
      "LI": 1634367600,
      "S": 0,
      "META": null
    },
    {
      "D": "tauranga.govt.nz",
      "LOS": [
        "gisweb.tauranga.govt.nz"
      ],
      "Q": 1000001,
      "A": 367788,
      "U": 1000001,
      "M": 1000001,
      "Country": null,
      "FD": 1531436400,
      "LD": 1634367600,
      "FI": 1320584400,
      "LI": 1635058800,
      "S": 1684,
      "META": null
    },
    {
      "D": "tcfintegrator.co.za",
      "LOS": [
        "tcfintegrator.co.za"
      ],
      "Q": 1000001,
      "A": 100000001,
      "U": 1000001,
      "M": 1000001,
      "Country": null,
      "FD": 1600239600,
      "LD": 1634367600,
      "FI": 1600239600,
      "LI": 1634367600,
      "S": 0,
      "META": null
    },
    {
      "D": "tdnet.co.za",
      "LOS": [
        "tdnet.co.za"
      ],
      "Q": 1000001,
      "A": 100000001,
      "U": 1000001,
      "M": 1000001,
      "Country": null,
      "FD": 1566774000,
      "LD": 1634367600,
      "FI": 1566774000,
      "LI": 1634367600,
      "S": 0,
      "META": null
    },
    {
      "D": "telstrasuper.com.au",
      "LOS": [
        "admin-directaccess.telstrasuper.com.au"
      ],
      "Q": 1000001,
      "A": 18368955,
      "U": 1000001,
      "M": 1000001,
      "Country": null,
      "FD": 1612252800,
      "LD": 1634454000,
      "FI": 1320584400,
      "LI": 1635058800,
      "S": 22853,
      "META": null
    },
    {
      "D": "telamenta.com",
      "LOS": [
        "stats.nuelatus.telamenta.com"
      ],
      "Q": 1000001,
      "A": 15963360,
      "U": 1000001,
      "M": 1000001,
      "Country": null,
      "FD": 1603494000,
      "LD": 1634454000,
      "FI": 1315749600,
      "LI": 1634454000,
      "S": 0,
      "META": null
    },
    {
      "D": "tfwaweemanual.com",
      "LOS": [
        "tfwaweemanual.com"
      ],
      "Q": 1000001,
      "A": 100000001,
      "U": 1000001,
      "M": 1000001,
      "Country": null,
      "FD": 1467241200,
      "LD": 1634540400,
      "FI": 1389481200,
      "LI": 1634540400,
      "S": 0,
      "META": null
    },
    {
      "D": "theledge.co.za",
      "LOS": [
        "theledge.co.za"
      ],
      "Q": 1000001,
      "A": 100000001,
      "U": 1000001,
      "M": 1000001,
      "Country": null,
      "FD": 1467241200,
      "LD": 1634454000,
      "FI": 1422399600,
      "LI": 1634454000,
      "S": 0,
      "META": null
    },
    {
      "D": "theworkscrm.com",
      "LOS": [
        "theworkscrm.com"
      ],
      "Q": 1000001,
      "A": 100000001,
      "U": 1000001,
      "M": 1000001,
      "Country": null,
      "FD": 1467241200,
      "LD": 1634540400,
      "FI": 1362056400,
      "LI": 1634540400,
      "S": 0,
      "META": null
    },
    {
      "D": "theerpfactory.net",
      "LOS": [
        "theerpfactory.net"
      ],
      "Q": 1000001,
      "A": 100000001,
      "U": 1000001,
      "M": 1000001,
      "Country": null,
      "FD": 1600383600,
      "LD": 1634540400,
      "FI": 1600383600,
      "LI": 1634540400,
      "S": 0,
      "META": null
    },
    {
      "D": "theerpfactory.be",
      "LOS": [
        "theerpfactory.be"
      ],
      "Q": 1000001,
      "A": 100000001,
      "U": 1000001,
      "M": 1000001,
      "Country": null,
      "FD": 1600383600,
      "LD": 1634540400,
      "FI": 1600383600,
      "LI": 1634540400,
      "S": 0,
      "META": null
    },
    {
      "D": "theerpfactory.eu",
      "LOS": [
        "theerpfactory.eu"
      ],
      "Q": 1000001,
      "A": 100000001,
      "U": 1000001,
      "M": 1000001,
      "Country": null,
      "FD": 1600383600,
      "LD": 1634540400,
      "FI": 1600383600,
      "LI": 1634540400,
      "S": 0,
      "META": null
    },
    {
      "D": "theerpfactory.nl",
      "LOS": [
        "theerpfactory.nl"
      ],
      "Q": 1000001,
      "A": 100000001,
      "U": 1000001,
      "M": 1000001,
      "Country": null,
      "FD": 1600383600,
      "LD": 1634540400,
      "FI": 1600383600,
      "LI": 1634540400,
      "S": 0,
      "META": null
    },
    {
      "D": "theerpfactory.de",
      "LOS": [
        "theerpfactory.de"
      ],
      "Q": 1000001,
      "A": 100000001,
      "U": 1000001,
      "M": 1000001,
      "Country": null,
      "FD": 1600383600,
      "LD": 1634540400,
      "FI": 1600383600,
      "LI": 1634540400,
      "S": 0,
      "META": null
    },
    {
      "D": "thinkdeloitte.com",
      "LOS": [
        "thinkdeloitte.com"
      ],
      "Q": 1000001,
      "A": 100000001,
      "U": 1000001,
      "M": 1000001,
      "Country": null,
      "FD": 1467241200,
      "LD": 1634540400,
      "FI": 1434841200,
      "LI": 1634540400,
      "S": 0,
      "META": null
    },
    {
      "D": "thrombosismanagementapac2020.com",
      "LOS": [
        "thrombosismanagementapac2020.com"
      ],
      "Q": 1000001,
      "A": 100000001,
      "U": 1000001,
      "M": 1000001,
      "Country": null,
      "FD": 1634540400,
      "LD": 1634540400,
      "FI": 1603782000,
      "LI": 1634540400,
      "S": 0,
      "META": null
    },
    {
      "D": "thumbtribe.biz",
      "LOS": [
        "thumbtribe.biz"
      ],
      "Q": 1000001,
      "A": 40830948,
      "U": 1000001,
      "M": 1000001,
      "Country": null,
      "FD": 1558911600,
      "LD": 1634540400,
      "FI": 1447196400,
      "LI": 1634626800,
      "S": 86,
      "META": null
    },
    {
      "D": "thumbtribe.co.za",
      "LOS": [
        "thumbtribe.co.za"
      ],
      "Q": 1000001,
      "A": 16621226,
      "U": 1000001,
      "M": 1000001,
      "Country": null,
      "FD": 1523660400,
      "LD": 1634626800,
      "FI": 1325854800,
      "LI": 1634626800,
      "S": 216,
      "META": null
    },
    {
      "D": "thumbtribe.mobi",
      "LOS": [
        "thumbtribe.mobi"
      ],
      "Q": 1000001,
      "A": 12067307,
      "U": 1000001,
      "M": 1000001,
      "Country": null,
      "FD": 1527807600,
      "LD": 1634540400,
      "FI": 1323003600,
      "LI": 1634540400,
      "S": 553,
      "META": null
    },
    {
      "D": "timevaluestaging.com",
      "LOS": [
        "timevaluestaging.com"
      ],
      "Q": 1000001,
      "A": 100000001,
      "U": 1000001,
      "M": 1000001,
      "Country": null,
      "FD": 1479250800,
      "LD": 1634540400,
      "FI": 1471302000,
      "LI": 1634540400,
      "S": 0,
      "META": null
    },
    {
      "D": "tmarc.co.za",
      "LOS": [
        "tmarc.co.za"
      ],
      "Q": 1000001,
      "A": 19592927,
      "U": 1000001,
      "M": 1000001,
      "Country": null,
      "FD": 1594940400,
      "LD": 1634540400,
      "FI": 1479855600,
      "LI": 1634540400,
      "S": 523,
      "META": null
    },
    {
      "D": "tmarc.me",
      "LOS": [
        "tmarc.me"
      ],
      "Q": 1000001,
      "A": 100000001,
      "U": 1000001,
      "M": 1000001,
      "Country": null,
      "FD": 1611043200,
      "LD": 1634540400,
      "FI": 1611043200,
      "LI": 1634540400,
      "S": 0,
      "META": null
    },
    {
      "D": "tmarc.co",
      "LOS": [
        "tmarc.co"
      ],
      "Q": 1000001,
      "A": 100000001,
      "U": 1000001,
      "M": 1000001,
      "Country": null,
      "FD": 1618902000,
      "LD": 1634540400,
      "FI": 1618902000,
      "LI": 1634540400,
      "S": 0,
      "META": null
    },
    {
      "D": "tmpwcomms.net",
      "LOS": [
        "tmpwcomms.net"
      ],
      "Q": 1000001,
      "A": 15713094,
      "U": 1000001,
      "M": 1000001,
      "Country": null,
      "FD": 1585782000,
      "LD": 1634540400,
      "FI": 1434841200,
      "LI": 1634626800,
      "S": 259,
      "META": null
    },
    {
      "D": "tolivi.com",
      "LOS": [
        "tolivi.com"
      ],
      "Q": 1000001,
      "A": 100000001,
      "U": 1000001,
      "M": 1000001,
      "Country": null,
      "FD": 1488322800,
      "LD": 1633244400,
      "FI": 1458514800,
      "LI": 1634626800,
      "S": 91,
      "META": null
    },
    {
      "D": "tr1.be",
      "LOS": [
        "n.tr1.be"
      ],
      "Q": 1000001,
      "A": 100000001,
      "U": 1000001,
      "M": 1000001,
      "Country": null,
      "FD": 1603177200,
      "LD": 1634626800,
      "FI": 1566774000,
      "LI": 1634626800,
      "S": 0,
      "META": null
    },
    {
      "D": "trackerimstrial.com",
      "LOS": [
        "trackerimstrial.com"
      ],
      "Q": 1000001,
      "A": 100000001,
      "U": 1000001,
      "M": 1000001,
      "Country": null,
      "FD": 1434841200,
      "LD": 1634626800,
      "FI": 1434841200,
      "LI": 1634626800,
      "S": 6,
      "META": null
    },
    {
      "D": "transitfms.co.za",
      "LOS": [
        "transitfms.co.za"
      ],
      "Q": 1000001,
      "A": 100000001,
      "U": 1000001,
      "M": 1000001,
      "Country": null,
      "FD": 1474671600,
      "LD": 1634799600,
      "FI": 1474671600,
      "LI": 1634799600,
      "S": 3233,
      "META": null
    },
    {
      "D": "trackercorp.net",
      "LOS": [
        "trackercorp.net"
      ],
      "Q": 1000001,
      "A": 55885493,
      "U": 1000001,
      "M": 1000001,
      "Country": null,
      "FD": 1488582000,
      "LD": 1634626800,
      "FI": 1362056400,
      "LI": 1634799600,
      "S": 6,
      "META": null
    },
    {
      "D": "trackerimstest.com",
      "LOS": [
        "trackerimstest.com"
      ],
      "Q": 1000001,
      "A": 100000001,
      "U": 1000001,
      "M": 1000001,
      "Country": null,
      "FD": 1447196400,
      "LD": 1634626800,
      "FI": 1447196400,
      "LI": 1634626800,
      "S": 6,
      "META": null
    },
    {
      "D": "treatingcustomerfairly.co.za",
      "LOS": [
        "treatingcustomerfairly.co.za"
      ],
      "Q": 1000001,
      "A": 100000001,
      "U": 1000001,
      "M": 1000001,
      "Country": null,
      "FD": 1585868400,
      "LD": 1634626800,
      "FI": 1585868400,
      "LI": 1634626800,
      "S": 0,
      "META": null
    },
    {
      "D": "trustpadgett.com",
      "LOS": [
        "trustpadgett.com"
      ],
      "Q": 1000001,
      "A": 100000001,
      "U": 1000001,
      "M": 1000001,
      "Country": null,
      "FD": 1467241200,
      "LD": 1634713200,
      "FI": 1362056400,
      "LI": 1634713200,
      "S": 0,
      "META": null
    },
    {
      "D": "turnupmusicsa.co.za",
      "LOS": [
        "turnupmusicsa.co.za"
      ],
      "Q": 1000001,
      "A": 100000001,
      "U": 1000001,
      "M": 1000001,
      "Country": null,
      "FD": 1540508400,
      "LD": 1634713200,
      "FI": 1533510000,
      "LI": 1634713200,
      "S": 0,
      "META": null
    }
  ]
}