{
  "Relationships": [
    {
      "Domain": "advancedautoparts.com",
      "Identifiers": [
        {
          "Type": "ip",
          "Value": "216.55.178.173",
          "First": 1382619600000,
          "Last": 1392296400000,
          "Matches": []
        },
        {
          "Type": "ip",
          "Value": "95.211.117.206",
          "First": 1382619600000,
          "Last": 1392296400000,
          "Matches": []
        },
        {
          "Type": "google-analytics",
          "Value": "345088",
          "First": 1484764831757,
          "Last": 1520000906959,
          "Matches": [
            {
              "Domain": "advancepro2pro.com",
              "First": 1301839200000,
              "Last": 1381669200000,
              "Overlap": false
            },
            {
              "Domain": "ar.stores.advanceautoparts.com",
              "First": 1458565200000,
              "Last": 1472487004748,
              "Overlap": false
            },
            {
              "Domain": "blog.advanceautoparts.com",
              "First": 1458565200000,
              "Last": 1496530800000,
              "Overlap": true
            },
            {
              "Domain": "de.stores.advanceautoparts.com",
              "First": 1458565200000,
              "Last": 1472487004748,
              "Overlap": false
            },
            {
              "Domain": "ky.stores.advanceautoparts.com",
              "First": 1458565200000,
              "Last": 1472487004748,
              "Overlap": false
            },
            {
              "Domain": "in.stores.advanceautoparts.com",
              "First": 1458565200000,
              "Last": 1472487004748,
              "Overlap": false
            },
            {
              "Domain": "mo.stores.advanceautoparts.com",
              "First": 1458565200000,
              "Last": 1472487004748,
              "Overlap": false
            },
            {
              "Domain": "mi.stores.advanceautoparts.com",
              "First": 1458565200000,
              "Last": 1472487004748,
              "Overlap": false
            },
            {
              "Domain": "ny.stores.advanceautoparts.com",
              "First": 1458565200000,
              "Last": 1472487004748,
              "Overlap": false
            },
            {
              "Domain": "ne.stores.advanceautoparts.com",
              "First": 1458565200000,
              "Last": 1472487004748,
              "Overlap": false
            },
            {
              "Domain": "ri.stores.advanceautoparts.com",
              "First": 1458565200000,
              "Last": 1472487004748,
              "Overlap": false
            },
            {
              "Domain": "sd.stores.advanceautoparts.com",
              "First": 1458565200000,
              "Last": 1472487004748,
              "Overlap": false
            },
            {
              "Domain": "sc.stores.advanceautoparts.com",
              "First": 1458565200000,
              "Last": 1472487004748,
              "Overlap": false
            },
            {
              "Domain": "speedperks.com",
              "First": 1315144800000,
              "Last": 1563711273778,
              "Overlap": true
            },
            {
              "Domain": "tx.stores.advanceautoparts.com",
              "First": 1458565200000,
              "Last": 1472487004748,
              "Overlap": false
            },
            {
              "Domain": "vi.stores.advanceautoparts.com",
              "First": 1458565200000,
              "Last": 1472487004748,
              "Overlap": false
            },
            {
              "Domain": "vt.stores.advanceautoparts.com",
              "First": 1458565200000,
              "Last": 1472487004748,
              "Overlap": false
            },
            {
              "Domain": "va.stores.advanceautoparts.com",
              "First": 1458565200000,
              "Last": 1472487004748,
              "Overlap": false
            },
            {
              "Domain": "wi.stores.advanceautoparts.com",
              "First": 1458565200000,
              "Last": 1472487004748,
              "Overlap": false
            },
            {
              "Domain": "corp.advanceautoparts.com",
              "First": 1320584400000,
              "Last": 1323003600000,
              "Overlap": false
            },
            {
              "Domain": "shop.advanceautoparts.com",
              "First": 1464156785693,
              "Last": 1529289918561,
              "Overlap": true
            },
            {
              "Domain": "locations.carquest.com",
              "First": 1465858800000,
              "Last": 1465858800000,
              "Overlap": false
            },
            {
              "Domain": "m.advanceautoparts.com",
              "First": 1467309186696,
              "Last": 1475535600000,
              "Overlap": false
            },
            {
              "Domain": "ct.vernon.stores.advanceautoparts.com",
              "First": 1467350838702,
              "Last": 1472487004748,
              "Overlap": false
            },
            {
              "Domain": "ct.staffordsprings.stores.advanceautoparts.com",
              "First": 1467350838702,
              "Last": 1472487004748,
              "Overlap": false
            },
            {
              "Domain": "ct.newmilford.stores.advanceautoparts.com",
              "First": 1467350838702,
              "Last": 1472487004748,
              "Overlap": false
            },
            {
              "Domain": "ct.southington.stores.advanceautoparts.com",
              "First": 1467350838702,
              "Last": 1472487004748,
              "Overlap": false
            },
            {
              "Domain": "ct.plainfield.stores.advanceautoparts.com",
              "First": 1467350838702,
              "Last": 1472487004748,
              "Overlap": false
            },
            {
              "Domain": "ct.east-haven.stores.advanceautoparts.com",
              "First": 1467350838702,
              "Last": 1472487004748,
              "Overlap": false
            },
            {
              "Domain": "ct.torrington.stores.advanceautoparts.com",
              "First": 1467350838702,
              "Last": 1472487004748,
              "Overlap": false
            },
            {
              "Domain": "ct.northhaven.stores.advanceautoparts.com",
              "First": 1467350838702,
              "Last": 1472487004748,
              "Overlap": false
            },
            {
              "Domain": "ct.norwich.stores.advanceautoparts.com",
              "First": 1467350838702,
              "Last": 1472487004748,
              "Overlap": false
            },
            {
              "Domain": "ct.newlondon.stores.advanceautoparts.com",
              "First": 1467350838702,
              "Last": 1472487004748,
              "Overlap": false
            },
            {
              "Domain": "ct.terryville.stores.advanceautoparts.com",
              "First": 1467350838702,
              "Last": 1472487004748,
              "Overlap": false
            },
            {
              "Domain": "ct.easthaven.stores.advanceautoparts.com",
              "First": 1467350838702,
              "Last": 1472487004748,
              "Overlap": false
            },
            {
              "Domain": "ct.watertown.stores.advanceautoparts.com",
              "First": 1467350838702,
              "Last": 1472487004748,
              "Overlap": false
            },
            {
              "Domain": "ct.oldsaybrook.stores.advanceautoparts.com",
              "First": 1467350838702,
              "Last": 1472487004748,
              "Overlap": false
            },
            {
              "Domain": "ct.putnam.stores.advanceautoparts.com",
              "First": 1467350838702,
              "Last": 1472487004748,
              "Overlap": false
            },
            {
              "Domain": "ct.eastwindsor.stores.advanceautoparts.com",
              "First": 1467350838702,
              "Last": 1472487004748,
              "Overlap": false
            },
            {
              "Domain": "ct.brooklyn.stores.advanceautoparts.com",
              "First": 1467350838702,
              "Last": 1472487004748,
              "Overlap": false
            },
            {
              "Domain": "ga.bremen.stores.advanceautoparts.com",
              "First": 1467350838702,
              "Last": 1472487004748,
              "Overlap": false
            },
            {
              "Domain": "ga.cartersville.stores.advanceautoparts.com",
              "First": 1467350838702,
              "Last": 1472487004748,
              "Overlap": false
            },
            {
              "Domain": "ga.warnerrobins.stores.advanceautoparts.com",
              "First": 1467350838702,
              "Last": 1472487004748,
              "Overlap": false
            },
            {
              "Domain": "ga.douglasville.stores.advanceautoparts.com",
              "First": 1467350838702,
              "Last": 1472487004748,
              "Overlap": false
            },
            {
              "Domain": "ga.gardencity.stores.advanceautoparts.com",
              "First": 1467350838702,
              "Last": 1472487004748,
              "Overlap": false
            },
            {
              "Domain": "ga.lawrenceville.stores.advanceautoparts.com",
              "First": 1467350838702,
              "Last": 1472487004748,
              "Overlap": false
            },
            {
              "Domain": "ga.waynesboro.stores.advanceautoparts.com",
              "First": 1467350838702,
              "Last": 1472487004748,
              "Overlap": false
            },
            {
              "Domain": "ga.powdersprings.stores.advanceautoparts.com",
              "First": 1467350838702,
              "Last": 1472487004748,
              "Overlap": false
            },
            {
              "Domain": "ga.marietta.stores.advanceautoparts.com",
              "First": 1467350838702,
              "Last": 1472487004748,
              "Overlap": false
            },
            {
              "Domain": "ga.dacula.stores.advanceautoparts.com",
              "First": 1467350838702,
              "Last": 1472487004748,
              "Overlap": false
            },
            {
              "Domain": "ga.albany.stores.advanceautoparts.com",
              "First": 1467350838702,
              "Last": 1472487004748,
              "Overlap": false
            },
            {
              "Domain": "ga.suwanee.stores.advanceautoparts.com",
              "First": 1467350838702,
              "Last": 1472487004748,
              "Overlap": false
            },
            {
              "Domain": "ga.macon.stores.advanceautoparts.com",
              "First": 1467350838702,
              "Last": 1472487004748,
              "Overlap": false
            },
            {
              "Domain": "ga.blackshear.stores.advanceautoparts.com",
              "First": 1467350838702,
              "Last": 1472487004748,
              "Overlap": false
            },
            {
              "Domain": "ga.atlanta.stores.advanceautoparts.com",
              "First": 1467350838702,
              "Last": 1472487004748,
              "Overlap": false
            },
            {
              "Domain": "ga.sylvester.stores.advanceautoparts.com",
              "First": 1467350838702,
              "Last": 1472487004748,
              "Overlap": false
            },
            {
              "Domain": "ga.jasper.stores.advanceautoparts.com",
              "First": 1467350838702,
              "Last": 1472487004748,
              "Overlap": false
            },
            {
              "Domain": "ga.athens.stores.advanceautoparts.com",
              "First": 1467350838702,
              "Last": 1472487004748,
              "Overlap": false
            },
            {
              "Domain": "ga.decatur.stores.advanceautoparts.com",
              "First": 1467350838702,
              "Last": 1472487004748,
              "Overlap": false
            },
            {
              "Domain": "ga.gainesville.stores.advanceautoparts.com",
              "First": 1467350838702,
              "Last": 1472487004748,
              "Overlap": false
            },
            {
              "Domain": "ga.summerville.stores.advanceautoparts.com",
              "First": 1467350838702,
              "Last": 1472487004748,
              "Overlap": false
            },
            {
              "Domain": "ga.adel.stores.advanceautoparts.com",
              "First": 1467350838702,
              "Last": 1472487004748,
              "Overlap": false
            },
            {
              "Domain": "ga.clayton.stores.advanceautoparts.com",
              "First": 1467350838702,
              "Last": 1472487004748,
              "Overlap": false
            },
            {
              "Domain": "ga.conyers.stores.advanceautoparts.com",
              "First": 1467350838702,
              "Last": 1472487004748,
              "Overlap": false
            },
            {
              "Domain": "ga.douglas.stores.advanceautoparts.com",
              "First": 1467350838702,
              "Last": 1472487004748,
              "Overlap": false
            },
            {
              "Domain": "ga.riverdale.stores.advanceautoparts.com",
              "First": 1467350838702,
              "Last": 1472487004748,
              "Overlap": false
            },
            {
              "Domain": "ga.quitman.stores.advanceautoparts.com",
              "First": 1467350838702,
              "Last": 1472487004748,
              "Overlap": false
            },
            {
              "Domain": "ga.nashville.stores.advanceautoparts.com",
              "First": 1467350838702,
              "Last": 1472487004748,
              "Overlap": false
            },
            {
              "Domain": "ga.thomasville.stores.advanceautoparts.com",
              "First": 1467350838702,
              "Last": 1472487004748,
              "Overlap": false
            },
            {
              "Domain": "ga.lithonia.stores.advanceautoparts.com",
              "First": 1467350838702,
              "Last": 1472487004748,
              "Overlap": false
            },
            {
              "Domain": "ga.adairsville.stores.advanceautoparts.com",
              "First": 1467350838702,
              "Last": 1472487004748,
              "Overlap": false
            },
            {
              "Domain": "ga.ringgold.stores.advanceautoparts.com",
              "First": 1467350838702,
              "Last": 1472487004748,
              "Overlap": false
            },
            {
              "Domain": "ga.leesburg.stores.advanceautoparts.com",
              "First": 1467350838702,
              "Last": 1472487004748,
              "Overlap": false
            },
            {
              "Domain": "ga.bainbridge.stores.advanceautoparts.com",
              "First": 1467350838702,
              "Last": 1472487004748,
              "Overlap": false
            },
            {
              "Domain": "ga.camilla.stores.advanceautoparts.com",
              "First": 1467350838702,
              "Last": 1472487004748,
              "Overlap": false
            },
            {
              "Domain": "ga.jonesboro.stores.advanceautoparts.com",
              "First": 1467350838702,
              "Last": 1472487004748,
              "Overlap": false
            },
            {
              "Domain": "ga.elberton.stores.advanceautoparts.com",
              "First": 1467350838702,
              "Last": 1472487004748,
              "Overlap": false
            },
            {
              "Domain": "ga.montezuma.stores.advanceautoparts.com",
              "First": 1467350838702,
              "Last": 1472487004748,
              "Overlap": false
            },
            {
              "Domain": "ga.bethlehem.stores.advanceautoparts.com",
              "First": 1467350838702,
              "Last": 1472487004748,
              "Overlap": false
            },
            {
              "Domain": "ia.cedar-rapids.stores.advanceautoparts.com",
              "First": 1467350838702,
              "Last": 1472487004748,
              "Overlap": false
            },
            {
              "Domain": "ia.fortdodge.stores.advanceautoparts.com",
              "First": 1467350838702,
              "Last": 1472487004748,
              "Overlap": false
            },
            {
              "Domain": "ky.stanton.stores.advanceautoparts.com",
              "First": 1467350838702,
              "Last": 1472487004748,
              "Overlap": false
            },
            {
              "Domain": "ky.louisville.stores.advanceautoparts.com",
              "First": 1467350838702,
              "Last": 1472487004748,
              "Overlap": false
            },
            {
              "Domain": "ky.inez.stores.advanceautoparts.com",
              "First": 1467350838702,
              "Last": 1472487004748,
              "Overlap": false
            },
            {
              "Domain": "ky.columbia.stores.advanceautoparts.com",
              "First": 1467350838702,
              "Last": 1472487004748,
              "Overlap": false
            },
            {
              "Domain": "ky.russellville.stores.advanceautoparts.com",
              "First": 1467350838702,
              "Last": 1472487004748,
              "Overlap": false
            },
            {
              "Domain": "ky.corbin.stores.advanceautoparts.com",
              "First": 1467350838702,
              "Last": 1472487004748,
              "Overlap": false
            },
            {
              "Domain": "ky.somerset.stores.advanceautoparts.com",
              "First": 1467350838702,
              "Last": 1472487004748,
              "Overlap": false
            },
            {
              "Domain": "ky.richmond.stores.advanceautoparts.com",
              "First": 1467350838702,
              "Last": 1472487004748,
              "Overlap": false
            },
            {
              "Domain": "ky.morehead.stores.advanceautoparts.com",
              "First": 1467350838702,
              "Last": 1472487004748,
              "Overlap": false
            },
            {
              "Domain": "la.deridder.stores.advanceautoparts.com",
              "First": 1467350838702,
              "Last": 1472487004748,
              "Overlap": false
            },
            {
              "Domain": "ma.abington.stores.advanceautoparts.com",
              "First": 1467350838702,
              "Last": 1472487004748,
              "Overlap": false
            },
            {
              "Domain": "ma.stoughton.stores.advanceautoparts.com",
              "First": 1467350838702,
              "Last": 1472487004748,
              "Overlap": false
            },
            {
              "Domain": "pa.carlisle.stores.advanceautoparts.com",
              "First": 1467350838702,
              "Last": 1472487004748,
              "Overlap": false
            },
            {
              "Domain": "stores.advanceautoparts.com",
              "First": 1467350838702,
              "Last": 1484616115667,
              "Overlap": false
            },
            {
              "Domain": "jdoqocy.com",
              "First": 1476589275651,
              "Last": 1504210090133,
              "Overlap": true
            },
            {
              "Domain": "tkqlhce.com",
              "First": 1476590729620,
              "Last": 1481371189113,
              "Overlap": false
            },
            {
              "Domain": "storeslike.com",
              "First": 1483592372694,
              "Last": 1483592372694,
              "Overlap": false
            },
            {
              "Domain": "mondel.it",
              "First": 1484036840837,
              "Last": 1537665882315,
              "Overlap": true
            },
            {
              "Domain": "advanceauto.com",
              "First": 1493743086408,
              "Last": 1520581503556,
              "Overlap": true
            },
            {
              "Domain": "purdyinpink.com",
              "First": 1493973161197,
              "Last": 1493973161197,
              "Overlap": true
            },
            {
              "Domain": "advanceautoparts.com",
              "First": 1494330188642,
              "Last": 1587445767511,
              "Overlap": true
            },
            {
              "Domain": "oohey.com",
              "First": 1499433482188,
              "Last": 1499433482188,
              "Overlap": true
            },
            {
              "Domain": "shop.richfieldautoparts.co",
              "First": 1507244400000,
              "Last": 1514202800570,
              "Overlap": true
            },
            {
              "Domain": "video.advanceautoparts.com",
              "First": 1507244400000,
              "Last": 1507244400000,
              "Overlap": true
            },
            {
              "Domain": "wwwadvance-coupons.com",
              "First": 1514133390523,
              "Last": 1517522399402,
              "Overlap": true
            },
            {
              "Domain": "advarceautoparts.com",
              "First": 1514135951768,
              "Last": 1529289918561,
              "Overlap": true
            },
            {
              "Domain": "advenceautoparts.com",
              "First": 1514135951768,
              "Last": 1520581503556,
              "Overlap": true
            },
            {
              "Domain": "advancsautoparts.com",
              "First": 1514135951768,
              "Last": 1529289918561,
              "Overlap": true
            },
            {
              "Domain": "advaceautoparts.com",
              "First": 1514135951768,
              "Last": 1520581503556,
              "Overlap": true
            },
            {
              "Domain": "advaniceautoparts.com",
              "First": 1514135951768,
              "Last": 1514135951768,
              "Overlap": true
            },
            {
              "Domain": "advancwautoparts.com",
              "First": 1514135951768,
              "Last": 1514135951768,
              "Overlap": true
            },
            {
              "Domain": "advancewautoparts.com",
              "First": 1514135951768,
              "Last": 1529289918561,
              "Overlap": true
            },
            {
              "Domain": "advanxeautoparts.com",
              "First": 1514135951768,
              "Last": 1529289918561,
              "Overlap": true
            },
            {
              "Domain": "advancoautoparts.com",
              "First": 1514135951768,
              "Last": 1529289918561,
              "Overlap": true
            },
            {
              "Domain": "advandeautoparts.com",
              "First": 1514135951768,
              "Last": 1514135951768,
              "Overlap": true
            },
            {
              "Domain": "advancesutoparts.com",
              "First": 1514135951768,
              "Last": 1514135951768,
              "Overlap": true
            },
            {
              "Domain": "advanceoautoparts.com",
              "First": 1514135951768,
              "Last": 1529289918561,
              "Overlap": true
            },
            {
              "Domain": "advangeautoparts.com",
              "First": 1514135951768,
              "Last": 1517483423239,
              "Overlap": true
            },
            {
              "Domain": "advancfautoparts.com",
              "First": 1514135951768,
              "Last": 1514135951768,
              "Overlap": true
            },
            {
              "Domain": "advanveautoparts.com",
              "First": 1514135951768,
              "Last": 1514135951768,
              "Overlap": true
            },
            {
              "Domain": "advanceoutoparts.com",
              "First": 1514135951768,
              "Last": 1529289918561,
              "Overlap": true
            },
            {
              "Domain": "advanseautoparts.com",
              "First": 1514135951768,
              "Last": 1514135951768,
              "Overlap": true
            },
            {
              "Domain": "advanceuatoparts.com",
              "First": 1514135951768,
              "Last": 1529289918561,
              "Overlap": true
            },
            {
              "Domain": "peoplecenteradvanceautoparts.com",
              "First": 1517480643320,
              "Last": 1529266148775,
              "Overlap": true
            },
            {
              "Domain": "plymouthadvanceautoparts.com",
              "First": 1517480643320,
              "Last": 1529266148775,
              "Overlap": true
            },
            {
              "Domain": "sdvanceautoparts.com",
              "First": 1517529989810,
              "Last": 1529268272113,
              "Overlap": true
            },
            {
              "Domain": "davanceautoparts.com",
              "First": 1517512487390,
              "Last": 1529252373490,
              "Overlap": true
            },
            {
              "Domain": "discountadvanceautoparts.com",
              "First": 1517512487390,
              "Last": 1524484820142,
              "Overlap": true
            },
            {
              "Domain": "commercialadvanceautoparts.com",
              "First": 1517519540322,
              "Last": 1517519540322,
              "Overlap": true
            },
            {
              "Domain": "wwwadvanceautoparts.com",
              "First": 1517522399402,
              "Last": 1517522399402,
              "Overlap": true
            },
            {
              "Domain": "adbanceautoparts.com",
              "First": 1517483423239,
              "Last": 1529289918561,
              "Overlap": true
            },
            {
              "Domain": "advanceatoparts.com",
              "First": 1517483423239,
              "Last": 1520581503556,
              "Overlap": true
            },
            {
              "Domain": "abvanceautoparts.com",
              "First": 1517483423239,
              "Last": 1517483423239,
              "Overlap": true
            },
            {
              "Domain": "adcanceautoparts.com",
              "First": 1517483423239,
              "Last": 1529289918561,
              "Overlap": true
            },
            {
              "Domain": "advanceautopartss.com",
              "First": 1517483423239,
              "Last": 1517483423239,
              "Overlap": true
            },
            {
              "Domain": "advanceautooparts.com",
              "First": 1517483423239,
              "Last": 1520581503556,
              "Overlap": true
            },
            {
              "Domain": "andvanceautoparts.com",
              "First": 1517483423239,
              "Last": 1517483423239,
              "Overlap": true
            },
            {
              "Domain": "advanceautopardss.com",
              "First": 1517483423239,
              "Last": 1524472678083,
              "Overlap": true
            },
            {
              "Domain": "advanceautoparst.com",
              "First": 1517483423239,
              "Last": 1520581503556,
              "Overlap": true
            },
            {
              "Domain": "advanceautopart.com",
              "First": 1517483423239,
              "Last": 1524472678083,
              "Overlap": true
            },
            {
              "Domain": "acvanceautoparts.com",
              "First": 1517483423239,
              "Last": 1517483423239,
              "Overlap": true
            },
            {
              "Domain": "adavanceautoparts.com",
              "First": 1517483423239,
              "Last": 1517483423239,
              "Overlap": true
            },
            {
              "Domain": "advanceauoparts.com",
              "First": 1517483423239,
              "Last": 1529289918561,
              "Overlap": true
            },
            {
              "Domain": "advbanceautoparts.com",
              "First": 1517483423239,
              "Last": 1520581503556,
              "Overlap": true
            },
            {
              "Domain": "advanecautoparts.com",
              "First": 1517483423239,
              "Last": 1529289918561,
              "Overlap": true
            },
            {
              "Domain": "advanceautopartrs.com",
              "First": 1517483423239,
              "Last": 1529289918561,
              "Overlap": true
            },
            {
              "Domain": "advanceautopartsd.com",
              "First": 1517483423239,
              "Last": 1520581503556,
              "Overlap": true
            },
            {
              "Domain": "advanceautopartsjob.com",
              "First": 1517483423239,
              "Last": 1517483423239,
              "Overlap": true
            },
            {
              "Domain": "aadvanceautoparts.com",
              "First": 1517483423239,
              "Last": 1517483423239,
              "Overlap": true
            },
            {
              "Domain": "adanceautoparts.com",
              "First": 1517483423239,
              "Last": 1529289918561,
              "Overlap": true
            },
            {
              "Domain": "avanceautoparts.com",
              "First": 1517483423239,
              "Last": 1524472678083,
              "Overlap": true
            },
            {
              "Domain": "vanceautoparts.com",
              "First": 1517480020566,
              "Last": 1517480020566,
              "Overlap": true
            },
            {
              "Domain": "advcanceautoparts.com",
              "First": 1520581503556,
              "Last": 1520581503556,
              "Overlap": false
            },
            {
              "Domain": "advavceautoparts.com",
              "First": 1520581503556,
              "Last": 1520581503556,
              "Overlap": false
            },
            {
              "Domain": "advanceautopartsmail.com",
              "First": 1520581503556,
              "Last": 1524472678083,
              "Overlap": false
            },
            {
              "Domain": "advanceautopants.com",
              "First": 1520581503556,
              "Last": 1524472678083,
              "Overlap": false
            },
            {
              "Domain": "advanceautoprats.com",
              "First": 1520581503556,
              "Last": 1524472678083,
              "Overlap": false
            },
            {
              "Domain": "advanceautopartw.com",
              "First": 1520581503556,
              "Last": 1524472678083,
              "Overlap": false
            },
            {
              "Domain": "advanceautoparys.com",
              "First": 1520581503556,
              "Last": 1524472678083,
              "Overlap": false
            },
            {
              "Domain": "advanceautopsrts.com",
              "First": 1520581503556,
              "Last": 1524472678083,
              "Overlap": false
            },
            {
              "Domain": "advanceaoutoparts.com",
              "First": 1520581503556,
              "Last": 1520581503556,
              "Overlap": false
            },
            {
              "Domain": "advanceautoparyts.com",
              "First": 1520581503556,
              "Last": 1529289918561,
              "Overlap": false
            },
            {
              "Domain": "advanceautopats.com",
              "First": 1520581503556,
              "Last": 1524472678083,
              "Overlap": false
            },
            {
              "Domain": "advanceatutoparts.com",
              "First": 1520581503556,
              "Last": 1524472678083,
              "Overlap": false
            },
            {
              "Domain": "advanceautoaparts.com",
              "First": 1520581503556,
              "Last": 1524472678083,
              "Overlap": false
            },
            {
              "Domain": "advanceaytoparts.com",
              "First": 1520581503556,
              "Last": 1524472678083,
              "Overlap": false
            },
            {
              "Domain": "advanceautopartsbatterybountyentryform.com",
              "First": 1520581503556,
              "Last": 1524472678083,
              "Overlap": false
            },
            {
              "Domain": "advancautoparts.com",
              "First": 1520581503556,
              "Last": 1524472678083,
              "Overlap": false
            },
            {
              "Domain": "advabceautoparts.com",
              "First": 1520581503556,
              "Last": 1524472678083,
              "Overlap": false
            },
            {
              "Domain": "advanceautopartstore.com",
              "First": 1520581503556,
              "Last": 1524472678083,
              "Overlap": false
            },
            {
              "Domain": "advanceautopartstoughone.com",
              "First": 1520581503556,
              "Last": 1524472678083,
              "Overlap": false
            },
            {
              "Domain": "advanceauotoparts.com",
              "First": 1520581503556,
              "Last": 1529289918561,
              "Overlap": false
            },
            {
              "Domain": "advanceautoparks.com",
              "First": 1520581503556,
              "Last": 1520581503556,
              "Overlap": false
            },
            {
              "Domain": "advanceautoparets.com",
              "First": 1520581503556,
              "Last": 1524472678083,
              "Overlap": false
            },
            {
              "Domain": "advanceautoparrts.com",
              "First": 1520581503556,
              "Last": 1524472678083,
              "Overlap": false
            },
            {
              "Domain": "advanceautoparss.com",
              "First": 1520581503556,
              "Last": 1524472678083,
              "Overlap": false
            },
            {
              "Domain": "advanceautopartscoupon.com",
              "First": 1520581503556,
              "Last": 1529289918561,
              "Overlap": false
            },
            {
              "Domain": "advanceautopartscoupon.net",
              "First": 1520581503556,
              "Last": 1524472678083,
              "Overlap": false
            },
            {
              "Domain": "advanceautopartsw.com",
              "First": 1520581503556,
              "Last": 1524472678083,
              "Overlap": false
            },
            {
              "Domain": "advanceautosparts.com",
              "First": 1520581503556,
              "Last": 1520581503556,
              "Overlap": false
            },
            {
              "Domain": "advanceautopartswearever25entry.com",
              "First": 1520581503556,
              "Last": 1524472678083,
              "Overlap": false
            },
            {
              "Domain": "advancecautoparts.com",
              "First": 1520581503556,
              "Last": 1524472678083,
              "Overlap": false
            },
            {
              "Domain": "advanceaitoparts.com",
              "First": 1520581503556,
              "Last": 1520581503556,
              "Overlap": false
            },
            {
              "Domain": "advanceautopartsrms.com",
              "First": 1520581503556,
              "Last": 1524472678083,
              "Overlap": false
            },
            {
              "Domain": "advanceautopoarts.com",
              "First": 1520581503556,
              "Last": 1524472678083,
              "Overlap": false
            },
            {
              "Domain": "advanceautoports.com",
              "First": 1520581503556,
              "Last": 1529289918561,
              "Overlap": false
            },
            {
              "Domain": "advanceautparts.com",
              "First": 1520581503556,
              "Last": 1529289918561,
              "Overlap": false
            },
            {
              "Domain": "advanceautopparts.com",
              "First": 1520581503556,
              "Last": 1520581503556,
              "Overlap": false
            },
            {
              "Domain": "advanceautopqrts.com",
              "First": 1520581503556,
              "Last": 1520581503556,
              "Overlap": false
            },
            {
              "Domain": "advanceautpoarts.com",
              "First": 1520581503556,
              "Last": 1524472678083,
              "Overlap": false
            },
            {
              "Domain": "advanceautopart.net",
              "First": 1520581503556,
              "Last": 1520581503556,
              "Overlap": false
            },
            {
              "Domain": "advancaeutoparts.com",
              "First": 1520581503556,
              "Last": 1524472678083,
              "Overlap": false
            },
            {
              "Domain": "advanceauttoparts.com",
              "First": 1520581503556,
              "Last": 1524472678083,
              "Overlap": false
            },
            {
              "Domain": "advanceautopaarts.com",
              "First": 1520581503556,
              "Last": 1524472678083,
              "Overlap": false
            },
            {
              "Domain": "advanceautuoparts.com",
              "First": 1520581503556,
              "Last": 1524472678083,
              "Overlap": false
            },
            {
              "Domain": "advanceautoarts.com",
              "First": 1520581503556,
              "Last": 1520581503556,
              "Overlap": false
            },
            {
              "Domain": "advanceaut0parts.com",
              "First": 1520581503556,
              "Last": 1524472678083,
              "Overlap": false
            },
            {
              "Domain": "advanceautopartsprofessional.com",
              "First": 1520581503556,
              "Last": 1524472678083,
              "Overlap": false
            },
            {
              "Domain": "advanceautaparts.com",
              "First": 1520581503556,
              "Last": 1529289918561,
              "Overlap": false
            },
            {
              "Domain": "advanceautopartspromocode.net",
              "First": 1520581503556,
              "Last": 1520581503556,
              "Overlap": false
            },
            {
              "Domain": "advanceautopatts.com",
              "First": 1520581503556,
              "Last": 1520581503556,
              "Overlap": false
            },
            {
              "Domain": "advanceautoperts.com",
              "First": 1520581503556,
              "Last": 1524472678083,
              "Overlap": false
            },
            {
              "Domain": "advanceautopartsreview.com",
              "First": 1520581503556,
              "Last": 1524472678083,
              "Overlap": false
            },
            {
              "Domain": "advanceautoparta.com",
              "First": 1520581503556,
              "Last": 1524472678083,
              "Overlap": false
            },
            {
              "Domain": "advanceautopartds.com",
              "First": 1520581503556,
              "Last": 1524472678083,
              "Overlap": false
            },
            {
              "Domain": "advanceautoparts.co",
              "First": 1520581503556,
              "Last": 1524472678083,
              "Overlap": false
            },
            {
              "Domain": "advanceautoparte.com",
              "First": 1520581503556,
              "Last": 1524472678083,
              "Overlap": false
            },
            {
              "Domain": "advanceautopartsthunderseries.net",
              "First": 1520581503556,
              "Last": 1524472678083,
              "Overlap": false
            },
            {
              "Domain": "avdanceautoparts.com",
              "First": 1520581503556,
              "Last": 1524472678083,
              "Overlap": false
            },
            {
              "Domain": "advanceautopartssouth4th.com",
              "First": 1520581503556,
              "Last": 1524472678083,
              "Overlap": false
            },
            {
              "Domain": "advanceautopartsstoreforsale.com",
              "First": 1520581503556,
              "Last": 1529289918561,
              "Overlap": false
            },
            {
              "Domain": "advanceautopartsthunderseries.com",
              "First": 1520581503556,
              "Last": 1520581503556,
              "Overlap": false
            },
            {
              "Domain": "advanceautopaerts.com",
              "First": 1520581503556,
              "Last": 1520581503556,
              "Overlap": false
            },
            {
              "Domain": "advsnceautoparts.com",
              "First": 1520581503556,
              "Last": 1524472678083,
              "Overlap": false
            },
            {
              "Domain": "advanceauyoparts.com",
              "First": 1520581503556,
              "Last": 1529289918561,
              "Overlap": false
            },
            {
              "Domain": "advanceautopaets.com",
              "First": 1520581503556,
              "Last": 1529289918561,
              "Overlap": false
            },
            {
              "Domain": "audvanceautoparts.com",
              "First": 1520581503556,
              "Last": 1529289918561,
              "Overlap": false
            },
            {
              "Domain": "advamnceautoparts.com",
              "First": 1520581503556,
              "Last": 1529289918561,
              "Overlap": false
            },
            {
              "Domain": "advancceautoparts.com",
              "First": 1520581503556,
              "Last": 1529289918561,
              "Overlap": false
            },
            {
              "Domain": "advanceautopartssalaries.com",
              "First": 1520581503556,
              "Last": 1524472678083,
              "Overlap": false
            },
            {
              "Domain": "advancdautoparts.com",
              "First": 1520581503556,
              "Last": 1524472678083,
              "Overlap": false
            },
            {
              "Domain": "advanceautopars.com",
              "First": 1524472678083,
              "Last": 1529289918561,
              "Overlap": false
            },
            {
              "Domain": "advanceautopartsrealestate.com",
              "First": 1524472678083,
              "Last": 1524472678083,
              "Overlap": false
            },
            {
              "Domain": "advanceautorparts.com",
              "First": 1524472678083,
              "Last": 1524472678083,
              "Overlap": false
            },
            {
              "Domain": "advanceautoiparts.com",
              "First": 1524472678083,
              "Last": 1524472678083,
              "Overlap": false
            },
            {
              "Domain": "advance-auto-parts.info",
              "First": 1524472678083,
              "Last": 1524472678083,
              "Overlap": false
            },
            {
              "Domain": "advancdeautoparts.com",
              "First": 1524472678083,
              "Last": 1524472678083,
              "Overlap": false
            },
            {
              "Domain": "adnanceautoparts.com",
              "First": 1524472678083,
              "Last": 1524472678083,
              "Overlap": false
            },
            {
              "Domain": "advanceautoparrs.com",
              "First": 1524472678083,
              "Last": 1529289918561,
              "Overlap": false
            },
            {
              "Domain": "advanceautopartshours.com",
              "First": 1524472678083,
              "Last": 1524472678083,
              "Overlap": false
            },
            {
              "Domain": "advanceautopartts.com",
              "First": 1524472678083,
              "Last": 1524472678083,
              "Overlap": false
            },
            {
              "Domain": "advanceautoparts4myrebates.com",
              "First": 1524472678083,
              "Last": 1529289918561,
              "Overlap": false
            },
            {
              "Domain": "advanceautopartsacademy.com",
              "First": 1524472678083,
              "Last": 1524472678083,
              "Overlap": false
            },
            {
              "Domain": "advacnceautoparts.com",
              "First": 1524472678083,
              "Last": 1524472678083,
              "Overlap": false
            },
            {
              "Domain": "advanceautpparts.com",
              "First": 1524472678083,
              "Last": 1529289918561,
              "Overlap": false
            },
            {
              "Domain": "advanceautopartd.com",
              "First": 1524472678083,
              "Last": 1524472678083,
              "Overlap": false
            },
            {
              "Domain": "advance-autoparts.net",
              "First": 1524472678083,
              "Last": 1524472678083,
              "Overlap": false
            },
            {
              "Domain": "advanceautoparts.net",
              "First": 1524472678083,
              "Last": 1524472678083,
              "Overlap": false
            },
            {
              "Domain": "advvanceautoparts.com",
              "First": 1524472678083,
              "Last": 1524472678083,
              "Overlap": false
            },
            {
              "Domain": "qdvanceautoparts.com",
              "First": 1529272526901,
              "Last": 1529272526901,
              "Overlap": false
            },
            {
              "Domain": "advanceautopcrts.com",
              "First": 1529289918561,
              "Last": 1529289918561,
              "Overlap": false
            },
            {
              "Domain": "advancequtoparts.com",
              "First": 1529289918561,
              "Last": 1529289918561,
              "Overlap": false
            },
            {
              "Domain": "advanceauloparts.com",
              "First": 1529289918561,
              "Last": 1529289918561,
              "Overlap": false
            },
            {
              "Domain": "advanceautopartsla.com",
              "First": 1529289918561,
              "Last": 1529289918561,
              "Overlap": false
            },
            {
              "Domain": "advanceautopartsltd.com",
              "First": 1529289918561,
              "Last": 1529289918561,
              "Overlap": false
            },
            {
              "Domain": "advanceautoparts1.com",
              "First": 1529289918561,
              "Last": 1529289918561,
              "Overlap": false
            },
            {
              "Domain": "advanceautoparats.com",
              "First": 1529289918561,
              "Last": 1529289918561,
              "Overlap": false
            },
            {
              "Domain": "advanceautopartsraleigh.com",
              "First": 1529289918561,
              "Last": 1529289918561,
              "Overlap": false
            },
            {
              "Domain": "advaneautoparts.com",
              "First": 1529289918561,
              "Last": 1529289918561,
              "Overlap": false
            },
            {
              "Domain": "aaparstg.com",
              "First": 1568759625846,
              "Last": 1568759625846,
              "Overlap": false
            },
            {
              "Domain": "holzerhhc.com",
              "First": 1584833001588,
              "Last": 1584833001588,
              "Overlap": false
            },
            {
              "Domain": "diehard.com",
              "First": 1601176614859,
              "Last": 1624505525444,
              "Overlap": false
            },
            {
              "Domain": "advancestores.com",
              "First": 1170921600000,
              "Last": 1170921600000,
              "Overlap": false
            },
            {
              "Domain": "advance-auto.com",
              "First": 1159945200000,
              "Last": 1230796800000,
              "Overlap": false
            },
            {
              "Domain": "advanceautoparts.org",
              "First": 1201766400000,
              "Last": 1201766400000,
              "Overlap": false
            },
            {
              "Domain": "carportautoparts.com",
              "First": 1200384000000,
              "Last": 1200384000000,
              "Overlap": false
            }
          ]
        },
        {
          "Type": "coremetrics",
          "Value": "90227392",
          "First": 1484764831757,
          "Last": 1485347584276,
          "Matches": [
            {
              "Domain": "shop.advanceautoparts.com",
              "First": 1464156785693,
              "Last": 1488866854448,
              "Overlap": true
            },
            {
              "Domain": "jdoqocy.com",
              "First": 1476589275651,
              "Last": 1481371189113,
              "Overlap": false
            },
            {
              "Domain": "tkqlhce.com",
              "First": 1476590729620,
              "Last": 1481371189113,
              "Overlap": false
            },
            {
              "Domain": "storeslike.com",
              "First": 1483592372694,
              "Last": 1483592372694,
              "Overlap": false
            }
          ]
        },
        {
          "Type": "google",
          "Value": "advanceautoparts",
          "First": 1491308791994,
          "Last": 1500384248351,
          "Matches": [
            {
              "Domain": "shop.advanceautoparts.com",
              "First": 1488411751079,
              "Last": 1502242713564,
              "Overlap": true
            },
            {
              "Domain": "advanceautoparts.com",
              "First": 1488280450866,
              "Last": 1496198623258,
              "Overlap": true
            },
            {
              "Domain": "advanceauto.com",
              "First": 1491308791994,
              "Last": 1496198623258,
              "Overlap": true
            }
          ]
        },
        {
          "Type": "ip",
          "Value": "52.52.18.176",
          "First": 1503356400000,
          "Last": 1590204966124,
          "Matches": []
        },
        {
          "Type": "ip",
          "Value": "52.52.64.247",
          "First": 1503356400000,
          "Last": 1608420907166,
          "Matches": []
        },
        {
          "Type": "ip",
          "Value": "23.22.216.234",
          "First": 1505170800000,
          "Last": 1533596400000,
          "Matches": []
        },
        {
          "Type": "ip",
          "Value": "52.86.163.26",
          "First": 1505170800000,
          "Last": 1533596400000,
          "Matches": []
        },
        {
          "Type": "google-tag-manager",
          "Value": "M642XL4",
          "First": 1517483047876,
          "Last": 1517483047876,
          "Matches": [
            {
              "Domain": "peoplecenteradvanceautoparts.com",
              "First": 1517480643320,
              "Last": 1517480643320,
              "Overlap": false
            },
            {
              "Domain": "plymouthadvanceautoparts.com",
              "First": 1517480643320,
              "Last": 1517480643320,
              "Overlap": false
            },
            {
              "Domain": "sdvanceautoparts.com",
              "First": 1517529989810,
              "Last": 1517529989810,
              "Overlap": false
            },
            {
              "Domain": "davanceautoparts.com",
              "First": 1517512487390,
              "Last": 1517512487390,
              "Overlap": false
            },
            {
              "Domain": "discountadvanceautoparts.com",
              "First": 1517512487390,
              "Last": 1517512487390,
              "Overlap": false
            },
            {
              "Domain": "commercialadvanceautoparts.com",
              "First": 1517519540322,
              "Last": 1517519540322,
              "Overlap": false
            },
            {
              "Domain": "wwwadvance-coupons.com",
              "First": 1517522399402,
              "Last": 1517522399402,
              "Overlap": false
            },
            {
              "Domain": "wwwadvanceautoparts.com",
              "First": 1517522399402,
              "Last": 1517522399402,
              "Overlap": false
            },
            {
              "Domain": "adbanceautoparts.com",
              "First": 1517483423239,
              "Last": 1517483423239,
              "Overlap": false
            },
            {
              "Domain": "shop.advanceautoparts.com",
              "First": 1517483423239,
              "Last": 1520316900086,
              "Overlap": false
            },
            {
              "Domain": "advanceatoparts.com",
              "First": 1517483423239,
              "Last": 1517483423239,
              "Overlap": false
            },
            {
              "Domain": "abvanceautoparts.com",
              "First": 1517483423239,
              "Last": 1517483423239,
              "Overlap": false
            },
            {
              "Domain": "advanceautoparts.com",
              "First": 1517483423239,
              "Last": 1574704219586,
              "Overlap": false
            },
            {
              "Domain": "adcanceautoparts.com",
              "First": 1517483423239,
              "Last": 1517483423239,
              "Overlap": false
            },
            {
              "Domain": "advanceautopartss.com",
              "First": 1517483423239,
              "Last": 1517483423239,
              "Overlap": false
            },
            {
              "Domain": "advanceautooparts.com",
              "First": 1517483423239,
              "Last": 1517483423239,
              "Overlap": false
            },
            {
              "Domain": "andvanceautoparts.com",
              "First": 1517483423239,
              "Last": 1517483423239,
              "Overlap": false
            },
            {
              "Domain": "advanceautoparst.com",
              "First": 1517483423239,
              "Last": 1517483423239,
              "Overlap": false
            },
            {
              "Domain": "acvanceautoparts.com",
              "First": 1517483423239,
              "Last": 1517483423239,
              "Overlap": false
            },
            {
              "Domain": "adavanceautoparts.com",
              "First": 1517483423239,
              "Last": 1517483423239,
              "Overlap": false
            },
            {
              "Domain": "advanceauoparts.com",
              "First": 1517483423239,
              "Last": 1517483423239,
              "Overlap": false
            },
            {
              "Domain": "advangeautoparts.com",
              "First": 1517483423239,
              "Last": 1517483423239,
              "Overlap": false
            },
            {
              "Domain": "advbanceautoparts.com",
              "First": 1517483423239,
              "Last": 1517483423239,
              "Overlap": false
            },
            {
              "Domain": "advanecautoparts.com",
              "First": 1517483423239,
              "Last": 1517483423239,
              "Overlap": false
            },
            {
              "Domain": "advanceoautoparts.com",
              "First": 1517483423239,
              "Last": 1517483423239,
              "Overlap": false
            },
            {
              "Domain": "advanceautopartrs.com",
              "First": 1517483423239,
              "Last": 1517483423239,
              "Overlap": false
            },
            {
              "Domain": "advanceautopartsjob.com",
              "First": 1517483423239,
              "Last": 1517483423239,
              "Overlap": false
            },
            {
              "Domain": "aadvanceautoparts.com",
              "First": 1517483423239,
              "Last": 1517483423239,
              "Overlap": false
            },
            {
              "Domain": "adanceautoparts.com",
              "First": 1517483423239,
              "Last": 1517483423239,
              "Overlap": false
            },
            {
              "Domain": "avanceautoparts.com",
              "First": 1517483423239,
              "Last": 1517483423239,
              "Overlap": false
            },
            {
              "Domain": "advanceauto.com",
              "First": 1517483047876,
              "Last": 1517483047876,
              "Overlap": true
            },
            {
              "Domain": "vanceautoparts.com",
              "First": 1517480020566,
              "Last": 1517480020566,
              "Overlap": false
            },
            {
              "Domain": "shop.ak.ecommqa11.test.advanceauto.cloud",
              "First": 1623664600757,
              "Last": 1623664600757,
              "Overlap": false
            },
            {
              "Domain": "shop.ak.ecommqa24.test.advanceauto.cloud",
              "First": 1623664600757,
              "Last": 1623664600757,
              "Overlap": false
            },
            {
              "Domain": "shop.ak.ecommqa26.test.advanceauto.cloud",
              "First": 1623664600757,
              "Last": 1623664600757,
              "Overlap": false
            }
          ]
        },
        {
          "Type": "ip",
          "Value": "46.166.189.98",
          "First": 1612911791138,
          "Last": 1618255039947,
          "Matches": []
        },
        {
          "Type": "ip",
          "Value": "15.197.142.173",
          "First": 1635125566000,
          "Last": 1635125566000,
          "Matches": [
            {
              "Domain": "succeedwithchan.com",
              "First": 1634343841173,
              "Last": 1634343841173,
              "Overlap": false
            },
            {
              "Domain": "suckafreeapparel.com",
              "First": 1634343832675,
              "Last": 1634343832675,
              "Overlap": false
            },
            {
              "Domain": "sublimecatncanine.com",
              "First": 1634343850484,
              "Last": 1634343850484,
              "Overlap": false
            },
            {
              "Domain": "subtil.com",
              "First": 1634343857311,
              "Last": 1634343857311,
              "Overlap": false
            },
            {
              "Domain": "successstoriesafrica.com",
              "First": 1634343852437,
              "Last": 1634344331723,
              "Overlap": false
            },
            {
              "Domain": "suburban-sluts.com",
              "First": 1634343874682,
              "Last": 1634343874682,
              "Overlap": false
            },
            {
              "Domain": "succeedinyourlife.com",
              "First": 1634343894710,
              "Last": 1634343895054,
              "Overlap": false
            },
            {
              "Domain": "successwithhannah.co.uk",
              "First": 1634343885009,
              "Last": 1634343885009,
              "Overlap": false
            },
            {
              "Domain": "success-force.com",
              "First": 1634343895507,
              "Last": 1634344201075,
              "Overlap": false
            },
            {
              "Domain": "subito.click",
              "First": 1634343916268,
              "Last": 1634343916268,
              "Overlap": false
            },
            {
              "Domain": "succinct.com",
              "First": 1634343915284,
              "Last": 1634344011532,
              "Overlap": false
            },
            {
              "Domain": "successweaver.com",
              "First": 1634343910613,
              "Last": 1634343910613,
              "Overlap": false
            },
            {
              "Domain": "successplan411.com",
              "First": 1634343928157,
              "Last": 1634343928157,
              "Overlap": false
            },
            {
              "Domain": "successplan411.net",
              "First": 1634343928157,
              "Last": 1634343928157,
              "Overlap": false
            },
            {
              "Domain": "suburbandirectory.com",
              "First": 1634343947216,
              "Last": 1634343947216,
              "Overlap": false
            },
            {
              "Domain": "suburbanbakery.com",
              "First": 1634343947216,
              "Last": 1634343947216,
              "Overlap": false
            },
            {
              "Domain": "subarudealeronline.com",
              "First": 1634343246095,
              "Last": 1634343946185,
              "Overlap": false
            },
            {
              "Domain": "successwithtandi.com",
              "First": 1634344179673,
              "Last": 1634344179673,
              "Overlap": false
            },
            {
              "Domain": "successautosales.net",
              "First": 1634343950450,
              "Last": 1634343950450,
              "Overlap": false
            },
            {
              "Domain": "successguide4women.com",
              "First": 1634343944076,
              "Last": 1634343944076,
              "Overlap": false
            },
            {
              "Domain": "successglobalwithstephen.com",
              "First": 1634343944076,
              "Last": 1634343944076,
              "Overlap": false
            },
            {
              "Domain": "subieyota.com",
              "First": 1634343976164,
              "Last": 1634343976164,
              "Overlap": false
            },
            {
              "Domain": "subseaengineeringnews.com",
              "First": 1634343963947,
              "Last": 1634343963947,
              "Overlap": false
            },
            {
              "Domain": "success-magnet.com",
              "First": 1634344374106,
              "Last": 1634344374106,
              "Overlap": false
            },
            {
              "Domain": "successeattravel.com",
              "First": 1634343983412,
              "Last": 1634343983412,
              "Overlap": false
            },
            {
              "Domain": "successdesign.com",
              "First": 1634344284013,
              "Last": 1634344284013,
              "Overlap": false
            },
            {
              "Domain": "successiao.com",
              "First": 1634343699793,
              "Last": 1634343699793,
              "Overlap": false
            },
            {
              "Domain": "suckhoedoidao.com",
              "First": 1634343983084,
              "Last": 1634343983084,
              "Overlap": false
            },
            {
              "Domain": "suburbanhomeboy.com",
              "First": 1634343506375,
              "Last": 1634343506375,
              "Overlap": false
            },
            {
              "Domain": "subscriptions.org",
              "First": 1634343979975,
              "Last": 1634343979975,
              "Overlap": false
            },
            {
              "Domain": "subseainspections.com",
              "First": 1634343979975,
              "Last": 1634343979975,
              "Overlap": false
            },
            {
              "Domain": "suburbancatering.com",
              "First": 1634343999081,
              "Last": 1634343999081,
              "Overlap": false
            },
            {
              "Domain": "succeedwithjan.com",
              "First": 1634344002815,
              "Last": 1634344002815,
              "Overlap": false
            },
            {
              "Domain": "successclinic.net",
              "First": 1634343999519,
              "Last": 1634343999519,
              "Overlap": false
            },
            {
              "Domain": "successclinic.org",
              "First": 1634343999519,
              "Last": 1634344388041,
              "Overlap": false
            },
            {
              "Domain": "subux.com",
              "First": 1634343782215,
              "Last": 1634344010939,
              "Overlap": false
            },
            {
              "Domain": "succeedwithhoward.com",
              "First": 1634344016234,
              "Last": 1634344264720,
              "Overlap": false
            },
            {
              "Domain": "subliminalsuccessaccelerator.com",
              "First": 1634344016422,
              "Last": 1634344016422,
              "Overlap": false
            },
            {
              "Domain": "succor.com",
              "First": 1634344051587,
              "Last": 1634344051587,
              "Overlap": false
            },
            {
              "Domain": "sucessao.online",
              "First": 1634344075536,
              "Last": 1634344075536,
              "Overlap": false
            },
            {
              "Domain": "successabroad.com",
              "First": 1634344077036,
              "Last": 1634344077036,
              "Overlap": false
            },
            {
              "Domain": "successwithmindmagic.group",
              "First": 1634344073099,
              "Last": 1634344073099,
              "Overlap": false
            },
            {
              "Domain": "subpeona.org",
              "First": 1634344084862,
              "Last": 1634344084862,
              "Overlap": false
            },
            {
              "Domain": "sucessondemand.com",
              "First": 1634344101078,
              "Last": 1634344101078,
              "Overlap": false
            },
            {
              "Domain": "successstartsnow.com.au",
              "First": 1634344103171,
              "Last": 1634344103171,
              "Overlap": false
            },
            {
              "Domain": "suckerfreestyle.com",
              "First": 1634344112045,
              "Last": 1634344112045,
              "Overlap": false
            },
            {
              "Domain": "subloque.com",
              "First": 1634343807429,
              "Last": 1634344125058,
              "Overlap": false
            },
            {
              "Domain": "subprise.com",
              "First": 1634344129604,
              "Last": 1634344129604,
              "Overlap": false
            },
            {
              "Domain": "successfulmumsathome.com.au",
              "First": 1634344793107,
              "Last": 1634344793107,
              "Overlap": false
            },
            {
              "Domain": "successnotsuicide.com",
              "First": 1634344145773,
              "Last": 1634344145773,
              "Overlap": false
            },
            {
              "Domain": "successsecretsseminar.com",
              "First": 1634344168472,
              "Last": 1634344168472,
              "Overlap": false
            },
            {
              "Domain": "successformulasolutions.com",
              "First": 1634344178751,
              "Last": 1634344178751,
              "Overlap": false
            },
            {
              "Domain": "successbreakthroughworkshop.com",
              "First": 1634344635604,
              "Last": 1634344635604,
              "Overlap": false
            },
            {
              "Domain": "successforlifetutoring.com",
              "First": 1634344206855,
              "Last": 1634344206855,
              "Overlap": false
            },
            {
              "Domain": "successcoachsandiego.com",
              "First": 1634343818083,
              "Last": 1634343818083,
              "Overlap": false
            },
            {
              "Domain": "suburbanlending.com",
              "First": 1634344212776,
              "Last": 1634344212776,
              "Overlap": false
            },
            {
              "Domain": "successgiftstore.com",
              "First": 1634344212776,
              "Last": 1634344212776,
              "Overlap": false
            },
            {
              "Domain": "successcon.org",
              "First": 1634344225649,
              "Last": 1634344225649,
              "Overlap": false
            },
            {
              "Domain": "successwithsammyg.com",
              "First": 1634344233569,
              "Last": 1634344233569,
              "Overlap": false
            },
            {
              "Domain": "successfullysinglemoms.com",
              "First": 1634344238959,
              "Last": 1634344238959,
              "Overlap": false
            },
            {
              "Domain": "suckafreemixtape.com",
              "First": 1634344239021,
              "Last": 1634344239021,
              "Overlap": false
            },
            {
              "Domain": "suckerfreemixtape.com",
              "First": 1634344239021,
              "Last": 1634344466042,
              "Overlap": false
            },
            {
              "Domain": "successwitherica.com",
              "First": 1634344229101,
              "Last": 1634344229101,
              "Overlap": false
            },
            {
              "Domain": "successstandards.com",
              "First": 1634344256831,
              "Last": 1634344256831,
              "Overlap": false
            },
            {
              "Domain": "sucredenada.com",
              "First": 1634344261564,
              "Last": 1634344261564,
              "Overlap": false
            },
            {
              "Domain": "successcoachingcertification.com",
              "First": 1634344263298,
              "Last": 1634344263298,
              "Overlap": false
            },
            {
              "Domain": "suckerfreetv.com",
              "First": 1634344259752,
              "Last": 1634344711590,
              "Overlap": false
            },
            {
              "Domain": "successonus.com",
              "First": 1634344284294,
              "Last": 1634344284294,
              "Overlap": false
            },
            {
              "Domain": "suburbity.com",
              "First": 1634344300963,
              "Last": 1634344300963,
              "Overlap": false
            },
            {
              "Domain": "successwithjim.info",
              "First": 1634344380776,
              "Last": 1634344380776,
              "Overlap": false
            },
            {
              "Domain": "succeedadversity.com",
              "First": 1634344300619,
              "Last": 1634344300619,
              "Overlap": false
            },
            {
              "Domain": "successinresales.com",
              "First": 1634344299526,
              "Last": 1634344299526,
              "Overlap": false
            },
            {
              "Domain": "successanatomy.com",
              "First": 1634344319522,
              "Last": 1634344319522,
              "Overlap": false
            },
            {
              "Domain": "successmarketing.tips",
              "First": 1634344317241,
              "Last": 1634344317241,
              "Overlap": false
            },
            {
              "Domain": "successwithpeterandlaurie.com",
              "First": 1634344332926,
              "Last": 1634344332926,
              "Overlap": false
            },
            {
              "Domain": "suckitjantz.com",
              "First": 1634344327286,
              "Last": 1634344327286,
              "Overlap": false
            },
            {
              "Domain": "successfulempaths.com",
              "First": 1634344327099,
              "Last": 1634344327099,
              "Overlap": false
            },
            {
              "Domain": "successwithmaryellen.com",
              "First": 1634344339175,
              "Last": 1634344339175,
              "Overlap": false
            },
            {
              "Domain": "successwithmakeup.com",
              "First": 1634344348720,
              "Last": 1634344348720,
              "Overlap": false
            },
            {
              "Domain": "successandwholeness.com",
              "First": 1634344339144,
              "Last": 1634344339144,
              "Overlap": false
            },
            {
              "Domain": "successissexy.club",
              "First": 1634344342893,
              "Last": 1634344342893,
              "Overlap": false
            },
            {
              "Domain": "successgiftshop.com",
              "First": 1634344362077,
              "Last": 1634344362077,
              "Overlap": false
            },
            {
              "Domain": "successwithterence.com",
              "First": 1634344359843,
              "Last": 1634344359843,
              "Overlap": false
            },
            {
              "Domain": "sublimedancefitness.net",
              "First": 1634344357312,
              "Last": 1634344357312,
              "Overlap": false
            },
            {
              "Domain": "success2live.com",
              "First": 1634344359968,
              "Last": 1634344359968,
              "Overlap": false
            },
            {
              "Domain": "sublimationblanks4less.com",
              "First": 1634344357312,
              "Last": 1634344357312,
              "Overlap": false
            },
            {
              "Domain": "succeedanytime.com",
              "First": 1634343787839,
              "Last": 1634344375949,
              "Overlap": false
            },
            {
              "Domain": "sudaroca.com",
              "First": 1634344375840,
              "Last": 1634344375840,
              "Overlap": false
            },
            {
              "Domain": "sucessclinic.com",
              "First": 1634344388041,
              "Last": 1634344388041,
              "Overlap": false
            },
            {
              "Domain": "successwithcpascott.com",
              "First": 1634344406709,
              "Last": 1634344408412,
              "Overlap": false
            },
            {
              "Domain": "successplanwitherickaparrott.com",
              "First": 1634344406709,
              "Last": 1634344406709,
              "Overlap": false
            },
            {
              "Domain": "sudder.org",
              "First": 1634344398633,
              "Last": 1634344398633,
              "Overlap": false
            },
            {
              "Domain": "sudder.net",
              "First": 1634344398633,
              "Last": 1634344398633,
              "Overlap": false
            },
            {
              "Domain": "successfulmom.info",
              "First": 1634344414989,
              "Last": 1634344506160,
              "Overlap": false
            },
            {
              "Domain": "successinsite.com",
              "First": 1634344413599,
              "Last": 1634344413599,
              "Overlap": false
            },
            {
              "Domain": "success2fortune.com",
              "First": 1634344926020,
              "Last": 1634344926020,
              "Overlap": false
            },
            {
              "Domain": "success-productions.com",
              "First": 1634344425315,
              "Last": 1634344425315,
              "Overlap": false
            },
            {
              "Domain": "suckerfreeclothing.com",
              "First": 1634344439016,
              "Last": 1634344439016,
              "Overlap": false
            },
            {
              "Domain": "successfulentrepeneur.com",
              "First": 1634344669083,
              "Last": 1634344669083,
              "Overlap": false
            },
            {
              "Domain": "succesfulinterviews.com",
              "First": 1634344636870,
              "Last": 1634344636870,
              "Overlap": false
            },
            {
              "Domain": "subtleenergywork.com",
              "First": 1634344444749,
              "Last": 1634344444749,
              "Overlap": false
            },
            {
              "Domain": "successcreditsolutions.com",
              "First": 1634344455981,
              "Last": 1634345046841,
              "Overlap": false
            },
            {
              "Domain": "sudhirsharma.uk",
              "First": 1634344467432,
              "Last": 1634344467432,
              "Overlap": false
            },
            {
              "Domain": "successrecipe.co",
              "First": 1634344466042,
              "Last": 1634344866890,
              "Overlap": false
            },
            {
              "Domain": "success-enablers.com",
              "First": 1634344843457,
              "Last": 1634344843457,
              "Overlap": false
            },
            {
              "Domain": "success-sixfigure.com",
              "First": 1634344478399,
              "Last": 1634344478399,
              "Overlap": false
            },
            {
              "Domain": "sucla.in",
              "First": 1634344502660,
              "Last": 1634344821055,
              "Overlap": false
            },
            {
              "Domain": "sudanradio.org",
              "First": 1634344502567,
              "Last": 1634344502567,
              "Overlap": false
            },
            {
              "Domain": "successqigong.com",
              "First": 1634344521875,
              "Last": 1634344521875,
              "Overlap": false
            },
            {
              "Domain": "subdine.in",
              "First": 1634344531233,
              "Last": 1634344531233,
              "Overlap": false
            },
            {
              "Domain": "suddeninfo.com",
              "First": 1634344524453,
              "Last": 1634344524453,
              "Overlap": false
            },
            {
              "Domain": "successwithgena.com",
              "First": 1634344530030,
              "Last": 1634344530030,
              "Overlap": false
            },
            {
              "Domain": "suckafreeradio.com",
              "First": 1634344608766,
              "Last": 1634344608766,
              "Overlap": false
            },
            {
              "Domain": "suckafreeradio.net",
              "First": 1634344608766,
              "Last": 1634344608766,
              "Overlap": false
            },
            {
              "Domain": "sudan.co",
              "First": 1634344556557,
              "Last": 1634344561915,
              "Overlap": false
            },
            {
              "Domain": "sudarma.com",
              "First": 1634344558306,
              "Last": 1634344731712,
              "Overlap": false
            },
            {
              "Domain": "sudao.online",
              "First": 1634344574397,
              "Last": 1634344574397,
              "Overlap": false
            },
            {
              "Domain": "successforthestart.com",
              "First": 1634344581411,
              "Last": 1634344973089,
              "Overlap": false
            },
            {
              "Domain": "sudamericana-seguros.com",
              "First": 1634344591191,
              "Last": 1634344591191,
              "Overlap": false
            },
            {
              "Domain": "successfulphotographyusa.com",
              "First": 1634344598502,
              "Last": 1634344598502,
              "Overlap": false
            },
            {
              "Domain": "suddencircuit.com",
              "First": 1634344652945,
              "Last": 1634344652945,
              "Overlap": false
            },
            {
              "Domain": "sudderstreet.com",
              "First": 1634344615811,
              "Last": 1634344615811,
              "Overlap": false
            },
            {
              "Domain": "suckteens.net",
              "First": 1634344620389,
              "Last": 1634344620389,
              "Overlap": false
            },
            {
              "Domain": "successfulsuccessor.com",
              "First": 1634344637401,
              "Last": 1634344637401,
              "Overlap": false
            },
            {
              "Domain": "sudduthteam.com",
              "First": 1634344634417,
              "Last": 1634344634417,
              "Overlap": false
            },
            {
              "Domain": "sudininc.com",
              "First": 1634344643619,
              "Last": 1634344643619,
              "Overlap": false
            },
            {
              "Domain": "successwiththeclub.com",
              "First": 1634344641931,
              "Last": 1634344641931,
              "Overlap": false
            },
            {
              "Domain": "succulenticious.com",
              "First": 1634344640260,
              "Last": 1634344640260,
              "Overlap": false
            },
            {
              "Domain": "sucasacubana.com",
              "First": 1634344647852,
              "Last": 1634344647852,
              "Overlap": false
            },
            {
              "Domain": "sudburyfingerprints.com",
              "First": 1634344674566,
              "Last": 1634344674566,
              "Overlap": false
            },
            {
              "Domain": "successfultrip.com",
              "First": 1634344661928,
              "Last": 1634344661928,
              "Overlap": false
            },
            {
              "Domain": "suctionmount.com",
              "First": 1634344680987,
              "Last": 1634344680987,
              "Overlap": false
            },
            {
              "Domain": "suctioncupmount.com",
              "First": 1634344680987,
              "Last": 1634344680987,
              "Overlap": false
            },
            {
              "Domain": "suckerfreeentertainment.com",
              "First": 1634344680987,
              "Last": 1634344680987,
              "Overlap": false
            },
            {
              "Domain": "suckafreeent.com",
              "First": 1634344680987,
              "Last": 1634344680987,
              "Overlap": false
            },
            {
              "Domain": "suecarnival.com",
              "First": 1634344690360,
              "Last": 1634345108751,
              "Overlap": false
            },
            {
              "Domain": "successfulinlove.com",
              "First": 1634344697655,
              "Last": 1634344697655,
              "Overlap": false
            },
            {
              "Domain": "suderstreet.com",
              "First": 1634344707107,
              "Last": 1634344707107,
              "Overlap": false
            },
            {
              "Domain": "sudsdirect.com",
              "First": 1634344701748,
              "Last": 1634344969387,
              "Overlap": false
            },
            {
              "Domain": "successwithivory.com",
              "First": 1634344706341,
              "Last": 1634344706341,
              "Overlap": false
            },
            {
              "Domain": "sudonsi.com",
              "First": 1634344704826,
              "Last": 1634344704826,
              "Overlap": false
            },
            {
              "Domain": "sudaninvestigates.com",
              "First": 1634344721120,
              "Last": 1634344721120,
              "Overlap": false
            },
            {
              "Domain": "suceava.cool",
              "First": 1634345130232,
              "Last": 1634345130232,
              "Overlap": false
            },
            {
              "Domain": "sudanphotos.com",
              "First": 1634344730165,
              "Last": 1634344730165,
              "Overlap": false
            },
            {
              "Domain": "sue-scheff.org",
              "First": 1634344747927,
              "Last": 1634344788904,
              "Overlap": false
            },
            {
              "Domain": "successfulinspector.net",
              "First": 1634344759410,
              "Last": 1634344759410,
              "Overlap": false
            },
            {
              "Domain": "successindicator.org",
              "First": 1634344759410,
              "Last": 1634344759410,
              "Overlap": false
            },
            {
              "Domain": "succeedwithheart.com",
              "First": 1634344783171,
              "Last": 1634344783171,
              "Overlap": false
            },
            {
              "Domain": "successkebab.com",
              "First": 1634344803152,
              "Last": 1634344803152,
              "Overlap": false
            },
            {
              "Domain": "sudeepbala.com",
              "First": 1634344793872,
              "Last": 1634344793872,
              "Overlap": false
            },
            {
              "Domain": "sudojimmy.com",
              "First": 1634344805011,
              "Last": 1634344805011,
              "Overlap": false
            },
            {
              "Domain": "sudsylove.info",
              "First": 1634344821055,
              "Last": 1634344821055,
              "Overlap": false
            },
            {
              "Domain": "successformulaone.com",
              "First": 1634344822570,
              "Last": 1634344926020,
              "Overlap": false
            },
            {
              "Domain": "sudburyhousesforsale.ca",
              "First": 1634344842269,
              "Last": 1634344842269,
              "Overlap": false
            },
            {
              "Domain": "successthroughfocus.com",
              "First": 1634344846378,
              "Last": 1634344846378,
              "Overlap": false
            },
            {
              "Domain": "suetabb.com",
              "First": 1634345204562,
              "Last": 1634345204562,
              "Overlap": false
            },
            {
              "Domain": "suelindh.com",
              "First": 1634344859094,
              "Last": 1634344859094,
              "Overlap": false
            },
            {
              "Domain": "sudokuwisdom.com",
              "First": 1634344868280,
              "Last": 1634345028298,
              "Overlap": false
            },
            {
              "Domain": "success4slackers.com",
              "First": 1634344871702,
              "Last": 1634344871702,
              "Overlap": false
            },
            {
              "Domain": "successrecruiters.com",
              "First": 1634344871702,
              "Last": 1634344871702,
              "Overlap": false
            },
            {
              "Domain": "sudburyhomesearch.ca",
              "First": 1634344867312,
              "Last": 1634344867312,
              "Overlap": false
            },
            {
              "Domain": "suddensearch.com",
              "First": 1634344876310,
              "Last": 1634344876310,
              "Overlap": false
            },
            {
              "Domain": "suesellscarolinas.com",
              "First": 1634344883371,
              "Last": 1634344883371,
              "Overlap": false
            },
            {
              "Domain": "sudburyhandyman.com",
              "First": 1634344891979,
              "Last": 1634344891979,
              "Overlap": false
            },
            {
              "Domain": "sudanprayernetwork.net",
              "First": 1634345170974,
              "Last": 1634345170974,
              "Overlap": false
            },
            {
              "Domain": "successsustainability.com",
              "First": 1634344888605,
              "Last": 1634344888605,
              "Overlap": false
            },
            {
              "Domain": "sudburyshrinkwraps.com",
              "First": 1634344905726,
              "Last": 1634344905726,
              "Overlap": false
            },
            {
              "Domain": "suddabypoems.com",
              "First": 1634344912116,
              "Last": 1634344912116,
              "Overlap": false
            },
            {
              "Domain": "suepowersgolf.com",
              "First": 1634344938674,
              "Last": 1634344938674,
              "Overlap": false
            },
            {
              "Domain": "sueabusivedebtcollectors.com",
              "First": 1634344956342,
              "Last": 1634344956342,
              "Overlap": false
            },
            {
              "Domain": "suecopening.com",
              "First": 1634344951421,
              "Last": 1634344951421,
              "Overlap": false
            },
            {
              "Domain": "sudburygardencentre.ca",
              "First": 1634345069509,
              "Last": 1634345069509,
              "Overlap": false
            },
            {
              "Domain": "sudsylove.com",
              "First": 1634344972027,
              "Last": 1634345622735,
              "Overlap": false
            },
            {
              "Domain": "sudburygreenhouse.com",
              "First": 1634344963544,
              "Last": 1634345170678,
              "Overlap": false
            },
            {
              "Domain": "sue-lingbraun.com",
              "First": 1634344982619,
              "Last": 1634344982619,
              "Overlap": false
            },
            {
              "Domain": "sudsydoglakewood.com",
              "First": 1634345434129,
              "Last": 1634345434129,
              "Overlap": false
            },
            {
              "Domain": "suegreerteam.com",
              "First": 1634344992086,
              "Last": 1634345360283,
              "Overlap": false
            },
            {
              "Domain": "sucessbirth.com",
              "First": 1634345042670,
              "Last": 1634345042670,
              "Overlap": false
            },
            {
              "Domain": "sue4justice.com",
              "First": 1634345069134,
              "Last": 1634345069134,
              "Overlap": false
            },
            {
              "Domain": "suddenlypumpkins.com",
              "First": 1634345073555,
              "Last": 1634345073555,
              "Overlap": false
            },
            {
              "Domain": "sue-efraim.com",
              "First": 1634345205812,
              "Last": 1634345205812,
              "Overlap": false
            },
            {
              "Domain": "successfulagentsystem.com",
              "First": 1634345125811,
              "Last": 1634345125811,
              "Overlap": false
            },
            {
              "Domain": "succulentgiftbox.com",
              "First": 1634345133325,
              "Last": 1634345133325,
              "Overlap": false
            },
            {
              "Domain": "succulentsgiftbox.com",
              "First": 1634345133325,
              "Last": 1634345133325,
              "Overlap": false
            },
            {
              "Domain": "successfullyretire.com",
              "First": 1634345141683,
              "Last": 1634345141683,
              "Overlap": false
            },
            {
              "Domain": "suebrownrealtor.com",
              "First": 1634345154102,
              "Last": 1634345154102,
              "Overlap": false
            },
            {
              "Domain": "suffieldlife.com",
              "First": 1634345161617,
              "Last": 1634345161617,
              "Overlap": false
            },
            {
              "Domain": "sudayachting.net",
              "First": 1634345165772,
              "Last": 1634345165772,
              "Overlap": false
            },
            {
              "Domain": "sudayachting.com",
              "First": 1634345165772,
              "Last": 1634345165772,
              "Overlap": false
            },
            {
              "Domain": "suedyer.info",
              "First": 1634345167100,
              "Last": 1634345167100,
              "Overlap": false
            },
            {
              "Domain": "suewinski.com",
              "First": 1634345487291,
              "Last": 1634345487291,
              "Overlap": false
            },
            {
              "Domain": "suescheff.org",
              "First": 1634345430426,
              "Last": 1634345430426,
              "Overlap": false
            },
            {
              "Domain": "suddenlyfrugal.net",
              "First": 1634345199907,
              "Last": 1634345199907,
              "Overlap": false
            },
            {
              "Domain": "suffolksalt.co.uk",
              "First": 1634345213076,
              "Last": 1634345511271,
              "Overlap": false
            },
            {
              "Domain": "suffolkbackflow.com",
              "First": 1634345232807,
              "Last": 1634345232807,
              "Overlap": false
            },
            {
              "Domain": "suffolkgastro.com",
              "First": 1634345227995,
              "Last": 1634345227995,
              "Overlap": false
            },
            {
              "Domain": "sudmoon.art",
              "First": 1634345277392,
              "Last": 1634345277392,
              "Overlap": false
            },
            {
              "Domain": "sudograins.com",
              "First": 1634345288546,
              "Last": 1634345288546,
              "Overlap": false
            },
            {
              "Domain": "suduretravels.in",
              "First": 1634345307434,
              "Last": 1634345307434,
              "Overlap": false
            },
            {
              "Domain": "suehillflowergirldresses.co.uk",
              "First": 1634345318666,
              "Last": 1634345318666,
              "Overlap": false
            },
            {
              "Domain": "sue-robson.co.uk",
              "First": 1634345324071,
              "Last": 1634345324071,
              "Overlap": false
            },
            {
              "Domain": "suculentas.club",
              "First": 1634345332866,
              "Last": 1634345332866,
              "Overlap": false
            }
          ]
        }
      ]
    }
  ],
  "Errors": []
}