{
  "NextOffset": "END",
  "Results": [
    {
      "D": "chrysler.com",
      "LOS": [
        "chrysler.com"
      ],
      "Q": 3008,
      "A": 12304,
      "U": 10568,
      "M": 12128,
      "Country": null,
      "FD": 1606518000,
      "LD": 1635058800,
      "FI": 1294059600,
      "LI": 1635145200,
      "S": 32826,
      "META": null
    },
    {
      "D": "timesfreepress.com",
      "LOS": [
        "timesfreepress.com"
      ],
      "Q": 4789,
      "A": 302687,
      "U": 56125,
      "M": 4259,
      "Country": null,
      "FD": 1331989200,
      "LD": 1635058800,
      "FI": 1294059600,
      "LI": 1635058800,
      "S": 11929,
      "META": null
    },
    {
      "D": "teambeachbody.com",
      "LOS": [
        "teambeachbody.com"
      ],
      "Q": 6976,
      "A": 17766,
      "U": 51815,
      "M": 36716,
      "Country": null,
      "FD": 1315749600,
      "LD": 1635058800,
      "FI": 1294059600,
      "LI": 1635145200,
      "S": 19538,
      "META": null
    },
    {
      "D": "castlebranch.com",
      "LOS": [
        "castlebranch.com"
      ],
      "Q": 10856,
      "A": 186609,
      "U": 79786,
      "M": 274916,
      "Country": null,
      "FD": 1400454000,
      "LD": 1634540400,
      "FI": 1294059600,
      "LI": 1635145200,
      "S": 3973,
      "META": null
    },
    {
      "D": "thebluebook.com",
      "LOS": [
        "thebluebook.com"
      ],
      "Q": 10955,
      "A": 28005,
      "U": 87444,
      "M": 41938,
      "Country": null,
      "FD": 1315749600,
      "LD": 1632466800,
      "FI": 1294059600,
      "LI": 1635058800,
      "S": 951,
      "META": null
    },
    {
      "D": "christkindlmarket.com",
      "LOS": [
        "christkindlmarket.com"
      ],
      "Q": 16441,
      "A": 369365,
      "U": 1000001,
      "M": 157060,
      "Country": null,
      "FD": 1376866800,
      "LD": 1635058800,
      "FI": 1294059600,
      "LI": 1635058800,
      "S": 1080,
      "META": null
    },
    {
      "D": "nugs.net",
      "LOS": [
        "nugs.net"
      ],
      "Q": 20173,
      "A": 304409,
      "U": 126103,
      "M": 69633,
      "Country": null,
      "FD": 1379286000,
      "LD": 1635058800,
      "FI": 1294059600,
      "LI": 1635145200,
      "S": 43938,
      "META": null
    },
    {
      "D": "nosler.com",
      "LOS": [
        "nosler.com"
      ],
      "Q": 21066,
      "A": 552403,
      "U": 1000001,
      "M": 178364,
      "Country": null,
      "FD": 1389481200,
      "LD": 1635058800,
      "FI": 1294059600,
      "LI": 1635058800,
      "S": 1047,
      "META": null
    },
    {
      "D": "net10.com",
      "LOS": [
        "net10.com"
      ],
      "Q": 28893,
      "A": 477381,
      "U": 1000001,
      "M": 320950,
      "Country": null,
      "FD": 1315749600,
      "LD": 1635058800,
      "FI": 952124400,
      "LI": 1635058800,
      "S": 3869,
      "META": null
    },
    {
      "D": "cumberlandfarms.com",
      "LOS": [
        "cumberlandfarms.com"
      ],
      "Q": 32401,
      "A": 988009,
      "U": 204295,
      "M": 149059,
      "Country": null,
      "FD": 1331989200,
      "LD": 1632466800,
      "FI": 1294059600,
      "LI": 1635058800,
      "S": 1740,
      "META": null
    },
    {
      "D": "noburestaurants.com",
      "LOS": [
        "noburestaurants.com"
      ],
      "Q": 34206,
      "A": 319533,
      "U": 270438,
      "M": 28509,
      "Country": null,
      "FD": 1421712000,
      "LD": 1635058800,
      "FI": 1294059600,
      "LI": 1635058800,
      "S": 789,
      "META": null
    },
    {
      "D": "tscapparel.com",
      "LOS": [
        "tscapparel.com"
      ],
      "Q": 35159,
      "A": 1483158,
      "U": 1000001,
      "M": 539854,
      "Country": null,
      "FD": 1421712000,
      "LD": 1635058800,
      "FI": 1130018400,
      "LI": 1635058800,
      "S": 2821,
      "META": null
    },
    {
      "D": "northernvirginiamag.com",
      "LOS": [
        "northernvirginiamag.com"
      ],
      "Q": 36462,
      "A": 313449,
      "U": 1000001,
      "M": 73116,
      "Country": null,
      "FD": 1315749600,
      "LD": 1635058800,
      "FI": 1159912800,
      "LI": 1635058800,
      "S": 1396,
      "META": null
    },
    {
      "D": "cch.com",
      "LOS": [
        "cch.com"
      ],
      "Q": 37525,
      "A": 319244,
      "U": 25637,
      "M": 37846,
      "Country": null,
      "FD": 1606518000,
      "LD": 1635058800,
      "FI": 1294059600,
      "LI": 1635058800,
      "S": 38981,
      "META": null
    },
    {
      "D": "bernardiparts.com",
      "LOS": [
        "bernardiparts.com"
      ],
      "Q": 39635,
      "A": 1015235,
      "U": 1000001,
      "M": 741739,
      "Country": null,
      "FD": 1315749600,
      "LD": 1635058800,
      "FI": 1294059600,
      "LI": 1635058800,
      "S": 1580,
      "META": null
    },
    {
      "D": "nreionline.com",
      "LOS": [
        "nreionline.com"
      ],
      "Q": 41987,
      "A": 26632,
      "U": 1000001,
      "M": 27239,
      "Country": null,
      "FD": 1413154800,
      "LD": 1635058800,
      "FI": 1294059600,
      "LI": 1635058800,
      "S": 1922,
      "META": null
    },
    {
      "D": "newhope.com",
      "LOS": [
        "newhope.com"
      ],
      "Q": 43857,
      "A": 362598,
      "U": 1000001,
      "M": 43312,
      "Country": null,
      "FD": 1412467200,
      "LD": 1635058800,
      "FI": 1294059600,
      "LI": 1635231600,
      "S": 22762,
      "META": null
    },
    {
      "D": "broomfield.org",
      "LOS": [
        "broomfield.org"
      ],
      "Q": 49293,
      "A": 325537,
      "U": 1000001,
      "M": 124541,
      "Country": null,
      "FD": 1315749600,
      "LD": 1635058800,
      "FI": 1077577200,
      "LI": 1635058800,
      "S": 1004,
      "META": null
    },
    {
      "D": "truwestcu.org",
      "LOS": [
        "truwestcu.org"
      ],
      "Q": 53525,
      "A": 26013885,
      "U": 1000001,
      "M": 1000001,
      "Country": null,
      "FD": 1371942000,
      "LD": 1635058800,
      "FI": 1294059600,
      "LI": 1635058800,
      "S": 1922,
      "META": null
    },
    {
      "D": "kz-rv.com",
      "LOS": [
        "kz-rv.com"
      ],
      "Q": 56299,
      "A": 2101893,
      "U": 1000001,
      "M": 441872,
      "Country": null,
      "FD": 1369922400,
      "LD": 1635058800,
      "FI": 1294059600,
      "LI": 1635058800,
      "S": 484,
      "META": null
    },
    {
      "D": "brkelectronics.com",
      "LOS": [
        "brkelectronics.com"
      ],
      "Q": 56953,
      "A": 145013,
      "U": 1000001,
      "M": 398817,
      "Country": null,
      "FD": 1315749600,
      "LD": 1635058800,
      "FI": 1017183600,
      "LI": 1635058800,
      "S": 4259,
      "META": null
    },
    {
      "D": "bluehillfarm.com",
      "LOS": [
        "bluehillfarm.com"
      ],
      "Q": 58275,
      "A": 323930,
      "U": 1000001,
      "M": 64247,
      "Country": null,
      "FD": 1413154800,
      "LD": 1635058800,
      "FI": 1081029600,
      "LI": 1635058800,
      "S": 130,
      "META": null
    },
    {
      "D": "nationalhogfarmer.com",
      "LOS": [
        "nationalhogfarmer.com"
      ],
      "Q": 59587,
      "A": 488161,
      "U": 1000001,
      "M": 91334,
      "Country": null,
      "FD": 1413154800,
      "LD": 1635058800,
      "FI": 1037833200,
      "LI": 1635058800,
      "S": 7301,
      "META": null
    },
    {
      "D": "thecoreinstitute.com",
      "LOS": [
        "thecoreinstitute.com"
      ],
      "Q": 59628,
      "A": 6705541,
      "U": 1000001,
      "M": 635583,
      "Country": null,
      "FD": 1315749600,
      "LD": 1635058800,
      "FI": 1294059600,
      "LI": 1635058800,
      "S": 719,
      "META": null
    },
    {
      "D": "osceolaclerk.com",
      "LOS": [
        "osceolaclerk.com"
      ],
      "Q": 64591,
      "A": 1237369,
      "U": 1000001,
      "M": 501847,
      "Country": null,
      "FD": 1340287200,
      "LD": 1635058800,
      "FI": 1294059600,
      "LI": 1635058800,
      "S": 526,
      "META": null
    },
    {
      "D": "thebloodconnection.org",
      "LOS": [
        "thebloodconnection.org"
      ],
      "Q": 67338,
      "A": 445990,
      "U": 236142,
      "M": 309329,
      "Country": null,
      "FD": 1321275600,
      "LD": 1635058800,
      "FI": 1315144800,
      "LI": 1635058800,
      "S": 1441,
      "META": null
    },
    {
      "D": "bluetarp.com",
      "LOS": [
        "bluetarp.com"
      ],
      "Q": 70576,
      "A": 11337879,
      "U": 113449,
      "M": 1000001,
      "Country": null,
      "FD": 1348149600,
      "LD": 1635058800,
      "FI": 1294059600,
      "LI": 1635058800,
      "S": 6053,
      "META": null
    },
    {
      "D": "cdcnews.com",
      "LOS": [
        "cdcnews.com"
      ],
      "Q": 76233,
      "A": 7550520,
      "U": 1000001,
      "M": 877265,
      "Country": null,
      "FD": 1315749600,
      "LD": 1635058800,
      "FI": 1294059600,
      "LI": 1635058800,
      "S": 7925,
      "META": null
    },
    {
      "D": "knovel.com",
      "LOS": [
        "knovel.com"
      ],
      "Q": 78049,
      "A": 33153,
      "U": 202349,
      "M": 100935,
      "Country": null,
      "FD": 1398477606,
      "LD": 1635058800,
      "FI": 1231196400,
      "LI": 1635058800,
      "S": 11220,
      "META": null
    },
    {
      "D": "klcschoolpartnerships.com",
      "LOS": [
        "klcschoolpartnerships.com"
      ],
      "Q": 78928,
      "A": 8548283,
      "U": 1000001,
      "M": 1000001,
      "Country": null,
      "FD": 1315749600,
      "LD": 1635058800,
      "FI": 1294059600,
      "LI": 1635058800,
      "S": 993,
      "META": null
    },
    {
      "D": "totalprotect.com",
      "LOS": [
        "totalprotect.com"
      ],
      "Q": 80985,
      "A": 3369233,
      "U": 1000001,
      "M": 756723,
      "Country": null,
      "FD": 1420563704,
      "LD": 1634799600,
      "FI": 1294059600,
      "LI": 1635058800,
      "S": 4899,
      "META": null
    },
    {
      "D": "concrobium.com",
      "LOS": [
        "concrobium.com"
      ],
      "Q": 81218,
      "A": 3028659,
      "U": 1000001,
      "M": 532809,
      "Country": null,
      "FD": 1315749600,
      "LD": 1635058800,
      "FI": 1159912800,
      "LI": 1635058800,
      "S": 554,
      "META": null
    },
    {
      "D": "kahalaresort.com",
      "LOS": [
        "kahalaresort.com"
      ],
      "Q": 82969,
      "A": 994798,
      "U": 1000001,
      "M": 155081,
      "Country": null,
      "FD": 1437436800,
      "LD": 1635058800,
      "FI": 1294059600,
      "LI": 1635058800,
      "S": 643,
      "META": null
    },
    {
      "D": "bostonchildrensmuseum.org",
      "LOS": [
        "bostonchildrensmuseum.org"
      ],
      "Q": 85824,
      "A": 37489,
      "U": 1000001,
      "M": 51858,
      "Country": null,
      "FD": 1316354400,
      "LD": 1635058800,
      "FI": 1294059600,
      "LI": 1635058800,
      "S": 35,
      "META": null
    },
    {
      "D": "konabrewingco.com",
      "LOS": [
        "konabrewingco.com"
      ],
      "Q": 87124,
      "A": 337668,
      "U": 162055,
      "M": 92584,
      "Country": null,
      "FD": 1315749600,
      "LD": 1635058800,
      "FI": 1065132000,
      "LI": 1635058800,
      "S": 3027,
      "META": null
    },
    {
      "D": "betterbanks.com",
      "LOS": [
        "betterbanks.com"
      ],
      "Q": 89688,
      "A": 22562413,
      "U": 1000001,
      "M": 1000001,
      "Country": null,
      "FD": 1315749600,
      "LD": 1635058800,
      "FI": 1294059600,
      "LI": 1635058800,
      "S": 308,
      "META": null
    },
    {
      "D": "cerebralpalsy.org",
      "LOS": [
        "cerebralpalsy.org"
      ],
      "Q": 93009,
      "A": 351879,
      "U": 1000001,
      "M": 138661,
      "Country": null,
      "FD": 1409184000,
      "LD": 1635058800,
      "FI": 1294059600,
      "LI": 1635058800,
      "S": 97,
      "META": null
    },
    {
      "D": "opennotus.com",
      "LOS": [
        "opennotus.com"
      ],
      "Q": 96784,
      "A": 22404988,
      "U": 1000001,
      "M": 1000001,
      "Country": null,
      "FD": 1369317600,
      "LD": 1635058800,
      "FI": 1369144800,
      "LI": 1635058800,
      "S": 42,
      "META": null
    },
    {
      "D": "operanews.com",
      "LOS": [
        "operanews.com"
      ],
      "Q": 102532,
      "A": 342754,
      "U": 1000001,
      "M": 120661,
      "Country": null,
      "FD": 1321275600,
      "LD": 1635058800,
      "FI": 1231282800,
      "LI": 1635058800,
      "S": 83,
      "META": null
    },
    {
      "D": "bigpond.com",
      "LOS": [
        "bigpond.com"
      ],
      "Q": 103292,
      "A": 19227,
      "U": 32753,
      "M": 15215,
      "Country": null,
      "FD": 1606518000,
      "LD": 1635058800,
      "FI": 1294059600,
      "LI": 1635145200,
      "S": 19088,
      "META": null
    },
    {
      "D": "njbmagazine.com",
      "LOS": [
        "njbmagazine.com"
      ],
      "Q": 104578,
      "A": 451667,
      "U": 1000001,
      "M": 111412,
      "Country": null,
      "FD": 1422658800,
      "LD": 1635058800,
      "FI": 1191708000,
      "LI": 1635058800,
      "S": 1206,
      "META": null
    },
    {
      "D": "bestrangehoods.com",
      "LOS": [
        "bestrangehoods.com"
      ],
      "Q": 106846,
      "A": 1473597,
      "U": 1000001,
      "M": 669882,
      "Country": null,
      "FD": 1393196400,
      "LD": 1635058800,
      "FI": 1315144800,
      "LI": 1635058800,
      "S": 582,
      "META": null
    },
    {
      "D": "bigislandcandies.com",
      "LOS": [
        "bigislandcandies.com"
      ],
      "Q": 106853,
      "A": 95832,
      "U": 1000001,
      "M": 462678,
      "Country": null,
      "FD": 1338472800,
      "LD": 1635058800,
      "FI": 1294059600,
      "LI": 1635058800,
      "S": 956,
      "META": null
    },
    {
      "D": "britishnewspaperarchive.co.uk",
      "LOS": [
        "britishnewspaperarchive.co.uk"
      ],
      "Q": 107773,
      "A": 24949,
      "U": 1000001,
      "M": 45781,
      "Country": null,
      "FD": 1399503600,
      "LD": 1635058800,
      "FI": 1323003600,
      "LI": 1635058800,
      "S": 1950,
      "META": null
    },
    {
      "D": "censusrecords.com",
      "LOS": [
        "censusrecords.com"
      ],
      "Q": 107790,
      "A": 352732,
      "U": 1000001,
      "M": 1000001,
      "Country": null,
      "FD": 1399503600,
      "LD": 1634799600,
      "FI": 1330779600,
      "LI": 1634799600,
      "S": 1224,
      "META": null
    },
    {
      "D": "counties.org",
      "LOS": [
        "counties.org"
      ],
      "Q": 114721,
      "A": 400464,
      "U": 1000001,
      "M": 147175,
      "Country": null,
      "FD": 1452466800,
      "LD": 1635058800,
      "FI": 1294059600,
      "LI": 1635058800,
      "S": 674,
      "META": null
    },
    {
      "D": "comedycastle.com",
      "LOS": [
        "comedycastle.com"
      ],
      "Q": 115783,
      "A": 1568431,
      "U": 1000001,
      "M": 1000001,
      "Country": null,
      "FD": 1557615600,
      "LD": 1635058800,
      "FI": 1294059600,
      "LI": 1635058800,
      "S": 228,
      "META": null
    },
    {
      "D": "naaf.org",
      "LOS": [
        "naaf.org"
      ],
      "Q": 118370,
      "A": 58803,
      "U": 1000001,
      "M": 109316,
      "Country": null,
      "FD": 1323003600,
      "LD": 1635058800,
      "FI": 1294059600,
      "LI": 1635058800,
      "S": 422,
      "META": null
    },
    {
      "D": "oga.org",
      "LOS": [
        "oga.org"
      ],
      "Q": 123096,
      "A": 12680323,
      "U": 1000001,
      "M": 915670,
      "Country": null,
      "FD": 1472425200,
      "LD": 1635058800,
      "FI": 1294059600,
      "LI": 1635058800,
      "S": 480,
      "META": null
    },
    {
      "D": "cantubeauty.com",
      "LOS": [
        "cantubeauty.com"
      ],
      "Q": 125164,
      "A": 2104613,
      "U": 1000001,
      "M": 697772,
      "Country": null,
      "FD": 1393196400,
      "LD": 1635058800,
      "FI": 1355403600,
      "LI": 1635058800,
      "S": 454,
      "META": null
    },
    {
      "D": "cascobaylines.com",
      "LOS": [
        "cascobaylines.com"
      ],
      "Q": 142316,
      "A": 458556,
      "U": 1000001,
      "M": 316522,
      "Country": null,
      "FD": 1383865200,
      "LD": 1635058800,
      "FI": 1159912800,
      "LI": 1635058800,
      "S": 853,
      "META": null
    },
    {
      "D": "knotsoflove.org",
      "LOS": [
        "knotsoflove.org"
      ],
      "Q": 144902,
      "A": 682126,
      "U": 1000001,
      "M": 1000001,
      "Country": null,
      "FD": 1315749600,
      "LD": 1635058800,
      "FI": 1301839200,
      "LI": 1635058800,
      "S": 226,
      "META": null
    },
    {
      "D": "newnanutilities.org",
      "LOS": [
        "newnanutilities.org"
      ],
      "Q": 152468,
      "A": 3390234,
      "U": 1000001,
      "M": 1000001,
      "Country": null,
      "FD": 1368021600,
      "LD": 1635058800,
      "FI": 1294059600,
      "LI": 1635058800,
      "S": 230,
      "META": null
    },
    {
      "D": "communitybanknet.com",
      "LOS": [
        "communitybanknet.com"
      ],
      "Q": 157991,
      "A": 1505219,
      "U": 1000001,
      "M": 1000001,
      "Country": null,
      "FD": 1315749600,
      "LD": 1635058800,
      "FI": 1294059600,
      "LI": 1635058800,
      "S": 758,
      "META": null
    },
    {
      "D": "northbridgecos.com",
      "LOS": [
        "northbridgecos.com"
      ],
      "Q": 163073,
      "A": 2920369,
      "U": 1000001,
      "M": 1000001,
      "Country": null,
      "FD": 1369922400,
      "LD": 1635058800,
      "FI": 1362056400,
      "LI": 1635058800,
      "S": 2382,
      "META": null
    },
    {
      "D": "cleanenergyfuels.com",
      "LOS": [
        "cleanenergyfuels.com"
      ],
      "Q": 164683,
      "A": 448150,
      "U": 1000001,
      "M": 174944,
      "Country": null,
      "FD": 1315749600,
      "LD": 1635058800,
      "FI": 1294059600,
      "LI": 1635058800,
      "S": 8406,
      "META": null
    },
    {
      "D": "newriver.com",
      "LOS": [
        "newriver.com"
      ],
      "Q": 172655,
      "A": 6636774,
      "U": 129152,
      "M": 1000001,
      "Country": null,
      "FD": 1367676000,
      "LD": 1632466800,
      "FI": 1294059600,
      "LI": 1635058800,
      "S": 5,
      "META": null
    },
    {
      "D": "taso.org",
      "LOS": [
        "taso.org"
      ],
      "Q": 173104,
      "A": 10906641,
      "U": 1000001,
      "M": 1000001,
      "Country": null,
      "FD": 1389481200,
      "LD": 1635058800,
      "FI": 1301839200,
      "LI": 1635058800,
      "S": 165,
      "META": null
    },
    {
      "D": "trizetto.com",
      "LOS": [
        "trizetto.com"
      ],
      "Q": 173214,
      "A": 693760,
      "U": 184765,
      "M": 737804,
      "Country": null,
      "FD": 1341496800,
      "LD": 1635058800,
      "FI": 1301839200,
      "LI": 1635058800,
      "S": 271,
      "META": null
    },
    {
      "D": "nanticoke.org",
      "LOS": [
        "nanticoke.org"
      ],
      "Q": 175380,
      "A": 1601568,
      "U": 1000001,
      "M": 981502,
      "Country": null,
      "FD": 1315749600,
      "LD": 1635058800,
      "FI": 1294059600,
      "LI": 1635058800,
      "S": 571,
      "META": null
    },
    {
      "D": "tubal-reversal.net",
      "LOS": [
        "tubal-reversal.net"
      ],
      "Q": 178588,
      "A": 1002226,
      "U": 1000001,
      "M": 703652,
      "Country": null,
      "FD": 1427238000,
      "LD": 1635058800,
      "FI": 1294059600,
      "LI": 1635058800,
      "S": 1102,
      "META": null
    },
    {
      "D": "capitolriverfront.org",
      "LOS": [
        "capitolriverfront.org"
      ],
      "Q": 182623,
      "A": 594086,
      "U": 1000001,
      "M": 365455,
      "Country": null,
      "FD": 1395270000,
      "LD": 1635058800,
      "FI": 1315144800,
      "LI": 1635058800,
      "S": 939,
      "META": null
    },
    {
      "D": "northstarvets.com",
      "LOS": [
        "northstarvets.com"
      ],
      "Q": 189774,
      "A": 10909193,
      "U": 1000001,
      "M": 664577,
      "Country": null,
      "FD": 1383865200,
      "LD": 1635058800,
      "FI": 1294059600,
      "LI": 1635058800,
      "S": 277,
      "META": null
    },
    {
      "D": "opstrax.com",
      "LOS": [
        "opstrax.com"
      ],
      "Q": 189838,
      "A": 16081149,
      "U": 46047,
      "M": 1000001,
      "Country": null,
      "FD": 1369922400,
      "LD": 1635058800,
      "FI": 1367157600,
      "LI": 1635058800,
      "S": 1127,
      "META": null
    },
    {
      "D": "chaminade-hs.org",
      "LOS": [
        "chaminade-hs.org"
      ],
      "Q": 191841,
      "A": 623548,
      "U": 1000001,
      "M": 1000001,
      "Country": null,
      "FD": 1367676000,
      "LD": 1635058800,
      "FI": 1294059600,
      "LI": 1635058800,
      "S": 1213,
      "META": null
    },
    {
      "D": "cwtlink.net",
      "LOS": [
        "cwtlink.net"
      ],
      "Q": 191977,
      "A": 52412687,
      "U": 1000001,
      "M": 1000001,
      "Country": null,
      "FD": 1413154800,
      "LD": 1635058800,
      "FI": 1345730400,
      "LI": 1635058800,
      "S": 5,
      "META": null
    },
    {
      "D": "northpointministries.org",
      "LOS": [
        "northpointministries.org"
      ],
      "Q": 193067,
      "A": 99916,
      "U": 1000001,
      "M": 834150,
      "Country": null,
      "FD": 1472079600,
      "LD": 1635058800,
      "FI": 1294059600,
      "LI": 1635145200,
      "S": 3823,
      "META": null
    },
    {
      "D": "touchmath.com",
      "LOS": [
        "touchmath.com"
      ],
      "Q": 197045,
      "A": 463524,
      "U": 1000001,
      "M": 635935,
      "Country": null,
      "FD": 1315749600,
      "LD": 1635058800,
      "FI": 1294059600,
      "LI": 1635058800,
      "S": 5955,
      "META": null
    },
    {
      "D": "bmwrockville.com",
      "LOS": [
        "bmwrockville.com"
      ],
      "Q": 198397,
      "A": 13247848,
      "U": 1000001,
      "M": 1000001,
      "Country": null,
      "FD": 1437519600,
      "LD": 1635058800,
      "FI": 1341496800,
      "LI": 1635058800,
      "S": 12461,
      "META": null
    },
    {
      "D": "klrc.com",
      "LOS": [
        "klrc.com"
      ],
      "Q": 199394,
      "A": 138587,
      "U": 1000001,
      "M": 1000001,
      "Country": null,
      "FD": 1315749600,
      "LD": 1635058800,
      "FI": 1301839200,
      "LI": 1635058800,
      "S": 485,
      "META": null
    },
    {
      "D": "collegepossible.org",
      "LOS": [
        "collegepossible.org"
      ],
      "Q": 204786,
      "A": 6977411,
      "U": 1000001,
      "M": 430444,
      "Country": null,
      "FD": 1354798800,
      "LD": 1635058800,
      "FI": 1290985200,
      "LI": 1635058800,
      "S": 448,
      "META": null
    },
    {
      "D": "nehgs.org",
      "LOS": [
        "nehgs.org"
      ],
      "Q": 206856,
      "A": 34737,
      "U": 1000001,
      "M": 1000001,
      "Country": null,
      "FD": 1359637200,
      "LD": 1632466800,
      "FI": 1294059600,
      "LI": 1635058800,
      "S": 5118,
      "META": null
    },
    {
      "D": "nemotile.com",
      "LOS": [
        "nemotile.com"
      ],
      "Q": 206859,
      "A": 1380144,
      "U": 1000001,
      "M": 700415,
      "Country": null,
      "FD": 1467327600,
      "LD": 1635058800,
      "FI": 1328360400,
      "LI": 1635058800,
      "S": 4487,
      "META": null
    },
    {
      "D": "nywift.org",
      "LOS": [
        "nywift.org"
      ],
      "Q": 207999,
      "A": 402634,
      "U": 1000001,
      "M": 235672,
      "Country": null,
      "FD": 1374793200,
      "LD": 1635058800,
      "FI": 1294059600,
      "LI": 1635058800,
      "S": 205,
      "META": null
    },
    {
      "D": "captainlawrencebrewing.com",
      "LOS": [
        "captainlawrencebrewing.com"
      ],
      "Q": 208070,
      "A": 1054684,
      "U": 1000001,
      "M": 394307,
      "Country": null,
      "FD": 1393196400,
      "LD": 1635058800,
      "FI": 1333634400,
      "LI": 1635058800,
      "S": 1018,
      "META": null
    },
    {
      "D": "coloradoedinitiative.org",
      "LOS": [
        "coloradoedinitiative.org"
      ],
      "Q": 212384,
      "A": 729398,
      "U": 1000001,
      "M": 551178,
      "Country": null,
      "FD": 1400454000,
      "LD": 1635058800,
      "FI": 1397862000,
      "LI": 1635058800,
      "S": 223,
      "META": null
    },
    {
      "D": "nasaa-arts.org",
      "LOS": [
        "nasaa-arts.org"
      ],
      "Q": 214587,
      "A": 31214,
      "U": 1000001,
      "M": 143070,
      "Country": null,
      "FD": 1357822800,
      "LD": 1635058800,
      "FI": 1294059600,
      "LI": 1635058800,
      "S": 1038,
      "META": null
    },
    {
      "D": "nolanchart.com",
      "LOS": [
        "nolanchart.com"
      ],
      "Q": 216564,
      "A": 69922,
      "U": 1000001,
      "M": 180941,
      "Country": null,
      "FD": 1453935600,
      "LD": 1635058800,
      "FI": 1294059600,
      "LI": 1635058800,
      "S": 5,
      "META": null
    },
    {
      "D": "newhorizonacademy.net",
      "LOS": [
        "newhorizonacademy.net"
      ],
      "Q": 223022,
      "A": 11843252,
      "U": 1000001,
      "M": 725984,
      "Country": null,
      "FD": 1315749600,
      "LD": 1635058800,
      "FI": 1294059600,
      "LI": 1635058800,
      "S": 182,
      "META": null
    },
    {
      "D": "charmant.com",
      "LOS": [
        "charmant.com"
      ],
      "Q": 225758,
      "A": 6733632,
      "U": 1000001,
      "M": 619081,
      "Country": null,
      "FD": 1362056400,
      "LD": 1635058800,
      "FI": 1362056400,
      "LI": 1635145200,
      "S": 538,
      "META": null
    },
    {
      "D": "commercesync.com",
      "LOS": [
        "commercesync.com"
      ],
      "Q": 225856,
      "A": 11283446,
      "U": 1000001,
      "M": 1000001,
      "Country": null,
      "FD": 1403046000,
      "LD": 1635058800,
      "FI": 1362056400,
      "LI": 1635058800,
      "S": 773,
      "META": null
    },
    {
      "D": "cibil.com",
      "LOS": [
        "cibil.com"
      ],
      "Q": 229372,
      "A": 754326,
      "U": 1000001,
      "M": 202120,
      "Country": null,
      "FD": 1472770800,
      "LD": 1635058800,
      "FI": 1320584400,
      "LI": 1635058800,
      "S": 10604,
      "META": null
    },
    {
      "D": "cityofsitka.com",
      "LOS": [
        "cityofsitka.com"
      ],
      "Q": 230288,
      "A": 586717,
      "U": 1000001,
      "M": 404694,
      "Country": null,
      "FD": 1331989200,
      "LD": 1635058800,
      "FI": 1294059600,
      "LI": 1635058800,
      "S": 121,
      "META": null
    },
    {
      "D": "chocolateinn.com",
      "LOS": [
        "chocolateinn.com"
      ],
      "Q": 239764,
      "A": 6611932,
      "U": 1000001,
      "M": 1000001,
      "Country": null,
      "FD": 1422316800,
      "LD": 1635058800,
      "FI": 1315144800,
      "LI": 1635058800,
      "S": 526,
      "META": null
    },
    {
      "D": "tiaonline.org",
      "LOS": [
        "tiaonline.org"
      ],
      "Q": 247603,
      "A": 378793,
      "U": 1000001,
      "M": 59863,
      "Country": null,
      "FD": 1373929200,
      "LD": 1633244400,
      "FI": 1294059600,
      "LI": 1635058800,
      "S": 1745,
      "META": null
    },
    {
      "D": "keystonebest.com",
      "LOS": [
        "keystonebest.com"
      ],
      "Q": 251201,
      "A": 13740197,
      "U": 1000001,
      "M": 1000001,
      "Country": null,
      "FD": 1415314800,
      "LD": 1635058800,
      "FI": 1294059600,
      "LI": 1635058800,
      "S": 5,
      "META": null
    },
    {
      "D": "nrs-inc.com",
      "LOS": [
        "nrs-inc.com"
      ],
      "Q": 251858,
      "A": 11758814,
      "U": 1000001,
      "M": 970033,
      "Country": null,
      "FD": 1418079600,
      "LD": 1635145200,
      "FI": 1341496800,
      "LI": 1635145200,
      "S": 17907,
      "META": null
    },
    {
      "D": "newpeoplesbank.com",
      "LOS": [
        "newpeoplesbank.com"
      ],
      "Q": 268683,
      "A": 12518397,
      "U": 1000001,
      "M": 1000001,
      "Country": null,
      "FD": 1315749600,
      "LD": 1635058800,
      "FI": 1294059600,
      "LI": 1635058800,
      "S": 313,
      "META": null
    },
    {
      "D": "conferencinghub.com",
      "LOS": [
        "conferencinghub.com"
      ],
      "Q": 272763,
      "A": 11150104,
      "U": 1000001,
      "M": 1000001,
      "Country": null,
      "FD": 1424300400,
      "LD": 1635145200,
      "FI": 1424300400,
      "LI": 1635145200,
      "S": 605,
      "META": null
    },
    {
      "D": "tsta.org",
      "LOS": [
        "tsta.org"
      ],
      "Q": 276194,
      "A": 998210,
      "U": 1000001,
      "M": 493015,
      "Country": null,
      "FD": 1389481200,
      "LD": 1635145200,
      "FI": 957909600,
      "LI": 1635145200,
      "S": 5,
      "META": null
    },
    {
      "D": "bhindi.com",
      "LOS": [
        "bhindi.com"
      ],
      "Q": 278304,
      "A": 16082623,
      "U": 1000001,
      "M": 1000001,
      "Country": null,
      "FD": 1373929200,
      "LD": 1632466800,
      "FI": 1324213200,
      "LI": 1632466800,
      "S": 664,
      "META": null
    },
    {
      "D": "contour.com",
      "LOS": [
        "contour.com"
      ],
      "Q": 278826,
      "A": 66031,
      "U": 1000001,
      "M": 82932,
      "Country": null,
      "FD": 1372374000,
      "LD": 1635058800,
      "FI": 951778800,
      "LI": 1635058800,
      "S": 1537,
      "META": null
    },
    {
      "D": "bramanmotorcars.com",
      "LOS": [
        "bramanmotorcars.com"
      ],
      "Q": 284621,
      "A": 1316399,
      "U": 1000001,
      "M": 1000001,
      "Country": null,
      "FD": 1321275600,
      "LD": 1635058800,
      "FI": 1294059600,
      "LI": 1635058800,
      "S": 5,
      "META": null
    },
    {
      "D": "brookfieldengineering.com",
      "LOS": [
        "brookfieldengineering.com"
      ],
      "Q": 284646,
      "A": 522610,
      "U": 1000001,
      "M": 349786,
      "Country": null,
      "FD": 1362056400,
      "LD": 1635058800,
      "FI": 1136674800,
      "LI": 1635058800,
      "S": 25830,
      "META": null
    },
    {
      "D": "oldmarineengine.com",
      "LOS": [
        "oldmarineengine.com"
      ],
      "Q": 287299,
      "A": 819348,
      "U": 1000001,
      "M": 947490,
      "Country": null,
      "FD": 1385679600,
      "LD": 1635145200,
      "FI": 1294059600,
      "LI": 1635145200,
      "S": 5,
      "META": null
    },
    {
      "D": "benergy.com",
      "LOS": [
        "benergy.com"
      ],
      "Q": 290888,
      "A": 20996764,
      "U": 1000001,
      "M": 1000001,
      "Country": null,
      "FD": 1322485200,
      "LD": 1635058800,
      "FI": 1294059600,
      "LI": 1635058800,
      "S": 238,
      "META": null
    },
    {
      "D": "nwlar.org",
      "LOS": [
        "nwlar.org"
      ],
      "Q": 293848,
      "A": 14944061,
      "U": 1000001,
      "M": 1000001,
      "Country": null,
      "FD": 1331989200,
      "LD": 1635145200,
      "FI": 1330779600,
      "LI": 1635145200,
      "S": 805,
      "META": null
    },
    {
      "D": "centratechnology.com",
      "LOS": [
        "centratechnology.com"
      ],
      "Q": 311967,
      "A": 3064271,
      "U": 1000001,
      "M": 1000001,
      "Country": null,
      "FD": 1617318000,
      "LD": 1635145200,
      "FI": 1301839200,
      "LI": 1635145200,
      "S": 836,
      "META": null
    },
    {
      "D": "thespecialeventshow.com",
      "LOS": [
        "thespecialeventshow.com"
      ],
      "Q": 316092,
      "A": 1527367,
      "U": 1000001,
      "M": 790004,
      "Country": null,
      "FD": 1414972800,
      "LD": 1635145200,
      "FI": 1320584400,
      "LI": 1635145200,
      "S": 13280,
      "META": null
    },
    {
      "D": "cfsarasota.org",
      "LOS": [
        "cfsarasota.org"
      ],
      "Q": 319095,
      "A": 1422961,
      "U": 1000001,
      "M": 662208,
      "Country": null,
      "FD": 1409443200,
      "LD": 1635058800,
      "FI": 1294059600,
      "LI": 1635058800,
      "S": 208,
      "META": null
    },
    {
      "D": "bassettusd.org",
      "LOS": [
        "bassettusd.org"
      ],
      "Q": 334029,
      "A": 3146527,
      "U": 1000001,
      "M": 1000001,
      "Country": null,
      "FD": 1440370800,
      "LD": 1635145200,
      "FI": 1440370800,
      "LI": 1635145200,
      "S": 32,
      "META": null
    },
    {
      "D": "cctenn.org",
      "LOS": [
        "cctenn.org"
      ],
      "Q": 334446,
      "A": 2928627,
      "U": 1000001,
      "M": 946694,
      "Country": null,
      "FD": 1376866800,
      "LD": 1635145200,
      "FI": 1294059600,
      "LI": 1635145200,
      "S": 638,
      "META": null
    },
    {
      "D": "bozzutos.com",
      "LOS": [
        "bozzutos.com"
      ],
      "Q": 342481,
      "A": 13277148,
      "U": 1000001,
      "M": 1000001,
      "Country": null,
      "FD": 1458514800,
      "LD": 1635145200,
      "FI": 1294059600,
      "LI": 1635145200,
      "S": 1891,
      "META": null
    },
    {
      "D": "klcentral.com",
      "LOS": [
        "klcentral.com"
      ],
      "Q": 344779,
      "A": 28201343,
      "U": 1000001,
      "M": 1000001,
      "Country": null,
      "FD": 1315749600,
      "LD": 1635058800,
      "FI": 1315749600,
      "LI": 1635058800,
      "S": 5,
      "META": null
    },
    {
      "D": "tms.com",
      "LOS": [
        "tms.com"
      ],
      "Q": 347540,
      "A": 3273743,
      "U": 1000001,
      "M": 1000001,
      "Country": null,
      "FD": 1331989200,
      "LD": 1635145200,
      "FI": 1301839200,
      "LI": 1635145200,
      "S": 970,
      "META": null
    },
    {
      "D": "certifiedprofile.com",
      "LOS": [
        "certifiedprofile.com"
      ],
      "Q": 350829,
      "A": 21219009,
      "U": 1000001,
      "M": 1000001,
      "Country": null,
      "FD": 1396479600,
      "LD": 1635058800,
      "FI": 1301839200,
      "LI": 1635058800,
      "S": 5,
      "META": null
    },
    {
      "D": "chamberlainwesthollywood.com",
      "LOS": [
        "chamberlainwesthollywood.com"
      ],
      "Q": 350834,
      "A": 6769329,
      "U": 1000001,
      "M": 1000001,
      "Country": null,
      "FD": 1387148400,
      "LD": 1635058800,
      "FI": 1362056400,
      "LI": 1635058800,
      "S": 522,
      "META": null
    },
    {
      "D": "buckley-law.com",
      "LOS": [
        "buckley-law.com"
      ],
      "Q": 359333,
      "A": 11318646,
      "U": 1000001,
      "M": 1000001,
      "Country": null,
      "FD": 1362661200,
      "LD": 1635145200,
      "FI": 1323003600,
      "LI": 1635145200,
      "S": 547,
      "META": null
    },
    {
      "D": "coloradotechnology.org",
      "LOS": [
        "coloradotechnology.org"
      ],
      "Q": 359747,
      "A": 1157007,
      "U": 1000001,
      "M": 645244,
      "Country": null,
      "FD": 1321275600,
      "LD": 1635145200,
      "FI": 1320584400,
      "LI": 1635145200,
      "S": 435,
      "META": null
    },
    {
      "D": "coursesmart.com",
      "LOS": [
        "coursesmart.com"
      ],
      "Q": 359853,
      "A": 364104,
      "U": 1000001,
      "M": 150484,
      "Country": null,
      "FD": 1344520800,
      "LD": 1635145200,
      "FI": 1294059600,
      "LI": 1635145200,
      "S": 4134,
      "META": null
    },
    {
      "D": "thelacc.org",
      "LOS": [
        "thelacc.org"
      ],
      "Q": 364696,
      "A": 7546141,
      "U": 1000001,
      "M": 1000001,
      "Country": null,
      "FD": 1437519600,
      "LD": 1635145200,
      "FI": 1328360400,
      "LI": 1635145200,
      "S": 968,
      "META": null
    },
    {
      "D": "thenextdoor.org",
      "LOS": [
        "thenextdoor.org"
      ],
      "Q": 373923,
      "A": 1942429,
      "U": 1000001,
      "M": 1000001,
      "Country": null,
      "FD": 1397862000,
      "LD": 1635145200,
      "FI": 1320584400,
      "LI": 1635145200,
      "S": 492,
      "META": null
    },
    {
      "D": "trinity-apparel.com",
      "LOS": [
        "trinity-apparel.com"
      ],
      "Q": 374150,
      "A": 31493832,
      "U": 1000001,
      "M": 1000001,
      "Country": null,
      "FD": 1392937200,
      "LD": 1635145200,
      "FI": 1345730400,
      "LI": 1635145200,
      "S": 2119,
      "META": null
    },
    {
      "D": "truckbluebook.com",
      "LOS": [
        "truckbluebook.com"
      ],
      "Q": 374163,
      "A": 5912782,
      "U": 1000001,
      "M": 1000001,
      "Country": null,
      "FD": 1413154800,
      "LD": 1635145200,
      "FI": 1294059600,
      "LI": 1635145200,
      "S": 1038,
      "META": null
    },
    {
      "D": "trci.net",
      "LOS": [
        "trci.net"
      ],
      "Q": 384330,
      "A": 6877601,
      "U": 1000001,
      "M": 1000001,
      "Country": null,
      "FD": 1421712000,
      "LD": 1635145200,
      "FI": 1294059600,
      "LI": 1635145200,
      "S": 5,
      "META": null
    },
    {
      "D": "norgren.com",
      "LOS": [
        "norgren.com"
      ],
      "Q": 387229,
      "A": 1064048,
      "U": 1000001,
      "M": 114282,
      "Country": null,
      "FD": 1606518000,
      "LD": 1634540400,
      "FI": 1294059600,
      "LI": 1635145200,
      "S": 12402,
      "META": null
    },
    {
      "D": "colonialdirect.com",
      "LOS": [
        "colonialdirect.com"
      ],
      "Q": 389191,
      "A": 16185290,
      "U": 1000001,
      "M": 1000001,
      "Country": null,
      "FD": 1567119600,
      "LD": 1635145200,
      "FI": 1467241200,
      "LI": 1635145200,
      "S": 5,
      "META": null
    },
    {
      "D": "conquercancerfoundation.org",
      "LOS": [
        "conquercancerfoundation.org"
      ],
      "Q": 389246,
      "A": 667749,
      "U": 1000001,
      "M": 1000001,
      "Country": null,
      "FD": 1404345600,
      "LD": 1635145200,
      "FI": 1315144800,
      "LI": 1635145200,
      "S": 5,
      "META": null
    },
    {
      "D": "newmanboston.org",
      "LOS": [
        "newmanboston.org"
      ],
      "Q": 393027,
      "A": 7147544,
      "U": 1000001,
      "M": 1000001,
      "Country": null,
      "FD": 1354798800,
      "LD": 1635145200,
      "FI": 1354798800,
      "LI": 1635145200,
      "S": 220,
      "META": null
    },
    {
      "D": "obrienhyundai.com",
      "LOS": [
        "obrienhyundai.com"
      ],
      "Q": 398970,
      "A": 27930160,
      "U": 1000001,
      "M": 1000001,
      "Country": null,
      "FD": 1362056400,
      "LD": 1635145200,
      "FI": 1362056400,
      "LI": 1635145200,
      "S": 5,
      "META": null
    },
    {
      "D": "co-opnetwork.org",
      "LOS": [
        "co-opnetwork.org"
      ],
      "Q": 399062,
      "A": 2162484,
      "U": 1000001,
      "M": 1000001,
      "Country": null,
      "FD": 1359032400,
      "LD": 1635145200,
      "FI": 1294059600,
      "LI": 1635145200,
      "S": 5,
      "META": null
    },
    {
      "D": "compulabel.com",
      "LOS": [
        "compulabel.com"
      ],
      "Q": 399132,
      "A": 13286282,
      "U": 1000001,
      "M": 1000001,
      "Country": null,
      "FD": 1359637200,
      "LD": 1635145200,
      "FI": 1294059600,
      "LI": 1635145200,
      "S": 5,
      "META": null
    },
    {
      "D": "ciweb.org",
      "LOS": [
        "ciweb.org"
      ],
      "Q": 401497,
      "A": 585979,
      "U": 1000001,
      "M": 198652,
      "Country": null,
      "FD": 1315749600,
      "LD": 1635145200,
      "FI": 1294059600,
      "LI": 1635145200,
      "S": 208,
      "META": null
    },
    {
      "D": "kidneyurology.org",
      "LOS": [
        "kidneyurology.org"
      ],
      "Q": 411309,
      "A": 642344,
      "U": 1000001,
      "M": 615475,
      "Country": null,
      "FD": 1372806000,
      "LD": 1635145200,
      "FI": 1294059600,
      "LI": 1635145200,
      "S": 5,
      "META": null
    },
    {
      "D": "bctd.org",
      "LOS": [
        "bctd.org"
      ],
      "Q": 415963,
      "A": 497830,
      "U": 1000001,
      "M": 740587,
      "Country": null,
      "FD": 1376866800,
      "LD": 1635145200,
      "FI": 1362056400,
      "LI": 1635145200,
      "S": 5,
      "META": null
    },
    {
      "D": "bmwgallerynorwood.com",
      "LOS": [
        "bmwgallerynorwood.com"
      ],
      "Q": 416345,
      "A": 19111454,
      "U": 1000001,
      "M": 1000001,
      "Country": null,
      "FD": 1446358164,
      "LD": 1635145200,
      "FI": 1301839200,
      "LI": 1635145200,
      "S": 3705,
      "META": null
    },
    {
      "D": "commongood.org",
      "LOS": [
        "commongood.org"
      ],
      "Q": 417481,
      "A": 519188,
      "U": 1000001,
      "M": 536074,
      "Country": null,
      "FD": 1418079600,
      "LD": 1635145200,
      "FI": 1294059600,
      "LI": 1635145200,
      "S": 387,
      "META": null
    },
    {
      "D": "berenstainbears.com",
      "LOS": [
        "berenstainbears.com"
      ],
      "Q": 433001,
      "A": 369291,
      "U": 1000001,
      "M": 264141,
      "Country": null,
      "FD": 1397862000,
      "LD": 1635145200,
      "FI": 1294059600,
      "LI": 1635145200,
      "S": 736,
      "META": null
    },
    {
      "D": "beano.com",
      "LOS": [
        "beano.com"
      ],
      "Q": 489114,
      "A": 358030,
      "U": 185440,
      "M": 147758,
      "Country": null,
      "FD": 1387148400,
      "LD": 1635145200,
      "FI": 971647200,
      "LI": 1635145200,
      "S": 16531,
      "META": null
    },
    {
      "D": "birminghambusinessalliance.com",
      "LOS": [
        "birminghambusinessalliance.com"
      ],
      "Q": 577430,
      "A": 755298,
      "U": 1000001,
      "M": 625475,
      "Country": null,
      "FD": 1434927600,
      "LD": 1635145200,
      "FI": 1330779600,
      "LI": 1635145200,
      "S": 1003,
      "META": null
    },
    {
      "D": "tawebhost.com",
      "LOS": [
        "tawebhost.com"
      ],
      "Q": 587744,
      "A": 85094854,
      "U": 1000001,
      "M": 1000001,
      "Country": null,
      "FD": 1527894000,
      "LD": 1635145200,
      "FI": 1525302000,
      "LI": 1635145200,
      "S": 9818,
      "META": null
    },
    {
      "D": "bartercard.com",
      "LOS": [
        "bartercard.com"
      ],
      "Q": 595123,
      "A": 1249029,
      "U": 1000001,
      "M": 909061,
      "Country": null,
      "FD": 1606518000,
      "LD": 1635145200,
      "FI": 951778800,
      "LI": 1635145200,
      "S": 2491,
      "META": null
    },
    {
      "D": "couponchek.com",
      "LOS": [
        "couponchek.com"
      ],
      "Q": 602761,
      "A": 36246931,
      "U": 1000001,
      "M": 1000001,
      "Country": null,
      "FD": 1413154800,
      "LD": 1635231600,
      "FI": 1294059600,
      "LI": 1635231600,
      "S": 55,
      "META": null
    },
    {
      "D": "bex-asia.com",
      "LOS": [
        "bex-asia.com"
      ],
      "Q": 625573,
      "A": 6837727,
      "U": 1000001,
      "M": 1000001,
      "Country": null,
      "FD": 1404774000,
      "LD": 1635231600,
      "FI": 1376607600,
      "LI": 1635231600,
      "S": 9654,
      "META": null
    },
    {
      "D": "olympiatubes.com",
      "LOS": [
        "olympiatubes.com"
      ],
      "Q": 668776,
      "A": 47379678,
      "U": 1000001,
      "M": 1000001,
      "Country": null,
      "FD": 1400454000,
      "LD": 1635145200,
      "FI": 1379286000,
      "LI": 1635145200,
      "S": 404,
      "META": null
    },
    {
      "D": "bionanogenomics.com",
      "LOS": [
        "bionanogenomics.com"
      ],
      "Q": 684225,
      "A": 6590741,
      "U": 1000001,
      "M": 436877,
      "Country": null,
      "FD": 1395874800,
      "LD": 1635231600,
      "FI": 1330779600,
      "LI": 1635231600,
      "S": 4987,
      "META": null
    },
    {
      "D": "thechampionbank.com",
      "LOS": [
        "thechampionbank.com"
      ],
      "Q": 711560,
      "A": 4254841,
      "U": 1000001,
      "M": 1000001,
      "Country": null,
      "FD": 1467241200,
      "LD": 1635231600,
      "FI": 1341496800,
      "LI": 1635231600,
      "S": 2411,
      "META": null
    },
    {
      "D": "thompsonmahogany.com",
      "LOS": [
        "thompsonmahogany.com"
      ],
      "Q": 712466,
      "A": 19783274,
      "U": 1000001,
      "M": 1000001,
      "Country": null,
      "FD": 1362056400,
      "LD": 1635231600,
      "FI": 1294059600,
      "LI": 1635231600,
      "S": 245,
      "META": null
    },
    {
      "D": "cchwallstreet.com",
      "LOS": [
        "cchwallstreet.com"
      ],
      "Q": 717298,
      "A": 595619,
      "U": 1000001,
      "M": 928286,
      "Country": null,
      "FD": 1367676000,
      "LD": 1635231600,
      "FI": 1294059600,
      "LI": 1635231600,
      "S": 5,
      "META": null
    },
    {
      "D": "thecourier.co.uk",
      "LOS": [
        "thecourier.co.uk"
      ],
      "Q": 719420,
      "A": 22540,
      "U": 91281,
      "M": 14710,
      "Country": null,
      "FD": 1387148400,
      "LD": 1635231600,
      "FI": 1315749600,
      "LI": 1635231600,
      "S": 4122,
      "META": null
    },
    {
      "D": "beulah.edu",
      "LOS": [
        "beulah.edu"
      ],
      "Q": 745496,
      "A": 3262871,
      "U": 1000001,
      "M": 934818,
      "Country": null,
      "FD": 1405638000,
      "LD": 1635231600,
      "FI": 1362056400,
      "LI": 1635231600,
      "S": 980,
      "META": null
    },
    {
      "D": "bryantparkcapital.com",
      "LOS": [
        "bryantparkcapital.com"
      ],
      "Q": 790633,
      "A": 6894396,
      "U": 1000001,
      "M": 1000001,
      "Country": null,
      "FD": 1458601200,
      "LD": 1635231600,
      "FI": 1362056400,
      "LI": 1635231600,
      "S": 245,
      "META": null
    },
    {
      "D": "team-iha.org",
      "LOS": [
        "team-iha.org"
      ],
      "Q": 812659,
      "A": 11257036,
      "U": 1000001,
      "M": 585158,
      "Country": null,
      "FD": 1467241200,
      "LD": 1635231600,
      "FI": 1467241200,
      "LI": 1635231600,
      "S": 13434,
      "META": null
    },
    {
      "D": "bigbuzzinc.com",
      "LOS": [
        "bigbuzzinc.com"
      ],
      "Q": 872314,
      "A": 11184694,
      "U": 1000001,
      "M": 1000001,
      "Country": null,
      "FD": 1362056400,
      "LD": 1635231600,
      "FI": 1362056400,
      "LI": 1635231600,
      "S": 1203,
      "META": null
    },
    {
      "D": "ndls.ie",
      "LOS": [
        "ndls.ie"
      ],
      "Q": 908149,
      "A": 447508,
      "U": 1000001,
      "M": 414182,
      "Country": null,
      "FD": 1383865200,
      "LD": 1628146800,
      "FI": 1383865200,
      "LI": 1635231600,
      "S": 233,
      "META": null
    },
    {
      "D": "ks-international.com",
      "LOS": [
        "ks-international.com"
      ],
      "Q": 957197,
      "A": 16822513,
      "U": 1000001,
      "M": 1000001,
      "Country": null,
      "FD": 1331989200,
      "LD": 1635231600,
      "FI": 1328360400,
      "LI": 1635231600,
      "S": 669,
      "META": null
    },
    {
      "D": "cu.careers",
      "LOS": [
        "cu.careers"
      ],
      "Q": 1000001,
      "A": 100000001,
      "U": 1000001,
      "M": 1000001,
      "Country": null,
      "FD": 1566774000,
      "LD": 1635231600,
      "FI": 1566774000,
      "LI": 1635231600,
      "S": 5,
      "META": null
    },
    {
      "D": "td.cpa",
      "LOS": [
        "td.cpa"
      ],
      "Q": 1000001,
      "A": 100000001,
      "U": 1000001,
      "M": 1000001,
      "Country": null,
      "FD": 1610611200,
      "LD": 1635231600,
      "FI": 1610611200,
      "LI": 1635231600,
      "S": 161,
      "META": null
    },
    {
      "D": "1000hillscondo.com",
      "LOS": [
        "1000hillscondo.com"
      ],
      "Q": 1000001,
      "A": 100000001,
      "U": 1000001,
      "M": 1000001,
      "Country": null,
      "FD": 1488322800,
      "LD": 1635058800,
      "FI": 1488322800,
      "LI": 1635058800,
      "S": 36,
      "META": null
    },
    {
      "D": "100ladiesofdeering.org",
      "LOS": [
        "100ladiesofdeering.org"
      ],
      "Q": 1000001,
      "A": 36227966,
      "U": 1000001,
      "M": 1000001,
      "Country": null,
      "FD": 1595314800,
      "LD": 1630047600,
      "FI": 1422399600,
      "LI": 1632466800,
      "S": 5,
      "META": null
    },
    {
      "D": "1000hillsbranson.com",
      "LOS": [
        "1000hillsbranson.com"
      ],
      "Q": 1000001,
      "A": 100000001,
      "U": 1000001,
      "M": 1000001,
      "Country": null,
      "FD": 1488322800,
      "LD": 1635058800,
      "FI": 1488322800,
      "LI": 1635058800,
      "S": 36,
      "META": null
    },
    {
      "D": "100-years.com",
      "LOS": [
        "100-years.com"
      ],
      "Q": 1000001,
      "A": 3238330,
      "U": 1000001,
      "M": 264358,
      "Country": null,
      "FD": 1381705200,
      "LD": 1635058800,
      "FI": 1379286000,
      "LI": 1635058800,
      "S": 5,
      "META": null
    },
    {
      "D": "1000hillsresort.com",
      "LOS": [
        "1000hillsresort.com"
      ],
      "Q": 1000001,
      "A": 100000001,
      "U": 1000001,
      "M": 1000001,
      "Country": null,
      "FD": 1488322800,
      "LD": 1635058800,
      "FI": 1488322800,
      "LI": 1635058800,
      "S": 36,
      "META": null
    },
    {
      "D": "1000hillsrealestate.com",
      "LOS": [
        "1000hillsrealestate.com"
      ],
      "Q": 1000001,
      "A": 100000001,
      "U": 1000001,
      "M": 1000001,
      "Country": null,
      "FD": 1488322800,
      "LD": 1635058800,
      "FI": 1488322800,
      "LI": 1635058800,
      "S": 36,
      "META": null
    },
    {
      "D": "1000hillsrealty.com",
      "LOS": [
        "1000hillsrealty.com"
      ],
      "Q": 1000001,
      "A": 100000001,
      "U": 1000001,
      "M": 1000001,
      "Country": null,
      "FD": 1488322800,
      "LD": 1635058800,
      "FI": 1488322800,
      "LI": 1635058800,
      "S": 36,
      "META": null
    },
    {
      "D": "1010580.com",
      "LOS": [
        "1010580.com"
      ],
      "Q": 1000001,
      "A": 42096968,
      "U": 1000001,
      "M": 1000001,
      "Country": null,
      "FD": 1362056400,
      "LD": 1632466800,
      "FI": 1362056400,
      "LI": 1632466800,
      "S": 13,
      "META": null
    },
    {
      "D": "1018888.ca",
      "LOS": [
        "1018888.ca"
      ],
      "Q": 1000001,
      "A": 100000001,
      "U": 1000001,
      "M": 1000001,
      "Country": null,
      "FD": 1362056400,
      "LD": 1635058800,
      "FI": 1362056400,
      "LI": 1635058800,
      "S": 13,
      "META": null
    },
    {
      "D": "1018888.com",
      "LOS": [
        "1018888.com"
      ],
      "Q": 1000001,
      "A": 100000001,
      "U": 1000001,
      "M": 1000001,
      "Country": null,
      "FD": 1362056400,
      "LD": 1632466800,
      "FI": 1362056400,
      "LI": 1632466800,
      "S": 13,
      "META": null
    },
    {
      "D": "1048skylounge.com",
      "LOS": [
        "1048skylounge.com"
      ],
      "Q": 1000001,
      "A": 63605465,
      "U": 1000001,
      "M": 1000001,
      "Country": null,
      "FD": 1389481200,
      "LD": 1632466800,
      "FI": 1389481200,
      "LI": 1632466800,
      "S": 5,
      "META": null
    },
    {
      "D": "104westpartners.com",
      "LOS": [
        "104westpartners.com"
      ],
      "Q": 1000001,
      "A": 100000001,
      "U": 1000001,
      "M": 1000001,
      "Country": null,
      "FD": 1362056400,
      "LD": 1632466800,
      "FI": 1362056400,
      "LI": 1632466800,
      "S": 5,
      "META": null
    },
    {
      "D": "104degreeswest.com",
      "LOS": [
        "104degreeswest.com"
      ],
      "Q": 1000001,
      "A": 100000001,
      "U": 1000001,
      "M": 1000001,
      "Country": null,
      "FD": 1362056400,
      "LD": 1630998000,
      "FI": 1362056400,
      "LI": 1630998000,
      "S": 5,
      "META": null
    },
    {
      "D": "110gaming.co.uk",
      "LOS": [
        "110gaming.co.uk"
      ],
      "Q": 1000001,
      "A": 100000001,
      "U": 1000001,
      "M": 1000001,
      "Country": null,
      "FD": 1422316800,
      "LD": 1628146800,
      "FI": 1389481200,
      "LI": 1628146800,
      "S": 375,
      "META": null
    },
    {
      "D": "111west.ca",
      "LOS": [
        "111west.ca"
      ],
      "Q": 1000001,
      "A": 100000001,
      "U": 1000001,
      "M": 1000001,
      "Country": null,
      "FD": 1389481200,
      "LD": 1632466800,
      "FI": 1362056400,
      "LI": 1632466800,
      "S": 5,
      "META": null
    },
    {
      "D": "1130thefan.com",
      "LOS": [
        "1130thefan.com"
      ],
      "Q": 1000001,
      "A": 52683686,
      "U": 1000001,
      "M": 1000001,
      "Country": null,
      "FD": 1384297200,
      "LD": 1632466800,
      "FI": 1362056400,
      "LI": 1632466800,
      "S": 2911,
      "META": null
    },
    {
      "D": "12424montague.com",
      "LOS": [
        "12424montague.com"
      ],
      "Q": 1000001,
      "A": 100000001,
      "U": 1000001,
      "M": 1000001,
      "Country": null,
      "FD": 1600383600,
      "LD": 1632466800,
      "FI": 1600383600,
      "LI": 1632466800,
      "S": 5,
      "META": null
    },
    {
      "D": "1301services.net",
      "LOS": [
        "1301services.net"
      ],
      "Q": 1000001,
      "A": 100000001,
      "U": 1000001,
      "M": 1000001,
      "Country": null,
      "FD": 1395356400,
      "LD": 1632466800,
      "FI": 1379286000,
      "LI": 1632466800,
      "S": 5,
      "META": null
    },
    {
      "D": "1452.co.uk",
      "LOS": [
        "1452.co.uk"
      ],
      "Q": 1000001,
      "A": 100000001,
      "U": 1000001,
      "M": 1000001,
      "Country": null,
      "FD": 1566774000,
      "LD": 1632466800,
      "FI": 1537830000,
      "LI": 1632466800,
      "S": 375,
      "META": null
    },
    {
      "D": "14c.ca",
      "LOS": [
        "14c.ca"
      ],
      "Q": 1000001,
      "A": 100000001,
      "U": 1000001,
      "M": 1000001,
      "Country": null,
      "FD": 1369922400,
      "LD": 1632466800,
      "FI": 1362056400,
      "LI": 1632466800,
      "S": 5,
      "META": null
    },
    {
      "D": "151property.com.au",
      "LOS": [
        "151property.com.au"
      ],
      "Q": 1000001,
      "A": 11712459,
      "U": 1000001,
      "M": 1000001,
      "Country": null,
      "FD": 1467241200,
      "LD": 1635058800,
      "FI": 1451174400,
      "LI": 1635058800,
      "S": 1713,
      "META": null
    },
    {
      "D": "15courtsquare.com",
      "LOS": [
        "15courtsquare.com"
      ],
      "Q": 1000001,
      "A": 72357152,
      "U": 1000001,
      "M": 1000001,
      "Country": null,
      "FD": 1422316800,
      "LD": 1632466800,
      "FI": 1422316800,
      "LI": 1632466800,
      "S": 5,
      "META": null
    },
    {
      "D": "179-degrees.com",
      "LOS": [
        "179-degrees.com"
      ],
      "Q": 1000001,
      "A": 34772825,
      "U": 1000001,
      "M": 1000001,
      "Country": null,
      "FD": 1600383600,
      "LD": 1632466800,
      "FI": 1600383600,
      "LI": 1632466800,
      "S": 5,
      "META": null
    },
    {
      "D": "1800striping.com",
      "LOS": [
        "1800striping.com"
      ],
      "Q": 1000001,
      "A": 100000001,
      "U": 1000001,
      "M": 1000001,
      "Country": null,
      "FD": 1362056400,
      "LD": 1632466800,
      "FI": 1362056400,
      "LI": 1632466800,
      "S": 5,
      "META": null
    },
    {
      "D": "1800tequilastore.com",
      "LOS": [
        "1800tequilastore.com"
      ],
      "Q": 1000001,
      "A": 100000001,
      "U": 1000001,
      "M": 1000001,
      "Country": null,
      "FD": 1362056400,
      "LD": 1635058800,
      "FI": 1362056400,
      "LI": 1635058800,
      "S": 5,
      "META": null
    },
    {
      "D": "181nadlan.com",
      "LOS": [
        "181nadlan.com"
      ],
      "Q": 1000001,
      "A": 100000001,
      "U": 1000001,
      "M": 1000001,
      "Country": null,
      "FD": 1592866800,
      "LD": 1634799600,
      "FI": 1592866800,
      "LI": 1634799600,
      "S": 5,
      "META": null
    },
    {
      "D": "1861online.com",
      "LOS": [
        "1861online.com"
      ],
      "Q": 1000001,
      "A": 100000001,
      "U": 1000001,
      "M": 1000001,
      "Country": null,
      "FD": 1404774000,
      "LD": 1634799600,
      "FI": 1362056400,
      "LI": 1634799600,
      "S": 5,
      "META": null
    },
    {
      "D": "18rockypoint.com",
      "LOS": [
        "18rockypoint.com"
      ],
      "Q": 1000001,
      "A": 100000001,
      "U": 1000001,
      "M": 1000001,
      "Country": null,
      "FD": 1600383600,
      "LD": 1632466800,
      "FI": 1466146800,
      "LI": 1632466800,
      "S": 577,
      "META": null
    },
    {
      "D": "1910grille.com",
      "LOS": [
        "1910grille.com"
      ],
      "Q": 1000001,
      "A": 100000001,
      "U": 1000001,
      "M": 1000001,
      "Country": null,
      "FD": 1447196400,
      "LD": 1632466800,
      "FI": 1436310000,
      "LI": 1632466800,
      "S": 25,
      "META": null
    },
    {
      "D": "1939register.co.uk",
      "LOS": [
        "1939register.co.uk"
      ],
      "Q": 1000001,
      "A": 1998105,
      "U": 1000001,
      "M": 1000001,
      "Country": null,
      "FD": 1407970800,
      "LD": 1632466800,
      "FI": 1397862000,
      "LI": 1632466800,
      "S": 471,
      "META": null
    },
    {
      "D": "1allins.com",
      "LOS": [
        "1allins.com"
      ],
      "Q": 1000001,
      "A": 100000001,
      "U": 1000001,
      "M": 1000001,
      "Country": null,
      "FD": 1566774000,
      "LD": 1632466800,
      "FI": 1566774000,
      "LI": 1632466800,
      "S": 5,
      "META": null
    },
    {
      "D": "1arv.com",
      "LOS": [
        "1arv.com"
      ],
      "Q": 1000001,
      "A": 50779586,
      "U": 1000001,
      "M": 1000001,
      "Country": null,
      "FD": 1364302800,
      "LD": 1632466800,
      "FI": 1320584400,
      "LI": 1632466800,
      "S": 5,
      "META": null
    },
    {
      "D": "1highlanders.co.uk",
      "LOS": [
        "1highlanders.co.uk"
      ],
      "Q": 1000001,
      "A": 100000001,
      "U": 1000001,
      "M": 1000001,
      "Country": null,
      "FD": 1566774000,
      "LD": 1628233200,
      "FI": 1566774000,
      "LI": 1628233200,
      "S": 5,
      "META": null
    },
    {
      "D": "1omg.com",
      "LOS": [
        "1omg.com"
      ],
      "Q": 1000001,
      "A": 100000001,
      "U": 1000001,
      "M": 1000001,
      "Country": null,
      "FD": 1369922400,
      "LD": 1632466800,
      "FI": 1362056400,
      "LI": 1632466800,
      "S": 5,
      "META": null
    },
    {
      "D": "1preferredplace.com",
      "LOS": [
        "1preferredplace.com"
      ],
      "Q": 1000001,
      "A": 40912009,
      "U": 1000001,
      "M": 1000001,
      "Country": null,
      "FD": 1523228400,
      "LD": 1632466800,
      "FI": 1284879600,
      "LI": 1632466800,
      "S": 375,
      "META": null
    },
    {
      "D": "1snowdog.com",
      "LOS": [
        "1snowdog.com"
      ],
      "Q": 1000001,
      "A": 100000001,
      "U": 1000001,
      "M": 1000001,
      "Country": null,
      "FD": 1566774000,
      "LD": 1632466800,
      "FI": 1566774000,
      "LI": 1632466800,
      "S": 11,
      "META": null
    },
    {
      "D": "1stlightenergy.com",
      "LOS": [
        "1stlightenergy.com"
      ],
      "Q": 1000001,
      "A": 3377670,
      "U": 1000001,
      "M": 1000001,
      "Country": null,
      "FD": 1362056400,
      "LD": 1634799600,
      "FI": 1112911200,
      "LI": 1635231600,
      "S": 5195,
      "META": null
    },
    {
      "D": "1stsystems.co.uk",
      "LOS": [
        "1stsystems.co.uk"
      ],
      "Q": 1000001,
      "A": 52847999,
      "U": 1000001,
      "M": 1000001,
      "Country": null,
      "FD": 1362056400,
      "LD": 1630047600,
      "FI": 1362056400,
      "LI": 1632466800,
      "S": 5,
      "META": null
    },
    {
      "D": "1stbusinesssolutionsinc.com",
      "LOS": [
        "1stbusinesssolutionsinc.com"
      ],
      "Q": 1000001,
      "A": 60644482,
      "U": 1000001,
      "M": 1000001,
      "Country": null,
      "FD": 1415574000,
      "LD": 1633244400,
      "FI": 1369922400,
      "LI": 1633244400,
      "S": 45,
      "META": null
    },
    {
      "D": "1stmerc.net",
      "LOS": [
        "1stmerc.net"
      ],
      "Q": 1000001,
      "A": 20865348,
      "U": 1000001,
      "M": 1000001,
      "Country": null,
      "FD": 1510095600,
      "LD": 1635058800,
      "FI": 1434841200,
      "LI": 1635058800,
      "S": 4063,
      "META": null
    },
    {
      "D": "1stclassteachers.co.uk",
      "LOS": [
        "1stclassteachers.co.uk"
      ],
      "Q": 1000001,
      "A": 47457927,
      "U": 1000001,
      "M": 1000001,
      "Country": null,
      "FD": 1362056400,
      "LD": 1632466800,
      "FI": 1362056400,
      "LI": 1632466800,
      "S": 5,
      "META": null
    },
    {
      "D": "1window.com.pk",
      "LOS": [
        "1window.com.pk"
      ],
      "Q": 1000001,
      "A": 100000001,
      "U": 1000001,
      "M": 1000001,
      "Country": null,
      "FD": 1389481200,
      "LD": 1632466800,
      "FI": 1389481200,
      "LI": 1632466800,
      "S": 5,
      "META": null
    },
    {
      "D": "1-800-attorney.com",
      "LOS": [
        "1-800-attorney.com"
      ],
      "Q": 1000001,
      "A": 39990269,
      "U": 1000001,
      "M": 1000001,
      "Country": null,
      "FD": 1389481200,
      "LD": 1634799600,
      "FI": 1389481200,
      "LI": 1634799600,
      "S": 5,
      "META": null
    },
    {
      "D": "20bridge.com",
      "LOS": [
        "20bridge.com"
      ],
      "Q": 1000001,
      "A": 100000001,
      "U": 1000001,
      "M": 1000001,
      "Country": null,
      "FD": 1558047600,
      "LD": 1634022000,
      "FI": 1558047600,
      "LI": 1635058800,
      "S": 5,
      "META": null
    },
    {
      "D": "20twentygroup.com",
      "LOS": [
        "20twentygroup.com"
      ],
      "Q": 1000001,
      "A": 100000001,
      "U": 1000001,
      "M": 1000001,
      "Country": null,
      "FD": 1600383600,
      "LD": 1632466800,
      "FI": 1600383600,
      "LI": 1632466800,
      "S": 5,
      "META": null
    },
    {
      "D": "211ns.ca",
      "LOS": [
        "211ns.ca"
      ],
      "Q": 1000001,
      "A": 100000001,
      "U": 1000001,
      "M": 1000001,
      "Country": null,
      "FD": 1422316800,
      "LD": 1635058800,
      "FI": 1422316800,
      "LI": 1635058800,
      "S": 5,
      "META": null
    },
    {
      "D": "21centurysurvival.com",
      "LOS": [
        "21centurysurvival.com"
      ],
      "Q": 1000001,
      "A": 100000001,
      "U": 1000001,
      "M": 1000001,
      "Country": null,
      "FD": 1600383600,
      "LD": 1632466800,
      "FI": 1600383600,
      "LI": 1632466800,
      "S": 5,
      "META": null
    },
    {
      "D": "21headsup.com",
      "LOS": [
        "21headsup.com"
      ],
      "Q": 1000001,
      "A": 63733242,
      "U": 1000001,
      "M": 1000001,
      "Country": null,
      "FD": 1496271600,
      "LD": 1632466800,
      "FI": 1488322800,
      "LI": 1632466800,
      "S": 286,
      "META": null
    },
    {
      "D": "21stcenturyag.org",
      "LOS": [
        "21stcenturyag.org"
      ],
      "Q": 1000001,
      "A": 16929397,
      "U": 1000001,
      "M": 1000001,
      "Country": null,
      "FD": 1496271600,
      "LD": 1632466800,
      "FI": 1362056400,
      "LI": 1632466800,
      "S": 5,
      "META": null
    },
    {
      "D": "21stcb.net",
      "LOS": [
        "21stcb.net"
      ],
      "Q": 1000001,
      "A": 42541632,
      "U": 1000001,
      "M": 1000001,
      "Country": null,
      "FD": 1566774000,
      "LD": 1632466800,
      "FI": 1566774000,
      "LI": 1632466800,
      "S": 5,
      "META": null
    },
    {
      "D": "226companies.com",
      "LOS": [
        "226companies.com"
      ],
      "Q": 1000001,
      "A": 100000001,
      "U": 1000001,
      "M": 1000001,
      "Country": null,
      "FD": 1458514800,
      "LD": 1632466800,
      "FI": 1456617600,
      "LI": 1632466800,
      "S": 21,
      "META": null
    },
    {
      "D": "247networks.net",
      "LOS": [
        "247networks.net"
      ],
      "Q": 1000001,
      "A": 100000001,
      "U": 1000001,
      "M": 1000001,
      "Country": null,
      "FD": 1362056400,
      "LD": 1632466800,
      "FI": 1362056400,
      "LI": 1633244400,
      "S": 5,
      "META": null
    },
    {
      "D": "24-7booster.com",
      "LOS": [
        "24-7booster.com"
      ],
      "Q": 1000001,
      "A": 100000001,
      "U": 1000001,
      "M": 1000001,
      "Country": null,
      "FD": 1362056400,
      "LD": 1632466800,
      "FI": 1362056400,
      "LI": 1632466800,
      "S": 5,
      "META": null
    },
    {
      "D": "250weststreet.com",
      "LOS": [
        "250weststreet.com"
      ],
      "Q": 1000001,
      "A": 6735538,
      "U": 1000001,
      "M": 1000001,
      "Country": null,
      "FD": 1371942000,
      "LD": 1634799600,
      "FI": 1341496800,
      "LI": 1634799600,
      "S": 5,
      "META": null
    },
    {
      "D": "27powersofpersuasion.com",
      "LOS": [
        "27powersofpersuasion.com"
      ],
      "Q": 1000001,
      "A": 8912488,
      "U": 1000001,
      "M": 1000001,
      "Country": null,
      "FD": 1362056400,
      "LD": 1632466800,
      "FI": 1362056400,
      "LI": 1634713200,
      "S": 5,
      "META": null
    },
    {
      "D": "29agency.com",
      "LOS": [
        "29agency.com"
      ],
      "Q": 1000001,
      "A": 8247579,
      "U": 1000001,
      "M": 1000001,
      "Country": null,
      "FD": 1362056400,
      "LD": 1632466800,
      "FI": 1362056400,
      "LI": 1632466800,
      "S": 5,
      "META": null
    },
    {
      "D": "2as1.net",
      "LOS": [
        "2as1.net"
      ],
      "Q": 1000001,
      "A": 57533919,
      "U": 1000001,
      "M": 1000001,
      "Country": null,
      "FD": 1397862000,
      "LD": 1632466800,
      "FI": 1294059600,
      "LI": 1632466800,
      "S": 5,
      "META": null
    },
    {
      "D": "2fmimhs.com",
      "LOS": [
        "2fmimhs.com"
      ],
      "Q": 1000001,
      "A": 100000001,
      "U": 1000001,
      "M": 1000001,
      "Country": null,
      "FD": 1606431600,
      "LD": 1632466800,
      "FI": 1606431600,
      "LI": 1632466800,
      "S": 5,
      "META": null
    },
    {
      "D": "2mainstreetstoneham.com",
      "LOS": [
        "2mainstreetstoneham.com"
      ],
      "Q": 1000001,
      "A": 67341888,
      "U": 1000001,
      "M": 1000001,
      "Country": null,
      "FD": 1422316800,
      "LD": 1632466800,
      "FI": 1422316800,
      "LI": 1632466800,
      "S": 5,
      "META": null
    },
    {
      "D": "2moncurs.com",
      "LOS": [
        "2moncurs.com"
      ],
      "Q": 1000001,
      "A": 100000001,
      "U": 1000001,
      "M": 1000001,
      "Country": null,
      "FD": 1600383600,
      "LD": 1632466800,
      "FI": 1600383600,
      "LI": 1632466800,
      "S": 5,
      "META": null
    },
    {
      "D": "2simpleonline.com",
      "LOS": [
        "2simpleonline.com"
      ],
      "Q": 1000001,
      "A": 47200376,
      "U": 1000001,
      "M": 1000001,
      "Country": null,
      "FD": 1566774000,
      "LD": 1632466800,
      "FI": 1566774000,
      "LI": 1632466800,
      "S": 5,
      "META": null
    },
    {
      "D": "2xposefashion.com",
      "LOS": [
        "2xposefashion.com"
      ],
      "Q": 1000001,
      "A": 100000001,
      "U": 1000001,
      "M": 1000001,
      "Country": null,
      "FD": 1566774000,
      "LD": 1632466800,
      "FI": 1566774000,
      "LI": 1632466800,
      "S": 5,
      "META": null
    },
    {
      "D": "401kpilot.com",
      "LOS": [
        "401kpilot.com"
      ],
      "Q": 1000001,
      "A": 100000001,
      "U": 1000001,
      "M": 1000001,
      "Country": null,
      "FD": 1600383600,
      "LD": 1632466800,
      "FI": 1418716800,
      "LI": 1632466800,
      "S": 511,
      "META": null
    },
    {
      "D": "40mm.org",
      "LOS": [
        "40mm.org"
      ],
      "Q": 1000001,
      "A": 100000001,
      "U": 1000001,
      "M": 1000001,
      "Country": null,
      "FD": 1467241200,
      "LD": 1632466800,
      "FI": 1467241200,
      "LI": 1632466800,
      "S": 5,
      "META": null
    },
    {
      "D": "411god.net",
      "LOS": [
        "411god.net"
      ],
      "Q": 1000001,
      "A": 5097330,
      "U": 1000001,
      "M": 1000001,
      "Country": null,
      "FD": 1389481200,
      "LD": 1632466800,
      "FI": 1294059600,
      "LI": 1632466800,
      "S": 5,
      "META": null
    },
    {
      "D": "416w52.com",
      "LOS": [
        "416w52.com"
      ],
      "Q": 1000001,
      "A": 100000001,
      "U": 1000001,
      "M": 1000001,
      "Country": null,
      "FD": 1600383600,
      "LD": 1632466800,
      "FI": 1533333600,
      "LI": 1632466800,
      "S": 83,
      "META": null
    },
    {
      "D": "450tel.ca",
      "LOS": [
        "450tel.ca"
      ],
      "Q": 1000001,
      "A": 19528637,
      "U": 1000001,
      "M": 1000001,
      "Country": null,
      "FD": 1362056400,
      "LD": 1635058800,
      "FI": 1362056400,
      "LI": 1635058800,
      "S": 13,
      "META": null
    },
    {
      "D": "4500yoakum.com",
      "LOS": [
        "4500yoakum.com"
      ],
      "Q": 1000001,
      "A": 100000001,
      "U": 1000001,
      "M": 1000001,
      "Country": null,
      "FD": 1379286000,
      "LD": 1632466800,
      "FI": 1379286000,
      "LI": 1632466800,
      "S": 5,
      "META": null
    },
    {
      "D": "45northstreet.com",
      "LOS": [
        "45northstreet.com"
      ],
      "Q": 1000001,
      "A": 100000001,
      "U": 1000001,
      "M": 1000001,
      "Country": null,
      "FD": 1379286000,
      "LD": 1632466800,
      "FI": 1379286000,
      "LI": 1632466800,
      "S": 5,
      "META": null
    },
    {
      "D": "45northstreet.net",
      "LOS": [
        "45northstreet.net"
      ],
      "Q": 1000001,
      "A": 100000001,
      "U": 1000001,
      "M": 1000001,
      "Country": null,
      "FD": 1379286000,
      "LD": 1632466800,
      "FI": 1379286000,
      "LI": 1632466800,
      "S": 5,
      "META": null
    },
    {
      "D": "45northstreetapartments.com",
      "LOS": [
        "45northstreetapartments.com"
      ],
      "Q": 1000001,
      "A": 72357153,
      "U": 1000001,
      "M": 1000001,
      "Country": null,
      "FD": 1389481200,
      "LD": 1632466800,
      "FI": 1389481200,
      "LI": 1632466800,
      "S": 5,
      "META": null
    },
    {
      "D": "4airrescue.com",
      "LOS": [
        "4airrescue.com"
      ],
      "Q": 1000001,
      "A": 3905711,
      "U": 1000001,
      "M": 1000001,
      "Country": null,
      "FD": 1422316800,
      "LD": 1632466800,
      "FI": 1338472800,
      "LI": 1632466800,
      "S": 5,
      "META": null
    },
    {
      "D": "4gfunding.net",
      "LOS": [
        "4gfunding.net"
      ],
      "Q": 1000001,
      "A": 100000001,
      "U": 1000001,
      "M": 1000001,
      "Country": null,
      "FD": 1389481200,
      "LD": 1632466800,
      "FI": 1389481200,
      "LI": 1632466800,
      "S": 5,
      "META": null
    },
    {
      "D": "4guysfromdenver.com",
      "LOS": [
        "4guysfromdenver.com"
      ],
      "Q": 1000001,
      "A": 100000001,
      "U": 1000001,
      "M": 1000001,
      "Country": null,
      "FD": 1362056400,
      "LD": 1634540400,
      "FI": 1362056400,
      "LI": 1634540400,
      "S": 5,
      "META": null
    },
    {
      "D": "4injury.net",
      "LOS": [
        "4injury.net"
      ],
      "Q": 1000001,
      "A": 11205963,
      "U": 1000001,
      "M": 1000001,
      "Country": null,
      "FD": 1379286000,
      "LD": 1632466800,
      "FI": 1379286000,
      "LI": 1632466800,
      "S": 5,
      "META": null
    },
    {
      "D": "4njbets.com",
      "LOS": [
        "4njbets.com"
      ],
      "Q": 1000001,
      "A": 18384015,
      "U": 1000001,
      "M": 1000001,
      "Country": null,
      "FD": 1404774000,
      "LD": 1635058800,
      "FI": 1136761200,
      "LI": 1635058800,
      "S": 571,
      "META": null
    },
    {
      "D": "4qtrs.net",
      "LOS": [
        "4qtrs.net"
      ],
      "Q": 1000001,
      "A": 3502769,
      "U": 1000001,
      "M": 1000001,
      "Country": null,
      "FD": 1458514800,
      "LD": 1634799600,
      "FI": 1438324363,
      "LI": 1634799600,
      "S": 5,
      "META": null
    },
    {
      "D": "4sightservice.biz",
      "LOS": [
        "4sightservice.biz"
      ],
      "Q": 1000001,
      "A": 100000001,
      "U": 1000001,
      "M": 1000001,
      "Country": null,
      "FD": 1447196400,
      "LD": 1632466800,
      "FI": 1447196400,
      "LI": 1632466800,
      "S": 5,
      "META": null
    },
    {
      "D": "4sightservice.net",
      "LOS": [
        "4sightservice.net"
      ],
      "Q": 1000001,
      "A": 100000001,
      "U": 1000001,
      "M": 1000001,
      "Country": null,
      "FD": 1434841200,
      "LD": 1632466800,
      "FI": 1434841200,
      "LI": 1632466800,
      "S": 5,
      "META": null
    },
    {
      "D": "4thchannel.com",
      "LOS": [
        "4thchannel.com"
      ],
      "Q": 1000001,
      "A": 100000001,
      "U": 1000001,
      "M": 1000001,
      "Country": null,
      "FD": 1389481200,
      "LD": 1634022000,
      "FI": 1389481200,
      "LI": 1635058800,
      "S": 5,
      "META": null
    },
    {
      "D": "b21pubs.com",
      "LOS": [
        "b21pubs.com"
      ],
      "Q": 1000001,
      "A": 6875804,
      "U": 1000001,
      "M": 1000001,
      "Country": null,
      "FD": 1574290800,
      "LD": 1632466800,
      "FI": 1574290800,
      "LI": 1632466800,
      "S": 5,
      "META": null
    },
    {
      "D": "b2bcollectionagency.com",
      "LOS": [
        "b2bcollectionagency.com"
      ],
      "Q": 1000001,
      "A": 39374273,
      "U": 1000001,
      "M": 1000001,
      "Country": null,
      "FD": 1566774000,
      "LD": 1632466800,
      "FI": 1566774000,
      "LI": 1632466800,
      "S": 5,
      "META": null
    },
    {
      "D": "b2bmarketingtrends.com",
      "LOS": [
        "b2bmarketingtrends.com"
      ],
      "Q": 1000001,
      "A": 35396034,
      "U": 1000001,
      "M": 1000001,
      "Country": null,
      "FD": 1422316800,
      "LD": 1635058800,
      "FI": 1085781600,
      "LI": 1635058800,
      "S": 108,
      "META": null
    },
    {
      "D": "b2b-seo.com",
      "LOS": [
        "b2b-seo.com"
      ],
      "Q": 1000001,
      "A": 13994671,
      "U": 1000001,
      "M": 1000001,
      "Country": null,
      "FD": 1362056400,
      "LD": 1632466800,
      "FI": 1362056400,
      "LI": 1632466800,
      "S": 5,
      "META": null
    },
    {
      "D": "b2b-advantage.com",
      "LOS": [
        "b2b-advantage.com"
      ],
      "Q": 1000001,
      "A": 100000001,
      "U": 1000001,
      "M": 1000001,
      "Country": null,
      "FD": 1379286000,
      "LD": 1635058800,
      "FI": 1379286000,
      "LI": 1635058800,
      "S": 31,
      "META": null
    },
    {
      "D": "b2bcollectors.com",
      "LOS": [
        "b2bcollectors.com"
      ],
      "Q": 1000001,
      "A": 100000001,
      "U": 1000001,
      "M": 1000001,
      "Country": null,
      "FD": 1567551600,
      "LD": 1632466800,
      "FI": 1566774000,
      "LI": 1632466800,
      "S": 5,
      "META": null
    },
    {
      "D": "b927fm.com",
      "LOS": [
        "b927fm.com"
      ],
      "Q": 1000001,
      "A": 12064297,
      "U": 1000001,
      "M": 1000001,
      "Country": null,
      "FD": 1403046000,
      "LD": 1635058800,
      "FI": 1401408000,
      "LI": 1635058800,
      "S": 2911,
      "META": null
    },
    {
      "D": "baarns.com",
      "LOS": [
        "baarns.com"
      ],
      "Q": 1000001,
      "A": 16620841,
      "U": 1000001,
      "M": 1000001,
      "Country": null,
      "FD": 1362056400,
      "LD": 1632466800,
      "FI": 1362056400,
      "LI": 1632466800,
      "S": 5,
      "META": null
    },
    {
      "D": "baachrobinson.com",
      "LOS": [
        "baachrobinson.com"
      ],
      "Q": 1000001,
      "A": 4813488,
      "U": 1000001,
      "M": 1000001,
      "Country": null,
      "FD": 1422316800,
      "LD": 1635058800,
      "FI": 1043222400,
      "LI": 1635058800,
      "S": 571,
      "META": null
    },
    {
      "D": "babcock-davis.com",
      "LOS": [
        "babcock-davis.com"
      ],
      "Q": 1000001,
      "A": 67208819,
      "U": 1000001,
      "M": 1000001,
      "Country": null,
      "FD": 1389481200,
      "LD": 1632466800,
      "FI": 1389481200,
      "LI": 1632466800,
      "S": 5,
      "META": null
    },
    {
      "D": "babyloneimmo.com",
      "LOS": [
        "babyloneimmo.com"
      ],
      "Q": 1000001,
      "A": 100000001,
      "U": 1000001,
      "M": 1000001,
      "Country": null,
      "FD": 1422316800,
      "LD": 1632466800,
      "FI": 1362056400,
      "LI": 1632466800,
      "S": 5,
      "META": null
    },
    {
      "D": "babcockinc.com",
      "LOS": [
        "babcockinc.com"
      ],
      "Q": 1000001,
      "A": 25379708,
      "U": 1000001,
      "M": 1000001,
      "Country": null,
      "FD": 1362056400,
      "LD": 1635058800,
      "FI": 1362056400,
      "LI": 1635058800,
      "S": 5,
      "META": null
    },
    {
      "D": "babylisspro.tv",
      "LOS": [
        "babylisspro.tv"
      ],
      "Q": 1000001,
      "A": 38169393,
      "U": 1000001,
      "M": 1000001,
      "Country": null,
      "FD": 1341496800,
      "LD": 1632466800,
      "FI": 1341496800,
      "LI": 1632466800,
      "S": 5,
      "META": null
    },
    {
      "D": "babyliss.be",
      "LOS": [
        "babyliss.be"
      ],
      "Q": 1000001,
      "A": 21661878,
      "U": 1000001,
      "M": 1000001,
      "Country": null,
      "FD": 1447196400,
      "LD": 1635058800,
      "FI": 1065078000,
      "LI": 1635058800,
      "S": 37149,
      "META": null
    },
    {
      "D": "babbandbrown.com",
      "LOS": [
        "babbandbrown.com"
      ],
      "Q": 1000001,
      "A": 22906721,
      "U": 1000001,
      "M": 1000001,
      "Country": null,
      "FD": 1362056400,
      "LD": 1632466800,
      "FI": 1362056400,
      "LI": 1632466800,
      "S": 5,
      "META": null
    },
    {
      "D": "baconthomas.net",
      "LOS": [
        "baconthomas.net"
      ],
      "Q": 1000001,
      "A": 100000001,
      "U": 1000001,
      "M": 1000001,
      "Country": null,
      "FD": 1389481200,
      "LD": 1632466800,
      "FI": 1362056400,
      "LI": 1632466800,
      "S": 5,
      "META": null
    },
    {
      "D": "baconthomas.org",
      "LOS": [
        "baconthomas.org"
      ],
      "Q": 1000001,
      "A": 100000001,
      "U": 1000001,
      "M": 1000001,
      "Country": null,
      "FD": 1389481200,
      "LD": 1632466800,
      "FI": 1362056400,
      "LI": 1632466800,
      "S": 5,
      "META": null
    },
    {
      "D": "backup-ez.net",
      "LOS": [
        "backup-ez.net"
      ],
      "Q": 1000001,
      "A": 100000001,
      "U": 1000001,
      "M": 1000001,
      "Country": null,
      "FD": 1362056400,
      "LD": 1632466800,
      "FI": 1292972400,
      "LI": 1632466800,
      "S": 215,
      "META": null
    },
    {
      "D": "backtobasicsforlife.com",
      "LOS": [
        "backtobasicsforlife.com"
      ],
      "Q": 1000001,
      "A": 100000001,
      "U": 1000001,
      "M": 1000001,
      "Country": null,
      "FD": 1389481200,
      "LD": 1632466800,
      "FI": 1362056400,
      "LI": 1632466800,
      "S": 5,
      "META": null
    },
    {
      "D": "backgatedesigns.com",
      "LOS": [
        "backgatedesigns.com"
      ],
      "Q": 1000001,
      "A": 100000001,
      "U": 1000001,
      "M": 1000001,
      "Country": null,
      "FD": 1389481200,
      "LD": 1632466800,
      "FI": 1389481200,
      "LI": 1632466800,
      "S": 5,
      "META": null
    },
    {
      "D": "backgrounddatasolutions.com",
      "LOS": [
        "backgrounddatasolutions.com"
      ],
      "Q": 1000001,
      "A": 100000001,
      "U": 1000001,
      "M": 1000001,
      "Country": null,
      "FD": 1389481200,
      "LD": 1635058800,
      "FI": 1389481200,
      "LI": 1635058800,
      "S": 5,
      "META": null
    },
    {
      "D": "bacou.com",
      "LOS": [
        "bacou.com"
      ],
      "Q": 1000001,
      "A": 100000001,
      "U": 1000001,
      "M": 1000001,
      "Country": null,
      "FD": 1566774000,
      "LD": 1632466800,
      "FI": 1566774000,
      "LI": 1634799600,
      "S": 5,
      "META": null
    }
  ]
}