{
  "Relationships": [
    {
      "Domain": "cms.gov",
      "Identifiers": [
        {
          "Type": "ip",
          "Value": "146.123.140.205",
          "First": 1345212000000,
          "Last": 1438351200000,
          "Matches": []
        },
        {
          "Type": "ip",
          "Value": "23.203.151.86",
          "First": 1438783200000,
          "Last": 1456923600000,
          "Matches": []
        },
        {
          "Type": "ip",
          "Value": "104.84.112.228",
          "First": 1439388000000,
          "Last": 1443621600000,
          "Matches": []
        },
        {
          "Type": "ip",
          "Value": "172.231.159.168",
          "First": 1439992800000,
          "Last": 1439992800000,
          "Matches": []
        },
        {
          "Type": "ip",
          "Value": "23.0.50.194",
          "First": 1441807200000,
          "Last": 1465394400000,
          "Matches": []
        },
        {
          "Type": "ip",
          "Value": "23.202.82.194",
          "First": 1442412000000,
          "Last": 1614585600000,
          "Matches": []
        },
        {
          "Type": "ip",
          "Value": "23.79.64.207",
          "First": 1444654800000,
          "Last": 1444654800000,
          "Matches": []
        },
        {
          "Type": "ip",
          "Value": "23.64.29.151",
          "First": 1445432400000,
          "Last": 1445432400000,
          "Matches": []
        },
        {
          "Type": "ip",
          "Value": "96.16.79.238",
          "First": 1446037200000,
          "Last": 1446037200000,
          "Matches": []
        },
        {
          "Type": "ip",
          "Value": "23.195.103.75",
          "First": 1446642000000,
          "Last": 1446642000000,
          "Matches": []
        },
        {
          "Type": "ip",
          "Value": "104.81.168.32",
          "First": 1447851600000,
          "Last": 1458133200000,
          "Matches": []
        },
        {
          "Type": "ip",
          "Value": "23.0.82.194",
          "First": 1448456400000,
          "Last": 1454504400000,
          "Matches": []
        },
        {
          "Type": "ip",
          "Value": "23.209.206.167",
          "First": 1452085200000,
          "Last": 1452430800000,
          "Matches": []
        },
        {
          "Type": "ip",
          "Value": "172.233.140.46",
          "First": 1458738000000,
          "Last": 1459342800000,
          "Matches": []
        },
        {
          "Type": "ip",
          "Value": "23.202.194.194",
          "First": 1459951200000,
          "Last": 1464184800000,
          "Matches": []
        },
        {
          "Type": "ip",
          "Value": "104.95.85.176",
          "First": 1461160800000,
          "Last": 1461765600000,
          "Matches": []
        },
        {
          "Type": "ip",
          "Value": "184.27.17.105",
          "First": 1437487200000,
          "Last": 1437487200000,
          "Matches": []
        },
        {
          "Type": "google-analytics",
          "Value": "15356370",
          "First": 1294059600000,
          "Last": 1583581838872,
          "Matches": [
            {
              "Domain": "innovation.cms.gov",
              "First": 1364302800000,
              "Last": 1507244400000,
              "Overlap": true
            },
            {
              "Domain": "drivethrulife.com",
              "First": 1458565200000,
              "Last": 1630383435214,
              "Overlap": true
            },
            {
              "Domain": "m.insurekidsnow.gov",
              "First": 1458565200000,
              "Last": 1458565200000,
              "Overlap": true
            },
            {
              "Domain": "medicare.gov",
              "First": 1294059600000,
              "Last": 1623124702351,
              "Overlap": true
            },
            {
              "Domain": "cmsvendorconference.com",
              "First": 1349359200000,
              "Last": 1349359200000,
              "Overlap": true
            },
            {
              "Domain": "cuidadodesalud.gov",
              "First": 1463019512967,
              "Last": 1586508795013,
              "Overlap": true
            },
            {
              "Domain": "medicaid.gov",
              "First": 1464167703361,
              "Last": 1623127859706,
              "Overlap": true
            },
            {
              "Domain": "healthcare.gov",
              "First": 1464149452267,
              "Last": 1623124694556,
              "Overlap": true
            },
            {
              "Domain": "insurekidsnow.gov",
              "First": 1468387015809,
              "Last": 1607841039227,
              "Overlap": true
            },
            {
              "Domain": "innovations.cms.gov",
              "First": 1469769017032,
              "Last": 1504165534644,
              "Overlap": true
            },
            {
              "Domain": "johnmeans.com",
              "First": 1473570013612,
              "Last": 1473570013612,
              "Overlap": true
            },
            {
              "Domain": "stopmedicarefraud.gov",
              "First": 1473790772594,
              "Last": 1488576513727,
              "Overlap": true
            },
            {
              "Domain": "vancrest.com",
              "First": 1481037848929,
              "Last": 1481037848929,
              "Overlap": true
            },
            {
              "Domain": "ehealthinsurance.xyz",
              "First": 1484605231761,
              "Last": 1512012964402,
              "Overlap": true
            },
            {
              "Domain": "cms.hhs.gov",
              "First": 1484760039445,
              "Last": 1488837393759,
              "Overlap": true
            },
            {
              "Domain": "nikolasyoungsmith.com",
              "First": 1485950826429,
              "Last": 1529253450771,
              "Overlap": true
            },
            {
              "Domain": "nikyoungsmith.com",
              "First": 1485950826429,
              "Last": 1529253450771,
              "Overlap": true
            },
            {
              "Domain": "localhelp.healthcare.gov",
              "First": 1488578303072,
              "Last": 1514205139214,
              "Overlap": true
            },
            {
              "Domain": "search.stopmedicarefraud.gov",
              "First": 1488576513727,
              "Last": 1488576513727,
              "Overlap": true
            },
            {
              "Domain": "questions.medicaid.gov",
              "First": 1494006576573,
              "Last": 1498660623520,
              "Overlap": true
            },
            {
              "Domain": "ayudalocal.cuidadodesalud.gov",
              "First": 1499416301731,
              "Last": 1514235210099,
              "Overlap": true
            },
            {
              "Domain": "roadto10.org",
              "First": 1504164789681,
              "Last": 1504164789681,
              "Overlap": true
            },
            {
              "Domain": "search.cms.gov",
              "First": 1509805834937,
              "Last": 1514135650159,
              "Overlap": true
            },
            {
              "Domain": "design.cms.gov",
              "First": 1511964489895,
              "Last": 1511964489895,
              "Overlap": true
            },
            {
              "Domain": "mymedicare.gov",
              "First": 1519858800000,
              "Last": 1588135490113,
              "Overlap": true
            },
            {
              "Domain": "go-freethisurl.us",
              "First": 1524493870450,
              "Last": 1524493870450,
              "Overlap": true
            },
            {
              "Domain": "healthredistribution.com",
              "First": 1529264493005,
              "Last": 1529264493005,
              "Overlap": true
            },
            {
              "Domain": "qtso.com",
              "First": 1552794796529,
              "Last": 1552794796529,
              "Overlap": true
            },
            {
              "Domain": "biobestofhealths.com",
              "First": 1608964745145,
              "Last": 1608964745145,
              "Overlap": false
            },
            {
              "Domain": "22489.cn",
              "First": 1614228763100,
              "Last": 1614228763100,
              "Overlap": false
            },
            {
              "Domain": "jqkjy.com",
              "First": 1618092292124,
              "Last": 1627832551703,
              "Overlap": false
            },
            {
              "Domain": "moyoinn.cn",
              "First": 1619357814127,
              "Last": 1619357814127,
              "Overlap": false
            },
            {
              "Domain": "nationalbenefits.us",
              "First": 1619540281090,
              "Last": 1629342473620,
              "Overlap": false
            }
          ]
        },
        {
          "Type": "ip",
          "Value": "23.32.162.194",
          "First": 1440338400000,
          "Last": 1440338400000,
          "Matches": []
        },
        {
          "Type": "google-tag-manager",
          "Value": "zsc7",
          "First": 1367157600000,
          "Last": 1435759200000,
          "Matches": [
            {
              "Domain": "errp.gov",
              "First": 1412085600000,
              "Last": 1415106000000,
              "Overlap": true
            },
            {
              "Domain": "pcip.gov",
              "First": 1422968400000,
              "Last": 1435759200000,
              "Overlap": true
            }
          ]
        },
        {
          "Type": "crazyegg",
          "Value": "111179",
          "First": 1464158467219,
          "Last": 1498472347264,
          "Matches": [
            {
              "Domain": "panoptics.co.uk",
              "First": 1325854800000,
              "Last": 1520290800000,
              "Overlap": true
            },
            {
              "Domain": "crossland.co.uk",
              "First": 1320584400000,
              "Last": 1381669200000,
              "Overlap": false
            },
            {
              "Domain": "match-night.co.uk",
              "First": 1458565200000,
              "Last": 1585327941759,
              "Overlap": true
            },
            {
              "Domain": "maltonbridgeclub.co.uk",
              "First": 1329742800000,
              "Last": 1507244400000,
              "Overlap": true
            },
            {
              "Domain": "premieredampproofing.co.uk",
              "First": 1329742800000,
              "Last": 1507244400000,
              "Overlap": true
            },
            {
              "Domain": "eat42.com",
              "First": 1329742800000,
              "Last": 1329742800000,
              "Overlap": false
            },
            {
              "Domain": "innovations.cms.gov",
              "First": 1469769017032,
              "Last": 1501011510932,
              "Overlap": true
            },
            {
              "Domain": "medicare.gov",
              "First": 1476421918854,
              "Last": 1498472347264,
              "Overlap": true
            },
            {
              "Domain": "cms.hhs.gov",
              "First": 1484760039445,
              "Last": 1488837393759,
              "Overlap": true
            }
          ]
        },
        {
          "Type": "ip",
          "Value": "184.28.35.170",
          "First": 1502751600000,
          "Last": 1502751600000,
          "Matches": []
        },
        {
          "Type": "ip",
          "Value": "104.96.251.129",
          "First": 1464789600000,
          "Last": 1477832400000,
          "Matches": []
        },
        {
          "Type": "ip",
          "Value": "104.93.179.44",
          "First": 1504566000000,
          "Last": 1508799600000,
          "Matches": []
        },
        {
          "Type": "ip",
          "Value": "23.203.139.31",
          "First": 1467813600000,
          "Last": 1469023200000,
          "Matches": []
        },
        {
          "Type": "ip",
          "Value": "104.80.255.135",
          "First": 1505775600000,
          "Last": 1505775600000,
          "Matches": []
        },
        {
          "Type": "ip",
          "Value": "23.56.200.48",
          "First": 1473429600000,
          "Last": 1473429600000,
          "Matches": []
        },
        {
          "Type": "ip",
          "Value": "184.29.177.86",
          "First": 1506985200000,
          "Last": 1507590000000,
          "Matches": []
        },
        {
          "Type": "ip",
          "Value": "iservprod.cms.gov.edgekey.net.",
          "First": 1507590000000,
          "Last": 1519945200000,
          "Matches": []
        },
        {
          "Type": "ip",
          "Value": "e650.dscx.akamaiedge.net.",
          "First": 1507590000000,
          "Last": 1519945200000,
          "Matches": []
        },
        {
          "Type": "ip",
          "Value": "23.193.176.110",
          "First": 1507590000000,
          "Last": 1507590000000,
          "Matches": []
        },
        {
          "Type": "ip",
          "Value": "104.112.36.145",
          "First": 1478696400000,
          "Last": 1478696400000,
          "Matches": []
        },
        {
          "Type": "ip",
          "Value": "104.87.235.225",
          "First": 1508281200000,
          "Last": 1508281200000,
          "Matches": []
        },
        {
          "Type": "ip",
          "Value": "23.13.146.194",
          "First": 1508281200000,
          "Last": 1614931200000,
          "Matches": []
        },
        {
          "Type": "ip",
          "Value": "104.96.237.253",
          "First": 1508799600000,
          "Last": 1508799600000,
          "Matches": []
        },
        {
          "Type": "ip",
          "Value": "23.79.1.188",
          "First": 1509490800000,
          "Last": 1519945200000,
          "Matches": []
        },
        {
          "Type": "ip",
          "Value": "23.0.52.10",
          "First": 1509490800000,
          "Last": 1509490800000,
          "Matches": []
        },
        {
          "Type": "ip",
          "Value": "104.64.11.153",
          "First": 1510009200000,
          "Last": 1510009200000,
          "Matches": []
        },
        {
          "Type": "ip",
          "Value": "23.217.154.145",
          "First": 1510009200000,
          "Last": 1510009200000,
          "Matches": []
        },
        {
          "Type": "ip",
          "Value": "23.222.144.149",
          "First": 1510614000000,
          "Last": 1535645024730,
          "Matches": []
        },
        {
          "Type": "ip",
          "Value": "104.126.157.5",
          "First": 1510614000000,
          "Last": 1510614000000,
          "Matches": []
        },
        {
          "Type": "ip",
          "Value": "23.7.37.107",
          "First": 1511218800000,
          "Last": 1559487065497,
          "Matches": []
        },
        {
          "Type": "ip",
          "Value": "104.107.34.52",
          "First": 1511823600000,
          "Last": 1533081685483,
          "Matches": []
        },
        {
          "Type": "ip",
          "Value": "23.0.50.100",
          "First": 1511823600000,
          "Last": 1511823600000,
          "Matches": []
        },
        {
          "Type": "ip",
          "Value": "23.38.211.20",
          "First": 1513033200000,
          "Last": 1599653441259,
          "Matches": []
        },
        {
          "Type": "ip",
          "Value": "88.221.171.81",
          "First": 1513033200000,
          "Last": 1513033200000,
          "Matches": []
        },
        {
          "Type": "ip",
          "Value": "95.100.54.142",
          "First": 1513638000000,
          "Last": 1513638000000,
          "Matches": []
        },
        {
          "Type": "ip",
          "Value": "23.211.153.194",
          "First": 1514242800000,
          "Last": 1514242800000,
          "Matches": []
        },
        {
          "Type": "ip",
          "Value": "2.23.182.121",
          "First": 1514847600000,
          "Last": 1514847600000,
          "Matches": []
        },
        {
          "Type": "ip",
          "Value": "2.19.130.194",
          "First": 1515193200000,
          "Last": 1519686000000,
          "Matches": []
        },
        {
          "Type": "ip",
          "Value": "23.15.98.236",
          "First": 1516057200000,
          "Last": 1516057200000,
          "Matches": []
        },
        {
          "Type": "ip",
          "Value": "184.50.107.202",
          "First": 1516057200000,
          "Last": 1516057200000,
          "Matches": []
        },
        {
          "Type": "ip",
          "Value": "23.36.213.192",
          "First": 1517266800000,
          "Last": 1517266800000,
          "Matches": []
        },
        {
          "Type": "ip",
          "Value": "104.109.138.167",
          "First": 1517871600000,
          "Last": 1517871600000,
          "Matches": []
        },
        {
          "Type": "ip",
          "Value": "23.200.219.30",
          "First": 1519081200000,
          "Last": 1519081200000,
          "Matches": []
        },
        {
          "Type": "ip",
          "Value": "104.88.103.124",
          "First": 1519945200000,
          "Last": 1519945200000,
          "Matches": []
        },
        {
          "Type": "newrelic",
          "Value": "642335d5b5",
          "First": 1529910493675,
          "Last": 1583581838872,
          "Matches": [
            {
              "Domain": "johnmeans.com",
              "First": 1464146907790,
              "Last": 1473570013612,
              "Overlap": false
            },
            {
              "Domain": "vancrest.com",
              "First": 1481037848929,
              "Last": 1485397892180,
              "Overlap": false
            },
            {
              "Domain": "mymedicare.gov",
              "First": 1493989546478,
              "Last": 1559486445018,
              "Overlap": true
            },
            {
              "Domain": "es.mymedicare.gov",
              "First": 1498634903495,
              "Last": 1514201027729,
              "Overlap": false
            },
            {
              "Domain": "medicare.gov",
              "First": 1525642255794,
              "Last": 1535761857723,
              "Overlap": true
            },
            {
              "Domain": "account.mymedicare.gov",
              "First": 1599649182666,
              "Last": 1618254690872,
              "Overlap": false
            },
            {
              "Domain": "finder.healthcare.gov",
              "First": 1623517158430,
              "Last": 1623517158430,
              "Overlap": false
            }
          ]
        },
        {
          "Type": "ip",
          "Value": "23.206.251.8",
          "First": 1532938373312,
          "Last": 1532991600000,
          "Matches": []
        },
        {
          "Type": "ip",
          "Value": "23.36.212.135",
          "First": 1532940379732,
          "Last": 1532940379732,
          "Matches": []
        },
        {
          "Type": "ip",
          "Value": "23.195.133.94",
          "First": 1532940379732,
          "Last": 1535756391220,
          "Matches": []
        },
        {
          "Type": "ip",
          "Value": "104.74.1.4",
          "First": 1533081685483,
          "Last": 1533081685483,
          "Matches": []
        },
        {
          "Type": "ip",
          "Value": "104.109.189.244",
          "First": 1533232980621,
          "Last": 1533232980621,
          "Matches": []
        },
        {
          "Type": "ip",
          "Value": "23.214.226.90",
          "First": 1533232980621,
          "Last": 1533232980621,
          "Matches": []
        },
        {
          "Type": "ip",
          "Value": "23.52.62.20",
          "First": 1533596400000,
          "Last": 1563645752346,
          "Matches": []
        },
        {
          "Type": "ip",
          "Value": "23.218.130.67",
          "First": 1533682800000,
          "Last": 1615017600000,
          "Matches": []
        },
        {
          "Type": "ip",
          "Value": "104.108.57.245",
          "First": 1535756391220,
          "Last": 1535756391220,
          "Matches": []
        },
        {
          "Type": "ip",
          "Value": "184.25.219.171",
          "First": 1535756391220,
          "Last": 1535756391220,
          "Matches": []
        },
        {
          "Type": "ip",
          "Value": "38.127.201.110",
          "First": 1538119163883,
          "Last": 1538119163883,
          "Matches": []
        },
        {
          "Type": "ip",
          "Value": "104.119.12.142",
          "First": 1539483423471,
          "Last": 1539483423471,
          "Matches": []
        },
        {
          "Type": "ip",
          "Value": "23.56.114.194",
          "First": 1539483423471,
          "Last": 1539483423471,
          "Matches": []
        },
        {
          "Type": "ip",
          "Value": "23.67.159.212",
          "First": 1539483423471,
          "Last": 1539483423471,
          "Matches": []
        },
        {
          "Type": "ip",
          "Value": "23.217.160.80",
          "First": 1545923670228,
          "Last": 1559487065497,
          "Matches": []
        },
        {
          "Type": "ip",
          "Value": "172.224.190.12",
          "First": 1545923670228,
          "Last": 1545923670228,
          "Matches": []
        },
        {
          "Type": "ip",
          "Value": "23.34.53.198",
          "First": 1554973331610,
          "Last": 1554973331610,
          "Matches": []
        },
        {
          "Type": "ip",
          "Value": "104.117.59.130",
          "First": 1554973331610,
          "Last": 1554973331610,
          "Matches": []
        },
        {
          "Type": "ip",
          "Value": "104.100.236.56",
          "First": 1554973331610,
          "Last": 1554973331610,
          "Matches": []
        },
        {
          "Type": "ip",
          "Value": "2.19.64.172",
          "First": 1563645752346,
          "Last": 1563645752346,
          "Matches": []
        },
        {
          "Type": "ip",
          "Value": "23.9.10.52",
          "First": 1563645752346,
          "Last": 1563645752346,
          "Matches": []
        },
        {
          "Type": "ip",
          "Value": "216.250.121.16",
          "First": 1570651827846,
          "Last": 1584785719451,
          "Matches": []
        },
        {
          "Type": "ip",
          "Value": "23.6.29.137",
          "First": 1574053019813,
          "Last": 1574053019813,
          "Matches": []
        },
        {
          "Type": "ip",
          "Value": "173.223.59.215",
          "First": 1574053019813,
          "Last": 1574053019813,
          "Matches": []
        },
        {
          "Type": "ip",
          "Value": "23.218.41.215",
          "First": 1574053019813,
          "Last": 1574053019813,
          "Matches": []
        },
        {
          "Type": "ip",
          "Value": "92.122.232.236",
          "First": 1579679783171,
          "Last": 1579679783171,
          "Matches": []
        },
        {
          "Type": "ip",
          "Value": "23.47.26.194",
          "First": 1579679783171,
          "Last": 1579679783171,
          "Matches": []
        },
        {
          "Type": "ip",
          "Value": "23.44.216.61",
          "First": 1579679783171,
          "Last": 1579679783171,
          "Matches": []
        },
        {
          "Type": "ip",
          "Value": "23.1.47.127",
          "First": 1579679783171,
          "Last": 1615190400000,
          "Matches": []
        },
        {
          "Type": "newrelic",
          "Value": "04d273ebc4",
          "First": 1579679783171,
          "Last": 1607790937221,
          "Matches": [
            {
              "Domain": "medicare.gov",
              "First": 1539478770260,
              "Last": 1623517050356,
              "Overlap": true
            },
            {
              "Domain": "medicaid.gov",
              "First": 1586511868758,
              "Last": 1623127859706,
              "Overlap": true
            },
            {
              "Domain": "marketplace.cms.gov",
              "First": 1599653441259,
              "Last": 1628092075238,
              "Overlap": true
            },
            {
              "Domain": "insurekidsnow.gov",
              "First": 1601172289491,
              "Last": 1635105643697,
              "Overlap": true
            },
            {
              "Domain": "othithynvn.ml",
              "First": 1622272340267,
              "Last": 1622272340267,
              "Overlap": false
            },
            {
              "Domain": "wychechybyx.ml",
              "First": 1623362586454,
              "Last": 1623362586454,
              "Overlap": false
            },
            {
              "Domain": "espanol.insurekidsnow.gov",
              "First": 1623482352411,
              "Last": 1635105643697,
              "Overlap": false
            },
            {
              "Domain": "m.insurekidsnow.gov",
              "First": 1623482352411,
              "Last": 1635105643697,
              "Overlap": false
            },
            {
              "Domain": "innovation.cms.gov",
              "First": 1628092075238,
              "Last": 1628092075238,
              "Overlap": false
            }
          ]
        },
        {
          "Type": "ip",
          "Value": "104.83.18.141",
          "First": 1583581838872,
          "Last": 1583581838872,
          "Matches": []
        },
        {
          "Type": "ip",
          "Value": "23.218.144.98",
          "First": 1583581838872,
          "Last": 1583581838872,
          "Matches": []
        },
        {
          "Type": "ip",
          "Value": "50.63.202.60",
          "First": 1587038891204,
          "Last": 1587038891204,
          "Matches": []
        },
        {
          "Type": "ip",
          "Value": "23.217.225.191",
          "First": 1588287638605,
          "Last": 1588287638605,
          "Matches": []
        },
        {
          "Type": "ip",
          "Value": "104.127.40.70",
          "First": 1589153530371,
          "Last": 1591939502951,
          "Matches": []
        },
        {
          "Type": "ip",
          "Value": "38.127.201.157",
          "First": 1589153530371,
          "Last": 1589153530371,
          "Matches": []
        },
        {
          "Type": "ip",
          "Value": "23.4.115.50",
          "First": 1595061211457,
          "Last": 1595061211457,
          "Matches": []
        },
        {
          "Type": "ip",
          "Value": "23.195.235.124",
          "First": 1601112828756,
          "Last": 1601112828756,
          "Matches": []
        },
        {
          "Type": "ip",
          "Value": "104.75.76.52",
          "First": 1605081284073,
          "Last": 1605081284073,
          "Matches": []
        },
        {
          "Type": "ip",
          "Value": "104.82.192.55",
          "First": 1608420727041,
          "Last": 1608420727041,
          "Matches": []
        },
        {
          "Type": "ip",
          "Value": "23.44.201.23",
          "First": 1612896276519,
          "Last": 1612896276519,
          "Matches": []
        },
        {
          "Type": "ip",
          "Value": "104.100.27.69",
          "First": 1614153600000,
          "Last": 1615017600000,
          "Matches": []
        },
        {
          "Type": "ip",
          "Value": "23.33.41.187",
          "First": 1614240000000,
          "Last": 1615104000000,
          "Matches": []
        },
        {
          "Type": "ip",
          "Value": "23.218.73.15",
          "First": 1610697600000,
          "Last": 1615017600000,
          "Matches": []
        },
        {
          "Type": "ip",
          "Value": "104.104.86.5",
          "First": 1610784000000,
          "Last": 1614931200000,
          "Matches": []
        },
        {
          "Type": "ip",
          "Value": "184.87.49.89",
          "First": 1618247930162,
          "Last": 1618247930162,
          "Matches": []
        },
        {
          "Type": "ip",
          "Value": "104.77.247.248",
          "First": 1611302400000,
          "Last": 1611302400000,
          "Matches": []
        },
        {
          "Type": "ip",
          "Value": "23.61.126.59",
          "First": 1611734400000,
          "Last": 1611734400000,
          "Matches": []
        },
        {
          "Type": "ip",
          "Value": "23.48.45.67",
          "First": 1606377600000,
          "Last": 1615017600000,
          "Matches": []
        },
        {
          "Type": "ip",
          "Value": "184.28.149.102",
          "First": 1614240000000,
          "Last": 1614931200000,
          "Matches": []
        },
        {
          "Type": "ip",
          "Value": "184.30.142.56",
          "First": 1614240000000,
          "Last": 1614326400000,
          "Matches": []
        },
        {
          "Type": "ip",
          "Value": "104.107.29.235",
          "First": 1614412800000,
          "Last": 1614412800000,
          "Matches": []
        },
        {
          "Type": "ip",
          "Value": "104.117.63.118",
          "First": 1614240000000,
          "Last": 1614240000000,
          "Matches": []
        },
        {
          "Type": "ip",
          "Value": "104.91.126.159",
          "First": 1614326400000,
          "Last": 1614326400000,
          "Matches": []
        },
        {
          "Type": "ip",
          "Value": "23.36.197.201",
          "First": 1614326400000,
          "Last": 1614326400000,
          "Matches": []
        },
        {
          "Type": "ip",
          "Value": "104.121.102.148",
          "First": 1614585600000,
          "Last": 1615017600000,
          "Matches": []
        },
        {
          "Type": "ip",
          "Value": "23.4.183.150",
          "First": 1614931200000,
          "Last": 1614931200000,
          "Matches": []
        },
        {
          "Type": "ip",
          "Value": "104.83.125.44",
          "First": 1623567445157,
          "Last": 1623567445157,
          "Matches": []
        },
        {
          "Type": "ip",
          "Value": "96.6.31.216",
          "First": 1628092075238,
          "Last": 1628092075238,
          "Matches": []
        }
      ]
    }
  ],
  "Errors": []
}