{
  "NextOffset": "END",
  "Results": [
    {
      "D": "onlineconversion.com",
      "LOS": [
        "onlineconversion.com"
      ],
      "Q": 14849,
      "A": 29044,
      "U": 239429,
      "M": 13297,
      "Country": null,
      "FD": 1346972400,
      "LD": 1635058800,
      "FI": 1294059600,
      "LI": 1635058800,
      "S": 0,
      "META": null
    },
    {
      "D": "ordercraze.com",
      "LOS": [
        "ordercraze.com"
      ],
      "Q": 18875,
      "A": 19539506,
      "U": 1000001,
      "M": 1000001,
      "Country": null,
      "FD": 1371682800,
      "LD": 1635058800,
      "FI": 1371250800,
      "LI": 1635058800,
      "S": 0,
      "META": null
    },
    {
      "D": "cheapvaping.deals",
      "LOS": [
        "cheapvaping.deals"
      ],
      "Q": 21324,
      "A": 13318779,
      "U": 1000001,
      "M": 1000001,
      "Country": null,
      "FD": 1440370800,
      "LD": 1628146800,
      "FI": 1439247600,
      "LI": 1635058800,
      "S": 181,
      "META": null
    },
    {
      "D": "crystalinks.com",
      "LOS": [
        "crystalinks.com"
      ],
      "Q": 22520,
      "A": 13164,
      "U": 1000001,
      "M": 10210,
      "Country": null,
      "FD": 1346972400,
      "LD": 1635058800,
      "FI": 1294059600,
      "LI": 1635058800,
      "S": 0,
      "META": null
    },
    {
      "D": "nicksbuilding.com",
      "LOS": [
        "nicksbuilding.com"
      ],
      "Q": 22923,
      "A": 1019760,
      "U": 1000001,
      "M": 730565,
      "Country": null,
      "FD": 1348182000,
      "LD": 1635058800,
      "FI": 1294059600,
      "LI": 1635058800,
      "S": 186,
      "META": null
    },
    {
      "D": "banks.org",
      "LOS": [
        "banks.org"
      ],
      "Q": 26094,
      "A": 3191377,
      "U": 1000001,
      "M": 1000001,
      "Country": null,
      "FD": 1508281200,
      "LD": 1635058800,
      "FI": 1422399600,
      "LI": 1635058800,
      "S": 917,
      "META": null
    },
    {
      "D": "bluevirginia.us",
      "LOS": [
        "bluevirginia.us"
      ],
      "Q": 26224,
      "A": 350521,
      "U": 1000001,
      "M": 112253,
      "Country": null,
      "FD": 1518735600,
      "LD": 1635058800,
      "FI": 1247090400,
      "LI": 1635058800,
      "S": 393,
      "META": null
    },
    {
      "D": "thelube.com",
      "LOS": [
        "thelube.com"
      ],
      "Q": 35079,
      "A": 993377,
      "U": 1000001,
      "M": 199179,
      "Country": null,
      "FD": 1518735600,
      "LD": 1635058800,
      "FI": 1294059600,
      "LI": 1635058800,
      "S": 103,
      "META": null
    },
    {
      "D": "bachmanntrains.com",
      "LOS": [
        "bachmanntrains.com"
      ],
      "Q": 36675,
      "A": 44265,
      "U": 1000001,
      "M": 266534,
      "Country": null,
      "FD": 1346972400,
      "LD": 1635058800,
      "FI": 1294059600,
      "LI": 1635058800,
      "S": 1327,
      "META": null
    },
    {
      "D": "4feldco.com",
      "LOS": [
        "4feldco.com"
      ],
      "Q": 38337,
      "A": 510716,
      "U": 1000001,
      "M": 354056,
      "Country": null,
      "FD": 1518735600,
      "LD": 1635058800,
      "FI": 1294059600,
      "LI": 1635058800,
      "S": 400,
      "META": null
    },
    {
      "D": "krogeraddict.com",
      "LOS": [
        "krogeraddict.com"
      ],
      "Q": 46500,
      "A": 18699736,
      "U": 1000001,
      "M": 1000001,
      "Country": null,
      "FD": 1458601200,
      "LD": 1630998000,
      "FI": 1432123182,
      "LI": 1633158000,
      "S": 31,
      "META": null
    },
    {
      "D": "kunstler.com",
      "LOS": [
        "kunstler.com"
      ],
      "Q": 48903,
      "A": 27333,
      "U": 1000001,
      "M": 55880,
      "Country": null,
      "FD": 1496530800,
      "LD": 1635058800,
      "FI": 1294059600,
      "LI": 1635058800,
      "S": 0,
      "META": null
    },
    {
      "D": "barnpros.com",
      "LOS": [
        "barnpros.com"
      ],
      "Q": 50737,
      "A": 7027589,
      "U": 1000001,
      "M": 1000001,
      "Country": null,
      "FD": 1346972400,
      "LD": 1635058800,
      "FI": 1294059600,
      "LI": 1635058800,
      "S": 218,
      "META": null
    },
    {
      "D": "noiseaddicts.com",
      "LOS": [
        "noiseaddicts.com"
      ],
      "Q": 52103,
      "A": 380423,
      "U": 1000001,
      "M": 217591,
      "Country": null,
      "FD": 1346972400,
      "LD": 1635058800,
      "FI": 1294059600,
      "LI": 1635058800,
      "S": 0,
      "META": null
    },
    {
      "D": "treknews.net",
      "LOS": [
        "treknews.net"
      ],
      "Q": 58460,
      "A": 466655,
      "U": 1000001,
      "M": 199521,
      "Country": null,
      "FD": 1346972400,
      "LD": 1635058800,
      "FI": 1330779600,
      "LI": 1635058800,
      "S": 31,
      "META": null
    },
    {
      "D": "overstockbait.com",
      "LOS": [
        "overstockbait.com"
      ],
      "Q": 62653,
      "A": 7117925,
      "U": 1000001,
      "M": 986924,
      "Country": null,
      "FD": 1505775600,
      "LD": 1635058800,
      "FI": 1294059600,
      "LI": 1635058800,
      "S": 2419,
      "META": null
    },
    {
      "D": "businessclassguru.com",
      "LOS": [
        "businessclassguru.com"
      ],
      "Q": 64712,
      "A": 20713855,
      "U": 1000001,
      "M": 1000001,
      "Country": null,
      "FD": 1422658800,
      "LD": 1628060400,
      "FI": 1422316800,
      "LI": 1635058800,
      "S": 347,
      "META": null
    },
    {
      "D": "thenextgalaxy.com",
      "LOS": [
        "thenextgalaxy.com"
      ],
      "Q": 64974,
      "A": 1473624,
      "U": 1000001,
      "M": 458515,
      "Country": null,
      "FD": 1401494400,
      "LD": 1635058800,
      "FI": 1336744800,
      "LI": 1635058800,
      "S": 0,
      "META": null
    },
    {
      "D": "oracle-base.com",
      "LOS": [
        "oracle-base.com"
      ],
      "Q": 65210,
      "A": 22149,
      "U": 243861,
      "M": 86451,
      "Country": null,
      "FD": 1346972400,
      "LD": 1635058800,
      "FI": 1294059600,
      "LI": 1635058800,
      "S": 0,
      "META": null
    },
    {
      "D": "cameralandny.com",
      "LOS": [
        "cameralandny.com"
      ],
      "Q": 66857,
      "A": 6602269,
      "U": 1000001,
      "M": 1000001,
      "Country": null,
      "FD": 1458601200,
      "LD": 1635058800,
      "FI": 1294059600,
      "LI": 1635058800,
      "S": 101,
      "META": null
    },
    {
      "D": "craigslistjoe.com",
      "LOS": [
        "craigslistjoe.com"
      ],
      "Q": 71219,
      "A": 1694388,
      "U": 1000001,
      "M": 1000001,
      "Country": null,
      "FD": 1346972400,
      "LD": 1635058800,
      "FI": 1343570400,
      "LI": 1635058800,
      "S": 0,
      "META": null
    },
    {
      "D": "brokenarrowranch.com",
      "LOS": [
        "brokenarrowranch.com"
      ],
      "Q": 71953,
      "A": 1669258,
      "U": 1000001,
      "M": 734142,
      "Country": null,
      "FD": 1346972400,
      "LD": 1635058800,
      "FI": 1294059600,
      "LI": 1635058800,
      "S": 241,
      "META": null
    },
    {
      "D": "online-host.solutions",
      "LOS": [
        "online-host.solutions"
      ],
      "Q": 72936,
      "A": 13296935,
      "U": 1000001,
      "M": 1000001,
      "Country": null,
      "FD": 1422658800,
      "LD": 1635058800,
      "FI": 1418684400,
      "LI": 1635058800,
      "S": 12969,
      "META": null
    },
    {
      "D": "bentrideronline.com",
      "LOS": [
        "bentrideronline.com"
      ],
      "Q": 78359,
      "A": 63528,
      "U": 1000001,
      "M": 321790,
      "Country": null,
      "FD": 1346972400,
      "LD": 1635058800,
      "FI": 980204400,
      "LI": 1635058800,
      "S": 0,
      "META": null
    },
    {
      "D": "biblebelievers.com",
      "LOS": [
        "biblebelievers.com"
      ],
      "Q": 79273,
      "A": 48391,
      "U": 1000001,
      "M": 160658,
      "Country": null,
      "FD": 1346972400,
      "LD": 1635058800,
      "FI": 1294059600,
      "LI": 1635058800,
      "S": 27,
      "META": null
    },
    {
      "D": "belameresuites.com",
      "LOS": [
        "belameresuites.com"
      ],
      "Q": 79747,
      "A": 11325998,
      "U": 1000001,
      "M": 1000001,
      "Country": null,
      "FD": 1346972400,
      "LD": 1635058800,
      "FI": 1301839200,
      "LI": 1635058800,
      "S": 0,
      "META": null
    },
    {
      "D": "blountmemorial.org",
      "LOS": [
        "blountmemorial.org"
      ],
      "Q": 82473,
      "A": 10653439,
      "U": 1000001,
      "M": 543261,
      "Country": null,
      "FD": 1425510000,
      "LD": 1635058800,
      "FI": 1294059600,
      "LI": 1635058800,
      "S": 522,
      "META": null
    },
    {
      "D": "thumbnet.net",
      "LOS": [
        "thumbnet.net"
      ],
      "Q": 85567,
      "A": 1311202,
      "U": 1000001,
      "M": 1000001,
      "Country": null,
      "FD": 1370905200,
      "LD": 1635058800,
      "FI": 1301839200,
      "LI": 1635058800,
      "S": 0,
      "META": null
    },
    {
      "D": "nysora.com",
      "LOS": [
        "nysora.com"
      ],
      "Q": 86042,
      "A": 362785,
      "U": 1000001,
      "M": 355756,
      "Country": null,
      "FD": 1346972400,
      "LD": 1635058800,
      "FI": 1301839200,
      "LI": 1635058800,
      "S": 324,
      "META": null
    },
    {
      "D": "burnie.com",
      "LOS": [
        "burnie.com"
      ],
      "Q": 86448,
      "A": 2992332,
      "U": 1000001,
      "M": 1000001,
      "Country": null,
      "FD": 1346972400,
      "LD": 1635058800,
      "FI": 1323003600,
      "LI": 1635058800,
      "S": 37,
      "META": null
    },
    {
      "D": "navajocodetalkers.org",
      "LOS": [
        "navajocodetalkers.org"
      ],
      "Q": 88437,
      "A": 419097,
      "U": 1000001,
      "M": 517443,
      "Country": null,
      "FD": 1397862000,
      "LD": 1635058800,
      "FI": 1079737200,
      "LI": 1635058800,
      "S": 22,
      "META": null
    },
    {
      "D": "thombrowne.com",
      "LOS": [
        "thombrowne.com"
      ],
      "Q": 90785,
      "A": 474296,
      "U": 1000001,
      "M": 97087,
      "Country": null,
      "FD": 1346972400,
      "LD": 1635058800,
      "FI": 1191621600,
      "LI": 1635058800,
      "S": 1638,
      "META": null
    },
    {
      "D": "cameramanuals.org",
      "LOS": [
        "cameramanuals.org"
      ],
      "Q": 92995,
      "A": 491345,
      "U": 1000001,
      "M": 473170,
      "Country": null,
      "FD": 1518735600,
      "LD": 1635058800,
      "FI": 1294059600,
      "LI": 1635058800,
      "S": 0,
      "META": null
    },
    {
      "D": "cctvforum.com",
      "LOS": [
        "cctvforum.com"
      ],
      "Q": 93005,
      "A": 1533120,
      "U": 1000001,
      "M": 532024,
      "Country": null,
      "FD": 1346972400,
      "LD": 1635058800,
      "FI": 1294059600,
      "LI": 1635058800,
      "S": 0,
      "META": null
    },
    {
      "D": "13fishing.com",
      "LOS": [
        "13fishing.com"
      ],
      "Q": 98642,
      "A": 1569786,
      "U": 1000001,
      "M": 840395,
      "Country": null,
      "FD": 1379286000,
      "LD": 1635058800,
      "FI": 1379286000,
      "LI": 1635058800,
      "S": 2855,
      "META": null
    },
    {
      "D": "theshadowlands.net",
      "LOS": [
        "theshadowlands.net"
      ],
      "Q": 99135,
      "A": 38892,
      "U": 1000001,
      "M": 134296,
      "Country": null,
      "FD": 1346972400,
      "LD": 1635058800,
      "FI": 1294059600,
      "LI": 1635058800,
      "S": 0,
      "META": null
    },
    {
      "D": "bedroomkandi.com",
      "LOS": [
        "bedroomkandi.com"
      ],
      "Q": 100107,
      "A": 10829264,
      "U": 1000001,
      "M": 736668,
      "Country": null,
      "FD": 1360278000,
      "LD": 1635058800,
      "FI": 1320584400,
      "LI": 1635145200,
      "S": 8750,
      "META": null
    },
    {
      "D": "nedroid.com",
      "LOS": [
        "nedroid.com"
      ],
      "Q": 101294,
      "A": 926473,
      "U": 1000001,
      "M": 192002,
      "Country": null,
      "FD": 1501801200,
      "LD": 1635058800,
      "FI": 1294059600,
      "LI": 1635058800,
      "S": 87,
      "META": null
    },
    {
      "D": "ndca.org",
      "LOS": [
        "ndca.org"
      ],
      "Q": 103689,
      "A": 739163,
      "U": 1000001,
      "M": 974867,
      "Country": null,
      "FD": 1532818800,
      "LD": 1635058800,
      "FI": 1294059600,
      "LI": 1635058800,
      "S": 0,
      "META": null
    },
    {
      "D": "blowfishshoes.com",
      "LOS": [
        "blowfishshoes.com"
      ],
      "Q": 104277,
      "A": 2052204,
      "U": 1000001,
      "M": 657426,
      "Country": null,
      "FD": 1505775600,
      "LD": 1635058800,
      "FI": 1345730400,
      "LI": 1635058800,
      "S": 864,
      "META": null
    },
    {
      "D": "nothai.com",
      "LOS": [
        "nothai.com"
      ],
      "Q": 107443,
      "A": 3499593,
      "U": 1000001,
      "M": 1000001,
      "Country": null,
      "FD": 1418079600,
      "LD": 1629183600,
      "FI": 1330779600,
      "LI": 1633158000,
      "S": 31,
      "META": null
    },
    {
      "D": "keywestharborwebcam.com",
      "LOS": [
        "keywestharborwebcam.com"
      ],
      "Q": 108029,
      "A": 6862859,
      "U": 1000001,
      "M": 1000001,
      "Country": null,
      "FD": 1362697200,
      "LD": 1630047600,
      "FI": 1362056400,
      "LI": 1633244400,
      "S": 0,
      "META": null
    },
    {
      "D": "knausberryfarm.com",
      "LOS": [
        "knausberryfarm.com"
      ],
      "Q": 108033,
      "A": 1620678,
      "U": 1000001,
      "M": 1000001,
      "Country": null,
      "FD": 1356044400,
      "LD": 1630998000,
      "FI": 1315749600,
      "LI": 1632466800,
      "S": 0,
      "META": null
    },
    {
      "D": "thelostsea.com",
      "LOS": [
        "thelostsea.com"
      ],
      "Q": 112192,
      "A": 1508337,
      "U": 1000001,
      "M": 563333,
      "Country": null,
      "FD": 1346972400,
      "LD": 1635058800,
      "FI": 1294059600,
      "LI": 1635058800,
      "S": 31,
      "META": null
    },
    {
      "D": "thinkoutsidetheslide.com",
      "LOS": [
        "thinkoutsidetheslide.com"
      ],
      "Q": 112202,
      "A": 442960,
      "U": 1000001,
      "M": 307360,
      "Country": null,
      "FD": 1515625200,
      "LD": 1635058800,
      "FI": 1317560400,
      "LI": 1635231600,
      "S": 1285,
      "META": null
    },
    {
      "D": "thehardwarecity.com",
      "LOS": [
        "thehardwarecity.com"
      ],
      "Q": 112530,
      "A": 1818785,
      "U": 1000001,
      "M": 882437,
      "Country": null,
      "FD": 1367708400,
      "LD": 1630998000,
      "FI": 1294059600,
      "LI": 1632466800,
      "S": 0,
      "META": null
    },
    {
      "D": "narpm.org",
      "LOS": [
        "narpm.org"
      ],
      "Q": 115040,
      "A": 72476,
      "U": 1000001,
      "M": 149058,
      "Country": null,
      "FD": 1346972400,
      "LD": 1635058800,
      "FI": 1294059600,
      "LI": 1635058800,
      "S": 2306,
      "META": null
    },
    {
      "D": "thepeachmusicfestival.com",
      "LOS": [
        "thepeachmusicfestival.com"
      ],
      "Q": 115245,
      "A": 3178160,
      "U": 1000001,
      "M": 853944,
      "Country": null,
      "FD": 1346972400,
      "LD": 1635058800,
      "FI": 1333634400,
      "LI": 1635058800,
      "S": 444,
      "META": null
    },
    {
      "D": "calculatoredge.com",
      "LOS": [
        "calculatoredge.com"
      ],
      "Q": 115553,
      "A": 103602,
      "U": 1000001,
      "M": 273009,
      "Country": null,
      "FD": 1346972400,
      "LD": 1635058800,
      "FI": 1294059600,
      "LI": 1635058800,
      "S": 0,
      "META": null
    },
    {
      "D": "thamesandkosmos.com",
      "LOS": [
        "thamesandkosmos.com"
      ],
      "Q": 118597,
      "A": 456255,
      "U": 1000001,
      "M": 215514,
      "Country": null,
      "FD": 1440025200,
      "LD": 1632553200,
      "FI": 1294059600,
      "LI": 1635058800,
      "S": 579,
      "META": null
    },
    {
      "D": "callsmstracker.com",
      "LOS": [
        "callsmstracker.com"
      ],
      "Q": 118908,
      "A": 11759329,
      "U": 1000001,
      "M": 1000001,
      "Country": null,
      "FD": 1458601200,
      "LD": 1635058800,
      "FI": 1403287643,
      "LI": 1635058800,
      "S": 0,
      "META": null
    },
    {
      "D": "khsbicycles.com",
      "LOS": [
        "khsbicycles.com"
      ],
      "Q": 125483,
      "A": 472531,
      "U": 1000001,
      "M": 240030,
      "Country": null,
      "FD": 1346972400,
      "LD": 1635058800,
      "FI": 1294059600,
      "LI": 1635058800,
      "S": 598,
      "META": null
    },
    {
      "D": "canadiancrc.com",
      "LOS": [
        "canadiancrc.com"
      ],
      "Q": 127727,
      "A": 342793,
      "U": 1000001,
      "M": 328428,
      "Country": null,
      "FD": 1536620400,
      "LD": 1635058800,
      "FI": 1294059600,
      "LI": 1635058800,
      "S": 0,
      "META": null
    },
    {
      "D": "braveskimom.com",
      "LOS": [
        "braveskimom.com"
      ],
      "Q": 128742,
      "A": 1600395,
      "U": 1000001,
      "M": 1000001,
      "Country": null,
      "FD": 1393455600,
      "LD": 1635058800,
      "FI": 1320584400,
      "LI": 1635058800,
      "S": 26,
      "META": null
    },
    {
      "D": "buyavette.net",
      "LOS": [
        "buyavette.net"
      ],
      "Q": 128858,
      "A": 6641249,
      "U": 1000001,
      "M": 1000001,
      "Country": null,
      "FD": 1346972400,
      "LD": 1635058800,
      "FI": 1294059600,
      "LI": 1635058800,
      "S": 282,
      "META": null
    },
    {
      "D": "terraforums.com",
      "LOS": [
        "terraforums.com"
      ],
      "Q": 130291,
      "A": 857481,
      "U": 169164,
      "M": 1000001,
      "Country": null,
      "FD": 1354834800,
      "LD": 1635058800,
      "FI": 1301839200,
      "LI": 1635058800,
      "S": 0,
      "META": null
    },
    {
      "D": "kindersmeats.com",
      "LOS": [
        "kindersmeats.com"
      ],
      "Q": 134433,
      "A": 10644395,
      "U": 1000001,
      "M": 1000001,
      "Country": null,
      "FD": 1367708400,
      "LD": 1635058800,
      "FI": 1367157600,
      "LI": 1635058800,
      "S": 0,
      "META": null
    },
    {
      "D": "cannonsauctions.com",
      "LOS": [
        "cannonsauctions.com"
      ],
      "Q": 139368,
      "A": 5758422,
      "U": 1000001,
      "M": 1000001,
      "Country": null,
      "FD": 1346972400,
      "LD": 1635058800,
      "FI": 1301839200,
      "LI": 1635058800,
      "S": 86,
      "META": null
    },
    {
      "D": "tdwcloseouts.com",
      "LOS": [
        "tdwcloseouts.com"
      ],
      "Q": 140224,
      "A": 6795954,
      "U": 1000001,
      "M": 1000001,
      "Country": null,
      "FD": 1406761200,
      "LD": 1635058800,
      "FI": 1294059600,
      "LI": 1635058800,
      "S": 0,
      "META": null
    },
    {
      "D": "tripletsandus.com",
      "LOS": [
        "tripletsandus.com"
      ],
      "Q": 142313,
      "A": 39656,
      "U": 1000001,
      "M": 247358,
      "Country": null,
      "FD": 1346972400,
      "LD": 1635058800,
      "FI": 1294059600,
      "LI": 1635058800,
      "S": 0,
      "META": null
    },
    {
      "D": "klaassenfuneralhome.com",
      "LOS": [
        "klaassenfuneralhome.com"
      ],
      "Q": 144166,
      "A": 2927488,
      "U": 1000001,
      "M": 1000001,
      "Country": null,
      "FD": 1475535600,
      "LD": 1629183600,
      "FI": 1294059600,
      "LI": 1635058800,
      "S": 575,
      "META": null
    },
    {
      "D": "nicerink.com",
      "LOS": [
        "nicerink.com"
      ],
      "Q": 145072,
      "A": 3461319,
      "U": 1000001,
      "M": 1000001,
      "Country": null,
      "FD": 1347577200,
      "LD": 1635058800,
      "FI": 1294059600,
      "LI": 1635058800,
      "S": 239,
      "META": null
    },
    {
      "D": "omnitalk.com",
      "LOS": [
        "omnitalk.com"
      ],
      "Q": 145097,
      "A": 1243450,
      "U": 1000001,
      "M": 1000001,
      "Country": null,
      "FD": 1458169200,
      "LD": 1635058800,
      "FI": 1294059600,
      "LI": 1635058800,
      "S": 0,
      "META": null
    },
    {
      "D": "nyharborwebcam.com",
      "LOS": [
        "nyharborwebcam.com"
      ],
      "Q": 146812,
      "A": 629216,
      "U": 1000001,
      "M": 1000001,
      "Country": null,
      "FD": 1346972400,
      "LD": 1635058800,
      "FI": 1320584400,
      "LI": 1635058800,
      "S": 0,
      "META": null
    },
    {
      "D": "okenergytoday.com",
      "LOS": [
        "okenergytoday.com"
      ],
      "Q": 147757,
      "A": 1516216,
      "U": 1000001,
      "M": 670914,
      "Country": null,
      "FD": 1514242800,
      "LD": 1635058800,
      "FI": 1376002800,
      "LI": 1635058800,
      "S": 212,
      "META": null
    },
    {
      "D": "clubmayan.com",
      "LOS": [
        "clubmayan.com"
      ],
      "Q": 149574,
      "A": 1425471,
      "U": 1000001,
      "M": 795370,
      "Country": null,
      "FD": 1346972400,
      "LD": 1635058800,
      "FI": 1294059600,
      "LI": 1635058800,
      "S": 0,
      "META": null
    },
    {
      "D": "kootenaihumanesociety.com",
      "LOS": [
        "kootenaihumanesociety.com"
      ],
      "Q": 150323,
      "A": 2193993,
      "U": 1000001,
      "M": 1000001,
      "Country": null,
      "FD": 1393196400,
      "LD": 1635058800,
      "FI": 1294059600,
      "LI": 1635058800,
      "S": 0,
      "META": null
    },
    {
      "D": "thegrowlers.com",
      "LOS": [
        "thegrowlers.com"
      ],
      "Q": 150901,
      "A": 589147,
      "U": 1000001,
      "M": 489578,
      "Country": null,
      "FD": 1421712000,
      "LD": 1635058800,
      "FI": 1317560400,
      "LI": 1635058800,
      "S": 1581,
      "META": null
    },
    {
      "D": "ohmibod.com",
      "LOS": [
        "ohmibod.com"
      ],
      "Q": 152505,
      "A": 429725,
      "U": 1000001,
      "M": 159221,
      "Country": null,
      "FD": 1346972400,
      "LD": 1635058800,
      "FI": 1320584400,
      "LI": 1635145200,
      "S": 422,
      "META": null
    },
    {
      "D": "nyln.org",
      "LOS": [
        "nyln.org"
      ],
      "Q": 154424,
      "A": 1236506,
      "U": 1000001,
      "M": 627139,
      "Country": null,
      "FD": 1434927600,
      "LD": 1635058800,
      "FI": 1362056400,
      "LI": 1635058800,
      "S": 0,
      "META": null
    },
    {
      "D": "thingsthataresmart.wiki",
      "LOS": [
        "thingsthataresmart.wiki"
      ],
      "Q": 154840,
      "A": 10681997,
      "U": 1000001,
      "M": 1000001,
      "Country": null,
      "FD": 1449788400,
      "LD": 1635058800,
      "FI": 1447196400,
      "LI": 1635058800,
      "S": 0,
      "META": null
    },
    {
      "D": "browningowners.com",
      "LOS": [
        "browningowners.com"
      ],
      "Q": 159530,
      "A": 27854632,
      "U": 1000001,
      "M": 1000001,
      "Country": null,
      "FD": 1393196400,
      "LD": 1635058800,
      "FI": 1320584400,
      "LI": 1635058800,
      "S": 0,
      "META": null
    },
    {
      "D": "bitsbook.com",
      "LOS": [
        "bitsbook.com"
      ],
      "Q": 162212,
      "A": 519906,
      "U": 1000001,
      "M": 994181,
      "Country": null,
      "FD": 1362697200,
      "LD": 1635058800,
      "FI": 1328360400,
      "LI": 1635058800,
      "S": 0,
      "META": null
    },
    {
      "D": "themutegamer.com",
      "LOS": [
        "themutegamer.com"
      ],
      "Q": 163989,
      "A": 15602002,
      "U": 1000001,
      "M": 1000001,
      "Country": null,
      "FD": 1434927600,
      "LD": 1635058800,
      "FI": 1434841200,
      "LI": 1635058800,
      "S": 31,
      "META": null
    },
    {
      "D": "captalk.net",
      "LOS": [
        "captalk.net"
      ],
      "Q": 166931,
      "A": 1745827,
      "U": 1000001,
      "M": 1000001,
      "Country": null,
      "FD": 1346972400,
      "LD": 1635058800,
      "FI": 1294059600,
      "LI": 1635058800,
      "S": 0,
      "META": null
    },
    {
      "D": "tubeworld.com",
      "LOS": [
        "tubeworld.com"
      ],
      "Q": 168403,
      "A": 1005576,
      "U": 1000001,
      "M": 985823,
      "Country": null,
      "FD": 1346972400,
      "LD": 1635058800,
      "FI": 1294059600,
      "LI": 1635058800,
      "S": 0,
      "META": null
    },
    {
      "D": "chicago.ru",
      "LOS": [
        "chicago.ru"
      ],
      "Q": 169435,
      "A": 1864021,
      "U": 1000001,
      "M": 1000001,
      "Country": null,
      "FD": 1346972400,
      "LD": 1635058800,
      "FI": 1301839200,
      "LI": 1635058800,
      "S": 0,
      "META": null
    },
    {
      "D": "nowcerts.com",
      "LOS": [
        "nowcerts.com"
      ],
      "Q": 172688,
      "A": 15963538,
      "U": 1000001,
      "M": 1000001,
      "Country": null,
      "FD": 1432162800,
      "LD": 1635058800,
      "FI": 1362056400,
      "LI": 1635058800,
      "S": 482,
      "META": null
    },
    {
      "D": "carcleaningguru.com",
      "LOS": [
        "carcleaningguru.com"
      ],
      "Q": 174395,
      "A": 2077356,
      "U": 1000001,
      "M": 1000001,
      "Country": null,
      "FD": 1348182000,
      "LD": 1635058800,
      "FI": 1348149600,
      "LI": 1635058800,
      "S": 0,
      "META": null
    },
    {
      "D": "cdlmatch.com",
      "LOS": [
        "cdlmatch.com"
      ],
      "Q": 177046,
      "A": 18021315,
      "U": 1000001,
      "M": 1000001,
      "Country": null,
      "FD": 1392937200,
      "LD": 1635058800,
      "FI": 1389481200,
      "LI": 1635058800,
      "S": 0,
      "META": null
    },
    {
      "D": "brasasteakhouse.com",
      "LOS": [
        "brasasteakhouse.com"
      ],
      "Q": 181912,
      "A": 6850522,
      "U": 1000001,
      "M": 1000001,
      "Country": null,
      "FD": 1359673200,
      "LD": 1635058800,
      "FI": 1315144800,
      "LI": 1635058800,
      "S": 0,
      "META": null
    },
    {
      "D": "craftthyme.com",
      "LOS": [
        "craftthyme.com"
      ],
      "Q": 182754,
      "A": 1558410,
      "U": 1000001,
      "M": 863270,
      "Country": null,
      "FD": 1440370800,
      "LD": 1635058800,
      "FI": 1362056400,
      "LI": 1635058800,
      "S": 347,
      "META": null
    },
    {
      "D": "cityofshelton.org",
      "LOS": [
        "cityofshelton.org"
      ],
      "Q": 185684,
      "A": 1007361,
      "U": 1000001,
      "M": 697957,
      "Country": null,
      "FD": 1348182000,
      "LD": 1635058800,
      "FI": 1294059600,
      "LI": 1635058800,
      "S": 31,
      "META": null
    },
    {
      "D": "targettraining.eu",
      "LOS": [
        "targettraining.eu"
      ],
      "Q": 187198,
      "A": 1442159,
      "U": 1000001,
      "M": 1000001,
      "Country": null,
      "FD": 1393196400,
      "LD": 1635058800,
      "FI": 1389481200,
      "LI": 1635058800,
      "S": 1499,
      "META": null
    },
    {
      "D": "consciouscapitalism.org",
      "LOS": [
        "consciouscapitalism.org"
      ],
      "Q": 191935,
      "A": 342667,
      "U": 1000001,
      "M": 109880,
      "Country": null,
      "FD": 1349996400,
      "LD": 1635058800,
      "FI": 1320584400,
      "LI": 1635058800,
      "S": 312,
      "META": null
    },
    {
      "D": "thelongbowshop.com",
      "LOS": [
        "thelongbowshop.com"
      ],
      "Q": 193726,
      "A": 1691015,
      "U": 1000001,
      "M": 1000001,
      "Country": null,
      "FD": 1359673200,
      "LD": 1635058800,
      "FI": 1359637200,
      "LI": 1635058800,
      "S": 2456,
      "META": null
    },
    {
      "D": "cryptozoonews.com",
      "LOS": [
        "cryptozoonews.com"
      ],
      "Q": 195279,
      "A": 418784,
      "U": 1000001,
      "M": 857855,
      "Country": null,
      "FD": 1362697200,
      "LD": 1632553200,
      "FI": 1362056400,
      "LI": 1633158000,
      "S": 0,
      "META": null
    },
    {
      "D": "bostonkorea.com",
      "LOS": [
        "bostonkorea.com"
      ],
      "Q": 201770,
      "A": 1420272,
      "U": 141724,
      "M": 1000001,
      "Country": null,
      "FD": 1359673200,
      "LD": 1635058800,
      "FI": 1324213200,
      "LI": 1635058800,
      "S": 0,
      "META": null
    },
    {
      "D": "canismajor.com",
      "LOS": [
        "canismajor.com"
      ],
      "Q": 201842,
      "A": 38251,
      "U": 1000001,
      "M": 101125,
      "Country": null,
      "FD": 1346972400,
      "LD": 1635058800,
      "FI": 1294059600,
      "LI": 1635058800,
      "S": 0,
      "META": null
    },
    {
      "D": "theaapc.org",
      "LOS": [
        "theaapc.org"
      ],
      "Q": 207614,
      "A": 582264,
      "U": 1000001,
      "M": 291566,
      "Country": null,
      "FD": 1454972400,
      "LD": 1635058800,
      "FI": 1323003600,
      "LI": 1635058800,
      "S": 948,
      "META": null
    },
    {
      "D": "ksbems.org",
      "LOS": [
        "ksbems.org"
      ],
      "Q": 210261,
      "A": 17443686,
      "U": 1000001,
      "M": 1000001,
      "Country": null,
      "FD": 1395356400,
      "LD": 1628060400,
      "FI": 1301839200,
      "LI": 1633158000,
      "S": 0,
      "META": null
    },
    {
      "D": "njwildlifecam.com",
      "LOS": [
        "njwildlifecam.com"
      ],
      "Q": 212247,
      "A": 15847496,
      "U": 1000001,
      "M": 1000001,
      "Country": null,
      "FD": 1422316800,
      "LD": 1635058800,
      "FI": 1422316800,
      "LI": 1635058800,
      "S": 0,
      "META": null
    },
    {
      "D": "bloomcityclub.com",
      "LOS": [
        "bloomcityclub.com"
      ],
      "Q": 213017,
      "A": 16901470,
      "U": 1000001,
      "M": 1000001,
      "Country": null,
      "FD": 1434927600,
      "LD": 1635058800,
      "FI": 1434841200,
      "LI": 1635058800,
      "S": 31,
      "META": null
    },
    {
      "D": "oldbuickparts.com",
      "LOS": [
        "oldbuickparts.com"
      ],
      "Q": 216443,
      "A": 7803669,
      "U": 1000001,
      "M": 1000001,
      "Country": null,
      "FD": 1496530800,
      "LD": 1635058800,
      "FI": 1294059600,
      "LI": 1635058800,
      "S": 0,
      "META": null
    },
    {
      "D": "ballroomdancers.com",
      "LOS": [
        "ballroomdancers.com"
      ],
      "Q": 216980,
      "A": 389517,
      "U": 1000001,
      "M": 359242,
      "Country": null,
      "FD": 1346972400,
      "LD": 1635058800,
      "FI": 1294059600,
      "LI": 1635058800,
      "S": 0,
      "META": null
    },
    {
      "D": "newbeginningsdrugrehab.org",
      "LOS": [
        "newbeginningsdrugrehab.org"
      ],
      "Q": 218758,
      "A": 1938846,
      "U": 1000001,
      "M": 627320,
      "Country": null,
      "FD": 1393196400,
      "LD": 1635058800,
      "FI": 1379286000,
      "LI": 1635058800,
      "S": 111,
      "META": null
    },
    {
      "D": "thelivingproofinstitute.com",
      "LOS": [
        "thelivingproofinstitute.com"
      ],
      "Q": 220531,
      "A": 1772003,
      "U": 1000001,
      "M": 1000001,
      "Country": null,
      "FD": 1514242800,
      "LD": 1635058800,
      "FI": 1359637200,
      "LI": 1635058800,
      "S": 1608,
      "META": null
    },
    {
      "D": "tomalphin.com",
      "LOS": [
        "tomalphin.com"
      ],
      "Q": 220535,
      "A": 1954695,
      "U": 1000001,
      "M": 1000001,
      "Country": null,
      "FD": 1393196400,
      "LD": 1635058800,
      "FI": 1389481200,
      "LI": 1635058800,
      "S": 31,
      "META": null
    },
    {
      "D": "theprowersjournal.com",
      "LOS": [
        "theprowersjournal.com"
      ],
      "Q": 223930,
      "A": 7621114,
      "U": 1000001,
      "M": 357885,
      "Country": null,
      "FD": 1408575600,
      "LD": 1635058800,
      "FI": 1341496800,
      "LI": 1635058800,
      "S": 31,
      "META": null
    },
    {
      "D": "tonysaccos.com",
      "LOS": [
        "tonysaccos.com"
      ],
      "Q": 223990,
      "A": 1998100,
      "U": 1000001,
      "M": 1000001,
      "Country": null,
      "FD": 1517266800,
      "LD": 1635145200,
      "FI": 1320584400,
      "LI": 1635145200,
      "S": 0,
      "META": null
    },
    {
      "D": "truecostmovie.com",
      "LOS": [
        "truecostmovie.com"
      ],
      "Q": 224040,
      "A": 356484,
      "U": 1000001,
      "M": 47181,
      "Country": null,
      "FD": 1393196400,
      "LD": 1635058800,
      "FI": 1389481200,
      "LI": 1635058800,
      "S": 203,
      "META": null
    },
    {
      "D": "bigwoodsgoods.com",
      "LOS": [
        "bigwoodsgoods.com"
      ],
      "Q": 225553,
      "A": 32802415,
      "U": 1000001,
      "M": 1000001,
      "Country": null,
      "FD": 1354230000,
      "LD": 1635058800,
      "FI": 1354194000,
      "LI": 1635058800,
      "S": 240,
      "META": null
    },
    {
      "D": "bonsai4me.com",
      "LOS": [
        "bonsai4me.com"
      ],
      "Q": 225610,
      "A": 66357,
      "U": 1000001,
      "M": 590370,
      "Country": null,
      "FD": 1346972400,
      "LD": 1635058800,
      "FI": 1072911600,
      "LI": 1635058800,
      "S": 0,
      "META": null
    },
    {
      "D": "classicrendezvous.com",
      "LOS": [
        "classicrendezvous.com"
      ],
      "Q": 228766,
      "A": 319955,
      "U": 1000001,
      "M": 418728,
      "Country": null,
      "FD": 1346972400,
      "LD": 1635058800,
      "FI": 1294059600,
      "LI": 1635058800,
      "S": 0,
      "META": null
    },
    {
      "D": "ndcc.tv",
      "LOS": [
        "ndcc.tv"
      ],
      "Q": 231840,
      "A": 756771,
      "U": 1000001,
      "M": 1000001,
      "Country": null,
      "FD": 1346972400,
      "LD": 1635058800,
      "FI": 1294059600,
      "LI": 1635058800,
      "S": 0,
      "META": null
    },
    {
      "D": "ostrichpillow.com",
      "LOS": [
        "ostrichpillow.com"
      ],
      "Q": 231990,
      "A": 398644,
      "U": 1000001,
      "M": 253383,
      "Country": null,
      "FD": 1394060400,
      "LD": 1635058800,
      "FI": 1365080400,
      "LI": 1635145200,
      "S": 1588,
      "META": null
    },
    {
      "D": "ourdailycraft.com",
      "LOS": [
        "ourdailycraft.com"
      ],
      "Q": 233690,
      "A": 1689396,
      "U": 1000001,
      "M": 753275,
      "Country": null,
      "FD": 1422658800,
      "LD": 1635058800,
      "FI": 1422399600,
      "LI": 1635058800,
      "S": 448,
      "META": null
    },
    {
      "D": "banknotenews.com",
      "LOS": [
        "banknotenews.com"
      ],
      "Q": 234541,
      "A": 517981,
      "U": 1000001,
      "M": 392647,
      "Country": null,
      "FD": 1346972400,
      "LD": 1635058800,
      "FI": 1315749600,
      "LI": 1635058800,
      "S": 0,
      "META": null
    },
    {
      "D": "celiactravel.com",
      "LOS": [
        "celiactravel.com"
      ],
      "Q": 234847,
      "A": 1391190,
      "U": 1000001,
      "M": 383486,
      "Country": null,
      "FD": 1346972400,
      "LD": 1635058800,
      "FI": 1034373600,
      "LI": 1635058800,
      "S": 932,
      "META": null
    },
    {
      "D": "closeoutdistributors.com",
      "LOS": [
        "closeoutdistributors.com"
      ],
      "Q": 234931,
      "A": 100000001,
      "U": 1000001,
      "M": 1000001,
      "Country": null,
      "FD": 1458601200,
      "LD": 1628060400,
      "FI": 1294059600,
      "LI": 1630566000,
      "S": 0,
      "META": null
    },
    {
      "D": "bandfinder.com",
      "LOS": [
        "bandfinder.com"
      ],
      "Q": 238700,
      "A": 4227122,
      "U": 1000001,
      "M": 1000001,
      "Country": null,
      "FD": 1379286000,
      "LD": 1635058800,
      "FI": 1379026800,
      "LI": 1635058800,
      "S": 0,
      "META": null
    },
    {
      "D": "balancestaffing.com",
      "LOS": [
        "balancestaffing.com"
      ],
      "Q": 239392,
      "A": 10905259,
      "U": 1000001,
      "M": 1000001,
      "Country": null,
      "FD": 1458601200,
      "LD": 1635058800,
      "FI": 1315144800,
      "LI": 1635058800,
      "S": 5467,
      "META": null
    },
    {
      "D": "thompsonadvising.com",
      "LOS": [
        "thompsonadvising.com"
      ],
      "Q": 242647,
      "A": 3219555,
      "U": 1000001,
      "M": 1000001,
      "Country": null,
      "FD": 1395356400,
      "LD": 1630998000,
      "FI": 1389481200,
      "LI": 1633330800,
      "S": 0,
      "META": null
    },
    {
      "D": "tomukun.com",
      "LOS": [
        "tomukun.com"
      ],
      "Q": 242678,
      "A": 3134075,
      "U": 1000001,
      "M": 1000001,
      "Country": null,
      "FD": 1393196400,
      "LD": 1635058800,
      "FI": 1389481200,
      "LI": 1635058800,
      "S": 0,
      "META": null
    },
    {
      "D": "noreast1.com",
      "LOS": [
        "noreast1.com"
      ],
      "Q": 243522,
      "A": 1285317,
      "U": 1000001,
      "M": 1000001,
      "Country": null,
      "FD": 1346972400,
      "LD": 1635058800,
      "FI": 1294059600,
      "LI": 1635058800,
      "S": 0,
      "META": null
    },
    {
      "D": "4sqrp.com",
      "LOS": [
        "4sqrp.com"
      ],
      "Q": 244061,
      "A": 1225465,
      "U": 1000001,
      "M": 1000001,
      "Country": null,
      "FD": 1348182000,
      "LD": 1632553200,
      "FI": 1294059600,
      "LI": 1632553200,
      "S": 0,
      "META": null
    },
    {
      "D": "cardinalcamera.com",
      "LOS": [
        "cardinalcamera.com"
      ],
      "Q": 244641,
      "A": 7983752,
      "U": 1000001,
      "M": 1000001,
      "Country": null,
      "FD": 1357167600,
      "LD": 1635058800,
      "FI": 1357131600,
      "LI": 1635058800,
      "S": 237,
      "META": null
    },
    {
      "D": "beeserker.com",
      "LOS": [
        "beeserker.com"
      ],
      "Q": 248781,
      "A": 18163545,
      "U": 1000001,
      "M": 1000001,
      "Country": null,
      "FD": 1367708400,
      "LD": 1635058800,
      "FI": 1343916000,
      "LI": 1635058800,
      "S": 0,
      "META": null
    },
    {
      "D": "chatrussianbrides.com",
      "LOS": [
        "chatrussianbrides.com"
      ],
      "Q": 249864,
      "A": 17312933,
      "U": 1000001,
      "M": 1000001,
      "Country": null,
      "FD": 1491692400,
      "LD": 1635058800,
      "FI": 1359637200,
      "LI": 1635058800,
      "S": 0,
      "META": null
    },
    {
      "D": "correctionhistory.org",
      "LOS": [
        "correctionhistory.org"
      ],
      "Q": 250031,
      "A": 43100,
      "U": 1000001,
      "M": 315397,
      "Country": null,
      "FD": 1346972400,
      "LD": 1635145200,
      "FI": 1294059600,
      "LI": 1635145200,
      "S": 0,
      "META": null
    },
    {
      "D": "optimumcarcare.com",
      "LOS": [
        "optimumcarcare.com"
      ],
      "Q": 251946,
      "A": 16882384,
      "U": 1000001,
      "M": 1000001,
      "Country": null,
      "FD": 1379026800,
      "LD": 1635058800,
      "FI": 1379026800,
      "LI": 1635058800,
      "S": 0,
      "META": null
    },
    {
      "D": "travisroyfoundation.org",
      "LOS": [
        "travisroyfoundation.org"
      ],
      "Q": 253023,
      "A": 670963,
      "U": 1000001,
      "M": 452823,
      "Country": null,
      "FD": 1346972400,
      "LD": 1635058800,
      "FI": 1294059600,
      "LI": 1635058800,
      "S": 40,
      "META": null
    },
    {
      "D": "bayarearadio.org",
      "LOS": [
        "bayarearadio.org"
      ],
      "Q": 254915,
      "A": 674964,
      "U": 1000001,
      "M": 638578,
      "Country": null,
      "FD": 1348182000,
      "LD": 1635058800,
      "FI": 1294059600,
      "LI": 1635058800,
      "S": 14,
      "META": null
    },
    {
      "D": "teufert.net",
      "LOS": [
        "teufert.net"
      ],
      "Q": 258399,
      "A": 10568543,
      "U": 1000001,
      "M": 1000001,
      "Country": null,
      "FD": 1346972400,
      "LD": 1635145200,
      "FI": 1294059600,
      "LI": 1635145200,
      "S": 0,
      "META": null
    },
    {
      "D": "themsrgroup.com",
      "LOS": [
        "themsrgroup.com"
      ],
      "Q": 258465,
      "A": 16737629,
      "U": 1000001,
      "M": 1000001,
      "Country": null,
      "FD": 1346972400,
      "LD": 1635058800,
      "FI": 1294059600,
      "LI": 1635058800,
      "S": 2141,
      "META": null
    },
    {
      "D": "ownersmanualsforcars.com",
      "LOS": [
        "ownersmanualsforcars.com"
      ],
      "Q": 259190,
      "A": 21734847,
      "U": 1000001,
      "M": 1000001,
      "Country": null,
      "FD": 1393196400,
      "LD": 1635058800,
      "FI": 1369922400,
      "LI": 1635058800,
      "S": 0,
      "META": null
    },
    {
      "D": "takemytrip.com",
      "LOS": [
        "takemytrip.com"
      ],
      "Q": 259868,
      "A": 641898,
      "U": 1000001,
      "M": 886065,
      "Country": null,
      "FD": 1472079600,
      "LD": 1628060400,
      "FI": 1294059600,
      "LI": 1633158000,
      "S": 31,
      "META": null
    },
    {
      "D": "octavia-sf.com",
      "LOS": [
        "octavia-sf.com"
      ],
      "Q": 259940,
      "A": 10770446,
      "U": 1000001,
      "M": 1000001,
      "Country": null,
      "FD": 1427238000,
      "LD": 1635058800,
      "FI": 1422918000,
      "LI": 1635058800,
      "S": 16,
      "META": null
    },
    {
      "D": "olop-shrine.org",
      "LOS": [
        "olop-shrine.org"
      ],
      "Q": 260174,
      "A": 1251620,
      "U": 1000001,
      "M": 1000001,
      "Country": null,
      "FD": 1379286000,
      "LD": 1630998000,
      "FI": 1379286000,
      "LI": 1633244400,
      "S": 0,
      "META": null
    },
    {
      "D": "1and1.us",
      "LOS": [
        "1and1.us"
      ],
      "Q": 260301,
      "A": 57746285,
      "U": 185319,
      "M": 1000001,
      "Country": null,
      "FD": 1443654000,
      "LD": 1635058800,
      "FI": 1429555673,
      "LI": 1635058800,
      "S": 33,
      "META": null
    },
    {
      "D": "2020ok.com",
      "LOS": [
        "2020ok.com"
      ],
      "Q": 260306,
      "A": 594745,
      "U": 1000001,
      "M": 451531,
      "Country": null,
      "FD": 1346972400,
      "LD": 1635058800,
      "FI": 1294059600,
      "LI": 1635058800,
      "S": 0,
      "META": null
    },
    {
      "D": "bostonsonthebeach.com",
      "LOS": [
        "bostonsonthebeach.com"
      ],
      "Q": 260829,
      "A": 7034636,
      "U": 1000001,
      "M": 1000001,
      "Country": null,
      "FD": 1348182000,
      "LD": 1633935600,
      "FI": 1294059600,
      "LI": 1633935600,
      "S": 39,
      "META": null
    },
    {
      "D": "celticseasalt.com",
      "LOS": [
        "celticseasalt.com"
      ],
      "Q": 260993,
      "A": 388689,
      "U": 1000001,
      "M": 707481,
      "Country": null,
      "FD": 1491692400,
      "LD": 1635145200,
      "FI": 1294059600,
      "LI": 1635145200,
      "S": 1453,
      "META": null
    },
    {
      "D": "ncwd-youth.info",
      "LOS": [
        "ncwd-youth.info"
      ],
      "Q": 262967,
      "A": 973682,
      "U": 1000001,
      "M": 184779,
      "Country": null,
      "FD": 1518735600,
      "LD": 1635145200,
      "FI": 1294059600,
      "LI": 1635145200,
      "S": 0,
      "META": null
    },
    {
      "D": "thequietplace.com",
      "LOS": [
        "thequietplace.com"
      ],
      "Q": 264208,
      "A": 22046433,
      "U": 1000001,
      "M": 1000001,
      "Country": null,
      "FD": 1506207600,
      "LD": 1635058800,
      "FI": 1294059600,
      "LI": 1635058800,
      "S": 0,
      "META": null
    },
    {
      "D": "basiccomputerinformation.ca",
      "LOS": [
        "basiccomputerinformation.ca"
      ],
      "Q": 266261,
      "A": 6770567,
      "U": 1000001,
      "M": 1000001,
      "Country": null,
      "FD": 1346972400,
      "LD": 1635058800,
      "FI": 1294059600,
      "LI": 1635058800,
      "S": 85,
      "META": null
    },
    {
      "D": "biggscamera.com",
      "LOS": [
        "biggscamera.com"
      ],
      "Q": 266339,
      "A": 31985643,
      "U": 1000001,
      "M": 1000001,
      "Country": null,
      "FD": 1371942000,
      "LD": 1635058800,
      "FI": 1328360400,
      "LI": 1635058800,
      "S": 266,
      "META": null
    },
    {
      "D": "bonberi.com",
      "LOS": [
        "bonberi.com"
      ],
      "Q": 266407,
      "A": 2951564,
      "U": 1000001,
      "M": 814004,
      "Country": null,
      "FD": 1475535600,
      "LD": 1631257200,
      "FI": 1381705200,
      "LI": 1633158000,
      "S": 250,
      "META": null
    },
    {
      "D": "constantinereport.com",
      "LOS": [
        "constantinereport.com"
      ],
      "Q": 266773,
      "A": 420675,
      "U": 1000001,
      "M": 467315,
      "Country": null,
      "FD": 1357167600,
      "LD": 1635145200,
      "FI": 1356958800,
      "LI": 1635145200,
      "S": 31,
      "META": null
    },
    {
      "D": "noiseprn.com",
      "LOS": [
        "noiseprn.com"
      ],
      "Q": 268718,
      "A": 534681,
      "U": 1000001,
      "M": 1000001,
      "Country": null,
      "FD": 1442876400,
      "LD": 1630998000,
      "FI": 1441666800,
      "LI": 1633071600,
      "S": 57,
      "META": null
    },
    {
      "D": "toddtarantino.com",
      "LOS": [
        "toddtarantino.com"
      ],
      "Q": 269951,
      "A": 1660853,
      "U": 1000001,
      "M": 1000001,
      "Country": null,
      "FD": 1491692400,
      "LD": 1635058800,
      "FI": 1491260400,
      "LI": 1635058800,
      "S": 0,
      "META": null
    },
    {
      "D": "21centuryautogroup.com",
      "LOS": [
        "21centuryautogroup.com"
      ],
      "Q": 271816,
      "A": 16920010,
      "U": 1000001,
      "M": 1000001,
      "Country": null,
      "FD": 1356044400,
      "LD": 1635058800,
      "FI": 1294059600,
      "LI": 1635058800,
      "S": 0,
      "META": null
    },
    {
      "D": "cafeimports.com",
      "LOS": [
        "cafeimports.com"
      ],
      "Q": 272455,
      "A": 660978,
      "U": 1000001,
      "M": 446797,
      "Country": null,
      "FD": 1510009200,
      "LD": 1635058800,
      "FI": 1362056400,
      "LI": 1635058800,
      "S": 803,
      "META": null
    },
    {
      "D": "centralcoop.coop",
      "LOS": [
        "centralcoop.coop"
      ],
      "Q": 272564,
      "A": 1645704,
      "U": 1000001,
      "M": 782588,
      "Country": null,
      "FD": 1371682800,
      "LD": 1632553200,
      "FI": 1320584400,
      "LI": 1633244400,
      "S": 27,
      "META": null
    },
    {
      "D": "thebrewingnetwork.com",
      "LOS": [
        "thebrewingnetwork.com"
      ],
      "Q": 276013,
      "A": 42670,
      "U": 1000001,
      "M": 304120,
      "Country": null,
      "FD": 1346972400,
      "LD": 1635145200,
      "FI": 1320584400,
      "LI": 1635145200,
      "S": 84,
      "META": null
    },
    {
      "D": "bia.ca",
      "LOS": [
        "bia.ca"
      ],
      "Q": 278307,
      "A": 767968,
      "U": 1000001,
      "M": 992051,
      "Country": null,
      "FD": 1512342000,
      "LD": 1628060400,
      "FI": 1315144800,
      "LI": 1633158000,
      "S": 0,
      "META": null
    },
    {
      "D": "chadspictures.com",
      "LOS": [
        "chadspictures.com"
      ],
      "Q": 278622,
      "A": 14409959,
      "U": 1000001,
      "M": 1000001,
      "Country": null,
      "FD": 1377212400,
      "LD": 1628060400,
      "FI": 1377212400,
      "LI": 1632466800,
      "S": 0,
      "META": null
    },
    {
      "D": "nexcelom.com",
      "LOS": [
        "nexcelom.com"
      ],
      "Q": 280796,
      "A": 6948737,
      "U": 1000001,
      "M": 984713,
      "Country": null,
      "FD": 1346972400,
      "LD": 1635058800,
      "FI": 1341496800,
      "LI": 1635058800,
      "S": 7557,
      "META": null
    },
    {
      "D": "nycollege.edu",
      "LOS": [
        "nycollege.edu"
      ],
      "Q": 280878,
      "A": 1535619,
      "U": 1000001,
      "M": 458819,
      "Country": null,
      "FD": 1554073200,
      "LD": 1635058800,
      "FI": 1294059600,
      "LI": 1635058800,
      "S": 31,
      "META": null
    },
    {
      "D": "benthesage.com",
      "LOS": [
        "benthesage.com"
      ],
      "Q": 284510,
      "A": 7417219,
      "U": 1000001,
      "M": 1000001,
      "Country": null,
      "FD": 1379286000,
      "LD": 1630047600,
      "FI": 1379286000,
      "LI": 1632466800,
      "S": 0,
      "META": null
    },
    {
      "D": "occupytheory.org",
      "LOS": [
        "occupytheory.org"
      ],
      "Q": 287275,
      "A": 463374,
      "U": 1000001,
      "M": 841946,
      "Country": null,
      "FD": 1518735600,
      "LD": 1635145200,
      "FI": 1359032400,
      "LI": 1635145200,
      "S": 0,
      "META": null
    },
    {
      "D": "tascsolutions.org",
      "LOS": [
        "tascsolutions.org"
      ],
      "Q": 288355,
      "A": 7303995,
      "U": 1000001,
      "M": 1000001,
      "Country": null,
      "FD": 1379286000,
      "LD": 1635058800,
      "FI": 1379286000,
      "LI": 1635058800,
      "S": 16,
      "META": null
    },
    {
      "D": "customcruisers.com",
      "LOS": [
        "customcruisers.com"
      ],
      "Q": 290258,
      "A": 6615806,
      "U": 1000001,
      "M": 1000001,
      "Country": null,
      "FD": 1371942000,
      "LD": 1635058800,
      "FI": 1362056400,
      "LI": 1635058800,
      "S": 697,
      "META": null
    },
    {
      "D": "crochetuncut.com",
      "LOS": [
        "crochetuncut.com"
      ],
      "Q": 291541,
      "A": 1351079,
      "U": 1000001,
      "M": 1000001,
      "Country": null,
      "FD": 1469746800,
      "LD": 1635058800,
      "FI": 1294059600,
      "LI": 1635058800,
      "S": 0,
      "META": null
    },
    {
      "D": "newswiretoday.com",
      "LOS": [
        "newswiretoday.com"
      ],
      "Q": 293748,
      "A": 398945,
      "U": 1000001,
      "M": 56485,
      "Country": null,
      "FD": 1346972400,
      "LD": 1635058800,
      "FI": 1294059600,
      "LI": 1635058800,
      "S": 0,
      "META": null
    },
    {
      "D": "northernlivestockvideo.com",
      "LOS": [
        "northernlivestockvideo.com"
      ],
      "Q": 293811,
      "A": 3784823,
      "U": 1000001,
      "M": 1000001,
      "Country": null,
      "FD": 1348182000,
      "LD": 1635058800,
      "FI": 1301839200,
      "LI": 1635058800,
      "S": 367,
      "META": null
    },
    {
      "D": "thetummyteam.com",
      "LOS": [
        "thetummyteam.com"
      ],
      "Q": 295247,
      "A": 1805815,
      "U": 1000001,
      "M": 1000001,
      "Country": null,
      "FD": 1498431600,
      "LD": 1628146800,
      "FI": 1323003600,
      "LI": 1633244400,
      "S": 368,
      "META": null
    },
    {
      "D": "time-to-run.com",
      "LOS": [
        "time-to-run.com"
      ],
      "Q": 295283,
      "A": 423437,
      "U": 1000001,
      "M": 485543,
      "Country": null,
      "FD": 1346972400,
      "LD": 1635058800,
      "FI": 1294059600,
      "LI": 1635058800,
      "S": 234,
      "META": null
    },
    {
      "D": "tucsoncactus.org",
      "LOS": [
        "tucsoncactus.org"
      ],
      "Q": 295394,
      "A": 729608,
      "U": 1000001,
      "M": 1000001,
      "Country": null,
      "FD": 1346972400,
      "LD": 1630998000,
      "FI": 1294059600,
      "LI": 1632466800,
      "S": 92,
      "META": null
    },
    {
      "D": "biomimicry.net",
      "LOS": [
        "biomimicry.net"
      ],
      "Q": 297854,
      "A": 395918,
      "U": 1000001,
      "M": 168349,
      "Country": null,
      "FD": 1348182000,
      "LD": 1635145200,
      "FI": 1320584400,
      "LI": 1635145200,
      "S": 548,
      "META": null
    },
    {
      "D": "turtleislandimports.com",
      "LOS": [
        "turtleislandimports.com"
      ],
      "Q": 302827,
      "A": 7968562,
      "U": 1000001,
      "M": 1000001,
      "Country": null,
      "FD": 1346972400,
      "LD": 1635145200,
      "FI": 1294059600,
      "LI": 1635145200,
      "S": 46,
      "META": null
    },
    {
      "D": "texasformarriage.org",
      "LOS": [
        "texasformarriage.org"
      ],
      "Q": 303129,
      "A": 8125738,
      "U": 1000001,
      "M": 1000001,
      "Country": null,
      "FD": 1449788400,
      "LD": 1628060400,
      "FI": 1420066800,
      "LI": 1635058800,
      "S": 0,
      "META": null
    },
    {
      "D": "operationrespect.org",
      "LOS": [
        "operationrespect.org"
      ],
      "Q": 307616,
      "A": 65794,
      "U": 1000001,
      "M": 879388,
      "Country": null,
      "FD": 1458601200,
      "LD": 1635145200,
      "FI": 1294059600,
      "LI": 1635145200,
      "S": 31,
      "META": null
    },
    {
      "D": "themeadowsschool.org",
      "LOS": [
        "themeadowsschool.org"
      ],
      "Q": 308831,
      "A": 1698417,
      "U": 1000001,
      "M": 1000001,
      "Country": null,
      "FD": 1371942000,
      "LD": 1635058800,
      "FI": 1359637200,
      "LI": 1635058800,
      "S": 722,
      "META": null
    },
    {
      "D": "oakpointe.org",
      "LOS": [
        "oakpointe.org"
      ],
      "Q": 309815,
      "A": 156248,
      "U": 1000001,
      "M": 1000001,
      "Country": null,
      "FD": 1371942000,
      "LD": 1635145200,
      "FI": 1301839200,
      "LI": 1635145200,
      "S": 425,
      "META": null
    },
    {
      "D": "truthaboutit.net",
      "LOS": [
        "truthaboutit.net"
      ],
      "Q": 310015,
      "A": 65649,
      "U": 1000001,
      "M": 976140,
      "Country": null,
      "FD": 1393196400,
      "LD": 1635058800,
      "FI": 1294059600,
      "LI": 1635058800,
      "S": 0,
      "META": null
    },
    {
      "D": "confessionsofachocoholic.com",
      "LOS": [
        "confessionsofachocoholic.com"
      ],
      "Q": 312177,
      "A": 69864,
      "U": 1000001,
      "M": 476097,
      "Country": null,
      "FD": 1346972400,
      "LD": 1635058800,
      "FI": 1328360400,
      "LI": 1635058800,
      "S": 138,
      "META": null
    },
    {
      "D": "kundenserver.de",
      "LOS": [
        "kundenserver.de"
      ],
      "Q": 313826,
      "A": 302886,
      "U": 13492,
      "M": 74308,
      "Country": null,
      "FD": 1367708400,
      "LD": 1635058800,
      "FI": 1325854800,
      "LI": 1635145200,
      "S": 7667,
      "META": null
    },
    {
      "D": "nacelopendoor.org",
      "LOS": [
        "nacelopendoor.org"
      ],
      "Q": 314467,
      "A": 970441,
      "U": 1000001,
      "M": 1000001,
      "Country": null,
      "FD": 1379286000,
      "LD": 1635058800,
      "FI": 1379286000,
      "LI": 1635058800,
      "S": 202,
      "META": null
    },
    {
      "D": "neverwinternights.info",
      "LOS": [
        "neverwinternights.info"
      ],
      "Q": 314546,
      "A": 7033534,
      "U": 1000001,
      "M": 1000001,
      "Country": null,
      "FD": 1499295600,
      "LD": 1628060400,
      "FI": 1354798800,
      "LI": 1632466800,
      "S": 0,
      "META": null
    },
    {
      "D": "terravivagrants.org",
      "LOS": [
        "terravivagrants.org"
      ],
      "Q": 315944,
      "A": 1231916,
      "U": 1000001,
      "M": 886640,
      "Country": null,
      "FD": 1520982000,
      "LD": 1635145200,
      "FI": 1231023600,
      "LI": 1635145200,
      "S": 0,
      "META": null
    },
    {
      "D": "tigernt.com",
      "LOS": [
        "tigernt.com"
      ],
      "Q": 316133,
      "A": 53751,
      "U": 1000001,
      "M": 502689,
      "Country": null,
      "FD": 1346972400,
      "LD": 1635058800,
      "FI": 1294059600,
      "LI": 1635145200,
      "S": 0,
      "META": null
    },
    {
      "D": "blackgarlic.com",
      "LOS": [
        "blackgarlic.com"
      ],
      "Q": 317214,
      "A": 1004475,
      "U": 1000001,
      "M": 1000001,
      "Country": null,
      "FD": 1346972400,
      "LD": 1635145200,
      "FI": 1294059600,
      "LI": 1635145200,
      "S": 0,
      "META": null
    },
    {
      "D": "bash-hackers.org",
      "LOS": [
        "bash-hackers.org"
      ],
      "Q": 318672,
      "A": 388422,
      "U": 1000001,
      "M": 139128,
      "Country": null,
      "FD": 1346972400,
      "LD": 1635058800,
      "FI": 1320584400,
      "LI": 1635058800,
      "S": 0,
      "META": null
    },
    {
      "D": "battlepug.com",
      "LOS": [
        "battlepug.com"
      ],
      "Q": 318679,
      "A": 512834,
      "U": 1000001,
      "M": 1000001,
      "Country": null,
      "FD": 1346972400,
      "LD": 1628060400,
      "FI": 1320584400,
      "LI": 1631170800,
      "S": 39,
      "META": null
    },
    {
      "D": "nhl94.com",
      "LOS": [
        "nhl94.com"
      ],
      "Q": 321797,
      "A": 554932,
      "U": 1000001,
      "M": 1000001,
      "Country": null,
      "FD": 1346972400,
      "LD": 1635145200,
      "FI": 1294059600,
      "LI": 1635145200,
      "S": 0,
      "META": null
    },
    {
      "D": "techno-fandom.org",
      "LOS": [
        "techno-fandom.org"
      ],
      "Q": 323229,
      "A": 495442,
      "U": 1000001,
      "M": 1000001,
      "Country": null,
      "FD": 1346972400,
      "LD": 1635145200,
      "FI": 1294059600,
      "LI": 1635145200,
      "S": 0,
      "META": null
    },
    {
      "D": "theperfumeexpert.com",
      "LOS": [
        "theperfumeexpert.com"
      ],
      "Q": 323374,
      "A": 2122972,
      "U": 1000001,
      "M": 1000001,
      "Country": null,
      "FD": 1393196400,
      "LD": 1635058800,
      "FI": 1379286000,
      "LI": 1635058800,
      "S": 0,
      "META": null
    },
    {
      "D": "californiajam.org",
      "LOS": [
        "californiajam.org"
      ],
      "Q": 326706,
      "A": 130542,
      "U": 1000001,
      "M": 1000001,
      "Country": null,
      "FD": 1393196400,
      "LD": 1635145200,
      "FI": 1359637200,
      "LI": 1635145200,
      "S": 903,
      "META": null
    },
    {
      "D": "kellamknives.com",
      "LOS": [
        "kellamknives.com"
      ],
      "Q": 332650,
      "A": 8296922,
      "U": 1000001,
      "M": 1000001,
      "Country": null,
      "FD": 1348182000,
      "LD": 1635058800,
      "FI": 1301839200,
      "LI": 1635058800,
      "S": 203,
      "META": null
    },
    {
      "D": "caipa.net",
      "LOS": [
        "caipa.net"
      ],
      "Q": 334354,
      "A": 3161075,
      "U": 1000001,
      "M": 1000001,
      "Country": null,
      "FD": 1395356400,
      "LD": 1635058800,
      "FI": 1389481200,
      "LI": 1635058800,
      "S": 0,
      "META": null
    },
    {
      "D": "camo.com",
      "LOS": [
        "camo.com"
      ],
      "Q": 334374,
      "A": 1491237,
      "U": 1000001,
      "M": 519896,
      "Country": null,
      "FD": 1518735600,
      "LD": 1635058800,
      "FI": 1294059600,
      "LI": 1635058800,
      "S": 25703,
      "META": null
    },
    {
      "D": "coloradosucceeds.org",
      "LOS": [
        "coloradosucceeds.org"
      ],
      "Q": 334643,
      "A": 6612000,
      "U": 1000001,
      "M": 878551,
      "Country": null,
      "FD": 1525129200,
      "LD": 1635058800,
      "FI": 1362056400,
      "LI": 1635058800,
      "S": 841,
      "META": null
    },
    {
      "D": "newdirt.org",
      "LOS": [
        "newdirt.org"
      ],
      "Q": 337423,
      "A": 6869518,
      "U": 1000001,
      "M": 191447,
      "Country": null,
      "FD": 1590966000,
      "LD": 1635145200,
      "FI": 1590966000,
      "LI": 1635145200,
      "S": 0,
      "META": null
    },
    {
      "D": "overclocking.guide",
      "LOS": [
        "overclocking.guide"
      ],
      "Q": 337672,
      "A": 12354608,
      "U": 1000001,
      "M": 604217,
      "Country": null,
      "FD": 1420066800,
      "LD": 1635145200,
      "FI": 1420066800,
      "LI": 1635145200,
      "S": 0,
      "META": null
    },
    {
      "D": "thearender.com",
      "LOS": [
        "resources.thearender.com"
      ],
      "Q": 338999,
      "A": 465975,
      "U": 1000001,
      "M": 275201,
      "Country": null,
      "FD": 1531090800,
      "LD": 1635145200,
      "FI": 1320584400,
      "LI": 1635145200,
      "S": 2204,
      "META": null
    },
    {
      "D": "coitusmagazine.com",
      "LOS": [
        "coitusmagazine.com"
      ],
      "Q": 340385,
      "A": 2253971,
      "U": 1000001,
      "M": 1000001,
      "Country": null,
      "FD": 1510095600,
      "LD": 1635058800,
      "FI": 1301839200,
      "LI": 1635058800,
      "S": 203,
      "META": null
    },
    {
      "D": "bte.org",
      "LOS": [
        "bte.org"
      ],
      "Q": 340498,
      "A": 376134,
      "U": 1000001,
      "M": 1000001,
      "Country": null,
      "FD": 1356044400,
      "LD": 1635145200,
      "FI": 1301839200,
      "LI": 1635145200,
      "S": 27,
      "META": null
    },
    {
      "D": "chesskids.org.uk",
      "LOS": [
        "chesskids.org.uk"
      ],
      "Q": 340499,
      "A": 3619659,
      "U": 1000001,
      "M": 1000001,
      "Country": null,
      "FD": 1379286000,
      "LD": 1635145200,
      "FI": 1379286000,
      "LI": 1635145200,
      "S": 0,
      "META": null
    },
    {
      "D": "casinobonusking.com",
      "LOS": [
        "casinobonusking.com"
      ],
      "Q": 340656,
      "A": 16269130,
      "U": 1000001,
      "M": 1000001,
      "Country": null,
      "FD": 1518735600,
      "LD": 1635145200,
      "FI": 1320584400,
      "LI": 1635145200,
      "S": 0,
      "META": null
    },
    {
      "D": "cprcpr.com",
      "LOS": [
        "cprcpr.com"
      ],
      "Q": 341717,
      "A": 8022694,
      "U": 1000001,
      "M": 1000001,
      "Country": null,
      "FD": 1429138800,
      "LD": 1635145200,
      "FI": 1320584400,
      "LI": 1635145200,
      "S": 193,
      "META": null
    },
    {
      "D": "tigernewspaper.com",
      "LOS": [
        "tigernewspaper.com"
      ],
      "Q": 347503,
      "A": 2136787,
      "U": 1000001,
      "M": 1000001,
      "Country": null,
      "FD": 1346972400,
      "LD": 1635145200,
      "FI": 1341496800,
      "LI": 1635145200,
      "S": 132,
      "META": null
    },
    {
      "D": "toomey.org",
      "LOS": [
        "toomey.org"
      ],
      "Q": 347554,
      "A": 17105788,
      "U": 1000001,
      "M": 1000001,
      "Country": null,
      "FD": 1479855600,
      "LD": 1635145200,
      "FI": 1479250800,
      "LI": 1635145200,
      "S": 0,
      "META": null
    },
    {
      "D": "4humanities.org",
      "LOS": [
        "4humanities.org"
      ],
      "Q": 348663,
      "A": 1384610,
      "U": 1000001,
      "M": 1000001,
      "Country": null,
      "FD": 1373929200,
      "LD": 1635145200,
      "FI": 1362056400,
      "LI": 1635145200,
      "S": 0,
      "META": null
    },
    {
      "D": "businessoflawblog.com",
      "LOS": [
        "businessoflawblog.com"
      ],
      "Q": 348775,
      "A": 1400332,
      "U": 1000001,
      "M": 788948,
      "Country": null,
      "FD": 1393196400,
      "LD": 1628233200,
      "FI": 1389481200,
      "LI": 1635145200,
      "S": 5390,
      "META": null
    },
    {
      "D": "netflixcodes.me",
      "LOS": [
        "netflixcodes.me"
      ],
      "Q": 349525,
      "A": 1135832,
      "U": 1000001,
      "M": 823565,
      "Country": null,
      "FD": 1523228400,
      "LD": 1635145200,
      "FI": 1452615047,
      "LI": 1635145200,
      "S": 0,
      "META": null
    },
    {
      "D": "1and1.co.uk",
      "LOS": [
        "1and1.co.uk"
      ],
      "Q": 349788,
      "A": 390328,
      "U": 13587,
      "M": 51960,
      "Country": null,
      "FD": 1346972400,
      "LD": 1635145200,
      "FI": 1294059600,
      "LI": 1635145200,
      "S": 1773,
      "META": null
    },
    {
      "D": "buy-belize.com",
      "LOS": [
        "buy-belize.com"
      ],
      "Q": 350678,
      "A": 22393182,
      "U": 1000001,
      "M": 1000001,
      "Country": null,
      "FD": 1346972400,
      "LD": 1630998000,
      "FI": 1315144800,
      "LI": 1633244400,
      "S": 419,
      "META": null
    },
    {
      "D": "bibleone.net",
      "LOS": [
        "bibleone.net"
      ],
      "Q": 357546,
      "A": 1323625,
      "U": 1000001,
      "M": 1000001,
      "Country": null,
      "FD": 1346972400,
      "LD": 1635145200,
      "FI": 1294059600,
      "LI": 1635145200,
      "S": 0,
      "META": null
    },
    {
      "D": "chipsmoneytips.com",
      "LOS": [
        "chipsmoneytips.com"
      ],
      "Q": 358116,
      "A": 12981598,
      "U": 1000001,
      "M": 1000001,
      "Country": null,
      "FD": 1406156400,
      "LD": 1635145200,
      "FI": 1406156400,
      "LI": 1635145200,
      "S": 230,
      "META": null
    },
    {
      "D": "cartoonsmart.com",
      "LOS": [
        "cartoonsmart.com"
      ],
      "Q": 359468,
      "A": 535609,
      "U": 1000001,
      "M": 392661,
      "Country": null,
      "FD": 1346972400,
      "LD": 1635145200,
      "FI": 1294059600,
      "LI": 1635145200,
      "S": 165,
      "META": null
    },
    {
      "D": "copperhood.com",
      "LOS": [
        "copperhood.com"
      ],
      "Q": 359826,
      "A": 11508794,
      "U": 1000001,
      "M": 1000001,
      "Country": null,
      "FD": 1431558000,
      "LD": 1635145200,
      "FI": 1338472800,
      "LI": 1635145200,
      "S": 16,
      "META": null
    },
    {
      "D": "coronamillworks.com",
      "LOS": [
        "coronamillworks.com"
      ],
      "Q": 359838,
      "A": 33083103,
      "U": 1000001,
      "M": 1000001,
      "Country": null,
      "FD": 1496530800,
      "LD": 1635145200,
      "FI": 1294059600,
      "LI": 1635145200,
      "S": 662,
      "META": null
    },
    {
      "D": "kahootz.com",
      "LOS": [
        "kahootz.com"
      ],
      "Q": 361797,
      "A": 1243338,
      "U": 1000001,
      "M": 554538,
      "Country": null,
      "FD": 1371942000,
      "LD": 1635145200,
      "FI": 1362056400,
      "LI": 1635145200,
      "S": 1343,
      "META": null
    },
    {
      "D": "terralux.com",
      "LOS": [
        "terralux.com"
      ],
      "Q": 364581,
      "A": 12571422,
      "U": 1000001,
      "M": 1000001,
      "Country": null,
      "FD": 1539730800,
      "LD": 1635145200,
      "FI": 1362056400,
      "LI": 1635145200,
      "S": 1143,
      "META": null
    },
    {
      "D": "title24express.com",
      "LOS": [
        "title24express.com"
      ],
      "Q": 364842,
      "A": 19613390,
      "U": 1000001,
      "M": 1000001,
      "Country": null,
      "FD": 1363302000,
      "LD": 1635145200,
      "FI": 1363266000,
      "LI": 1635145200,
      "S": 0,
      "META": null
    },
    {
      "D": "bestmasterfurnitures.com",
      "LOS": [
        "bestmasterfurnitures.com"
      ],
      "Q": 368162,
      "A": 13472070,
      "U": 1000001,
      "M": 1000001,
      "Country": null,
      "FD": 1535842800,
      "LD": 1635145200,
      "FI": 1433030400,
      "LI": 1635145200,
      "S": 223,
      "META": null
    },
    {
      "D": "bowerypoetry.com",
      "LOS": [
        "bowerypoetry.com"
      ],
      "Q": 368337,
      "A": 479692,
      "U": 1000001,
      "M": 375658,
      "Country": null,
      "FD": 1432162800,
      "LD": 1635145200,
      "FI": 1432162800,
      "LI": 1635145200,
      "S": 44,
      "META": null
    },
    {
      "D": "cascadecoil.com",
      "LOS": [
        "cascadecoil.com"
      ],
      "Q": 368565,
      "A": 6958183,
      "U": 1000001,
      "M": 475320,
      "Country": null,
      "FD": 1363302000,
      "LD": 1635145200,
      "FI": 1315749600,
      "LI": 1635145200,
      "S": 627,
      "META": null
    },
    {
      "D": "coffeeonfleek.com",
      "LOS": [
        "coffeeonfleek.com"
      ],
      "Q": 368837,
      "A": 16302635,
      "U": 1000001,
      "M": 1000001,
      "Country": null,
      "FD": 1482879600,
      "LD": 1635145200,
      "FI": 1458514800,
      "LI": 1635145200,
      "S": 0,
      "META": null
    },
    {
      "D": "theamericanmuslim.org",
      "LOS": [
        "theamericanmuslim.org"
      ],
      "Q": 373819,
      "A": 19211,
      "U": 1000001,
      "M": 15243,
      "Country": null,
      "FD": 1346972400,
      "LD": 1635145200,
      "FI": 1294059600,
      "LI": 1635145200,
      "S": 502,
      "META": null
    },
    {
      "D": "thelifeofluxury.com",
      "LOS": [
        "thelifeofluxury.com"
      ],
      "Q": 373904,
      "A": 604389,
      "U": 1000001,
      "M": 671169,
      "Country": null,
      "FD": 1346972400,
      "LD": 1635145200,
      "FI": 1192917600,
      "LI": 1635145200,
      "S": 143,
      "META": null
    },
    {
      "D": "tommymac.us",
      "LOS": [
        "tommymac.us"
      ],
      "Q": 374063,
      "A": 1021926,
      "U": 1000001,
      "M": 1000001,
      "Country": null,
      "FD": 1458601200,
      "LD": 1635145200,
      "FI": 1410476400,
      "LI": 1635145200,
      "S": 250,
      "META": null
    },
    {
      "D": "1and1.info",
      "LOS": [
        "1and1.info"
      ],
      "Q": 375034,
      "A": 6857482,
      "U": 1000001,
      "M": 1000001,
      "Country": null,
      "FD": 1438214400,
      "LD": 1635145200,
      "FI": 1320584400,
      "LI": 1635145200,
      "S": 0,
      "META": null
    },
    {
      "D": "thevintagegamers.com",
      "LOS": [
        "thevintagegamers.com"
      ],
      "Q": 375838,
      "A": 3025802,
      "U": 1000001,
      "M": 1000001,
      "Country": null,
      "FD": 1379026800,
      "LD": 1635145200,
      "FI": 1379026800,
      "LI": 1635145200,
      "S": 0,
      "META": null
    },
    {
      "D": "1and1-editor.com",
      "LOS": [
        "1and1-editor.com"
      ],
      "Q": 377299,
      "A": 1247876,
      "U": 91405,
      "M": 6471,
      "Country": null,
      "FD": 1399503600,
      "LD": 1635145200,
      "FI": 1398898800,
      "LI": 1635145200,
      "S": 0,
      "META": null
    },
    {
      "D": "bdantiques.com",
      "LOS": [
        "bdantiques.com"
      ],
      "Q": 377965,
      "A": 1165629,
      "U": 1000001,
      "M": 983524,
      "Country": null,
      "FD": 1359673200,
      "LD": 1635145200,
      "FI": 1323003600,
      "LI": 1635145200,
      "S": 250,
      "META": null
    },
    {
      "D": "thewoodstockfruitfestival.com",
      "LOS": [
        "thewoodstockfruitfestival.com"
      ],
      "Q": 384159,
      "A": 1944413,
      "U": 1000001,
      "M": 1000001,
      "Country": null,
      "FD": 1496530800,
      "LD": 1635145200,
      "FI": 1315144800,
      "LI": 1635145200,
      "S": 203,
      "META": null
    },
    {
      "D": "thepodge.co.uk",
      "LOS": [
        "thepodge.co.uk"
      ],
      "Q": 385269,
      "A": 7783021,
      "U": 1000001,
      "M": 300365,
      "Country": null,
      "FD": 1346972400,
      "LD": 1635145200,
      "FI": 1315144800,
      "LI": 1635145200,
      "S": 0,
      "META": null
    },
    {
      "D": "californiaivf.com",
      "LOS": [
        "californiaivf.com"
      ],
      "Q": 386047,
      "A": 2182358,
      "U": 1000001,
      "M": 1000001,
      "Country": null,
      "FD": 1346972400,
      "LD": 1635145200,
      "FI": 1294059600,
      "LI": 1635145200,
      "S": 0,
      "META": null
    },
    {
      "D": "christosbridal.com",
      "LOS": [
        "christosbridal.com"
      ],
      "Q": 386472,
      "A": 424296,
      "U": 1000001,
      "M": 754994,
      "Country": null,
      "FD": 1346972400,
      "LD": 1635145200,
      "FI": 1294059600,
      "LI": 1635145200,
      "S": 79,
      "META": null
    },
    {
      "D": "neoformix.com",
      "LOS": [
        "neoformix.com"
      ],
      "Q": 392988,
      "A": 383681,
      "U": 1000001,
      "M": 263209,
      "Country": null,
      "FD": 1346972400,
      "LD": 1635145200,
      "FI": 1294059600,
      "LI": 1635145200,
      "S": 39,
      "META": null
    },
    {
      "D": "brain-smart.net",
      "LOS": [
        "brain-smart.net"
      ],
      "Q": 397339,
      "A": 519992,
      "U": 1000001,
      "M": 1000001,
      "Country": null,
      "FD": 1356044400,
      "LD": 1635145200,
      "FI": 1330779600,
      "LI": 1635145200,
      "S": 1287,
      "META": null
    },
    {
      "D": "costcoaddict.com",
      "LOS": [
        "costcoaddict.com"
      ],
      "Q": 397341,
      "A": 16955321,
      "U": 1000001,
      "M": 1000001,
      "Country": null,
      "FD": 1458601200,
      "LD": 1635145200,
      "FI": 1456617600,
      "LI": 1635145200,
      "S": 0,
      "META": null
    },
    {
      "D": "tensons.com",
      "LOS": [
        "tensons.com"
      ],
      "Q": 397475,
      "A": 1504520,
      "U": 1000001,
      "M": 628012,
      "Country": null,
      "FD": 1346972400,
      "LD": 1635145200,
      "FI": 1294059600,
      "LI": 1635145200,
      "S": 0,
      "META": null
    },
    {
      "D": "computersciencelab.com",
      "LOS": [
        "computersciencelab.com"
      ],
      "Q": 401671,
      "A": 617907,
      "U": 1000001,
      "M": 716931,
      "Country": null,
      "FD": 1348182000,
      "LD": 1635145200,
      "FI": 1159912800,
      "LI": 1635145200,
      "S": 233,
      "META": null
    },
    {
      "D": "numskull.co.uk",
      "LOS": [
        "numskull.co.uk"
      ],
      "Q": 406310,
      "A": 1093807,
      "U": 1000001,
      "M": 901269,
      "Country": null,
      "FD": 1462834800,
      "LD": 1635145200,
      "FI": 1362056400,
      "LI": 1635145200,
      "S": 0,
      "META": null
    },
    {
      "D": "ohioengineer.com",
      "LOS": [
        "ohioengineer.com"
      ],
      "Q": 406382,
      "A": 4138735,
      "U": 1000001,
      "M": 1000001,
      "Country": null,
      "FD": 1359673200,
      "LD": 1635145200,
      "FI": 1328360400,
      "LI": 1635145200,
      "S": 0,
      "META": null
    },
    {
      "D": "totaljerkfacehappywheel.com",
      "LOS": [
        "totaljerkfacehappywheel.com"
      ],
      "Q": 410596,
      "A": 14343916,
      "U": 1000001,
      "M": 1000001,
      "Country": null,
      "FD": 1458601200,
      "LD": 1635145200,
      "FI": 1363266000,
      "LI": 1635145200,
      "S": 0,
      "META": null
    },
    {
      "D": "blendimages.com",
      "LOS": [
        "blendimages.com"
      ],
      "Q": 413364,
      "A": 1435004,
      "U": 1000001,
      "M": 1000001,
      "Country": null,
      "FD": 1346972400,
      "LD": 1635145200,
      "FI": 1294059600,
      "LI": 1635145200,
      "S": 1658,
      "META": null
    },
    {
      "D": "1and1.fr",
      "LOS": [
        "1and1.fr"
      ],
      "Q": 414580,
      "A": 32473,
      "U": 53437,
      "M": 33146,
      "Country": null,
      "FD": 1346972400,
      "LD": 1635145200,
      "FI": 1294059600,
      "LI": 1635145200,
      "S": 1773,
      "META": null
    },
    {
      "D": "booyoutube.com",
      "LOS": [
        "booyoutube.com"
      ],
      "Q": 416422,
      "A": 35032367,
      "U": 1000001,
      "M": 1000001,
      "Country": null,
      "FD": 1452038400,
      "LD": 1635145200,
      "FI": 1452038400,
      "LI": 1635145200,
      "S": 0,
      "META": null
    },
    {
      "D": "bryanduke.net",
      "LOS": [
        "bryanduke.net"
      ],
      "Q": 416538,
      "A": 21677979,
      "U": 1000001,
      "M": 272016,
      "Country": null,
      "FD": 1371942000,
      "LD": 1635145200,
      "FI": 1231714800,
      "LI": 1635145200,
      "S": 0,
      "META": null
    },
    {
      "D": "namedecoder.com",
      "LOS": [
        "namedecoder.com"
      ],
      "Q": 424321,
      "A": 1406698,
      "U": 1000001,
      "M": 278446,
      "Country": null,
      "FD": 1346972400,
      "LD": 1630047600,
      "FI": 1294059600,
      "LI": 1635145200,
      "S": 0,
      "META": null
    },
    {
      "D": "northatlantatradecenter.com",
      "LOS": [
        "northatlantatradecenter.com"
      ],
      "Q": 424676,
      "A": 7102201,
      "U": 1000001,
      "M": 1000001,
      "Country": null,
      "FD": 1346972400,
      "LD": 1635145200,
      "FI": 1294059600,
      "LI": 1635145200,
      "S": 0,
      "META": null
    },
    {
      "D": "thetalkingdrum.com",
      "LOS": [
        "thetalkingdrum.com"
      ],
      "Q": 428976,
      "A": 523303,
      "U": 1000001,
      "M": 699436,
      "Country": null,
      "FD": 1346972400,
      "LD": 1635145200,
      "FI": 1294059600,
      "LI": 1635145200,
      "S": 14,
      "META": null
    },
    {
      "D": "tracheostomy.com",
      "LOS": [
        "tracheostomy.com"
      ],
      "Q": 429306,
      "A": 656718,
      "U": 1000001,
      "M": 1000001,
      "Country": null,
      "FD": 1393196400,
      "LD": 1635145200,
      "FI": 1294059600,
      "LI": 1635145200,
      "S": 14,
      "META": null
    },
    {
      "D": "tripgeo.com",
      "LOS": [
        "tripgeo.com"
      ],
      "Q": 429415,
      "A": 1267828,
      "U": 1000001,
      "M": 1000001,
      "Country": null,
      "FD": 1348182000,
      "LD": 1635145200,
      "FI": 1317560400,
      "LI": 1635145200,
      "S": 0,
      "META": null
    },
    {
      "D": "bookmarket.com",
      "LOS": [
        "bookmarket.com"
      ],
      "Q": 441830,
      "A": 594706,
      "U": 1000001,
      "M": 408797,
      "Country": null,
      "FD": 1346972400,
      "LD": 1635145200,
      "FI": 1294059600,
      "LI": 1635145200,
      "S": 0,
      "META": null
    },
    {
      "D": "commonweeder.com",
      "LOS": [
        "commonweeder.com"
      ],
      "Q": 442222,
      "A": 89598,
      "U": 1000001,
      "M": 1000001,
      "Country": null,
      "FD": 1346972400,
      "LD": 1635145200,
      "FI": 1294059600,
      "LI": 1635145200,
      "S": 31,
      "META": null
    },
    {
      "D": "thinkmarket.fr",
      "LOS": [
        "thinkmarket.fr"
      ],
      "Q": 446705,
      "A": 3789304,
      "U": 1000001,
      "M": 1000001,
      "Country": null,
      "FD": 1384297200,
      "LD": 1635145200,
      "FI": 1379286000,
      "LI": 1635145200,
      "S": 352,
      "META": null
    },
    {
      "D": "thelandcollective.com",
      "LOS": [
        "thelandcollective.com"
      ],
      "Q": 448948,
      "A": 37610192,
      "U": 1000001,
      "M": 1000001,
      "Country": null,
      "FD": 1507244400,
      "LD": 1635145200,
      "FI": 1506207600,
      "LI": 1635145200,
      "S": 0,
      "META": null
    },
    {
      "D": "nintendofever.com",
      "LOS": [
        "nintendofever.com"
      ],
      "Q": 452106,
      "A": 26721525,
      "U": 1000001,
      "M": 1000001,
      "Country": null,
      "FD": 1527548400,
      "LD": 1635145200,
      "FI": 1405296000,
      "LI": 1635145200,
      "S": 52,
      "META": null
    },
    {
      "D": "krankitupphotography.com",
      "LOS": [
        "krankitupphotography.com"
      ],
      "Q": 453914,
      "A": 26498139,
      "U": 1000001,
      "M": 1000001,
      "Country": null,
      "FD": 1437519600,
      "LD": 1635145200,
      "FI": 1434841200,
      "LI": 1635145200,
      "S": 0,
      "META": null
    },
    {
      "D": "contigoventures.com",
      "LOS": [
        "contigoventures.com"
      ],
      "Q": 454649,
      "A": 100000001,
      "U": 1000001,
      "M": 1000001,
      "Country": null,
      "FD": 1373929200,
      "LD": 1635145200,
      "FI": 1362056400,
      "LI": 1635145200,
      "S": 0,
      "META": null
    },
    {
      "D": "thegalleries.com",
      "LOS": [
        "thegalleries.com"
      ],
      "Q": 455583,
      "A": 44611682,
      "U": 1000001,
      "M": 1000001,
      "Country": null,
      "FD": 1371942000,
      "LD": 1635145200,
      "FI": 1362056400,
      "LI": 1635145200,
      "S": 0,
      "META": null
    },
    {
      "D": "classiccarmall.com",
      "LOS": [
        "classiccarmall.com"
      ],
      "Q": 456477,
      "A": 7420952,
      "U": 1000001,
      "M": 1000001,
      "Country": null,
      "FD": 1346972400,
      "LD": 1635145200,
      "FI": 1294059600,
      "LI": 1635145200,
      "S": 0,
      "META": null
    },
    {
      "D": "nancyspoint.com",
      "LOS": [
        "nancyspoint.com"
      ],
      "Q": 459622,
      "A": 1287727,
      "U": 1000001,
      "M": 1000001,
      "Country": null,
      "FD": 1371942000,
      "LD": 1635145200,
      "FI": 1315144800,
      "LI": 1635145200,
      "S": 547,
      "META": null
    },
    {
      "D": "1und1.de",
      "LOS": [
        "1und1.de"
      ],
      "Q": 463468,
      "A": 3765,
      "U": 7117,
      "M": 9993,
      "Country": null,
      "FD": 1346972400,
      "LD": 1635145200,
      "FI": 1294059600,
      "LI": 1635231600,
      "S": 21087,
      "META": null
    },
    {
      "D": "todaysharing.com",
      "LOS": [
        "todaysharing.com"
      ],
      "Q": 465355,
      "A": 25378154,
      "U": 1000001,
      "M": 1000001,
      "Country": null,
      "FD": 1462834800,
      "LD": 1635145200,
      "FI": 1455103426,
      "LI": 1635145200,
      "S": 147,
      "META": null
    }
  ]
}