{
  "Identifers": [
    {
      "Value": "IP-52.161.96.193",
      "Matches": [
        {
          "Domain": "servicesource.com",
          "First": 1506380400000,
          "Last": 1519945200000
        },
        {
          "Domain": "myinnovage.org",
          "First": 1509490800000,
          "Last": 1635194235903
        },
        {
          "Domain": "turborater.com",
          "First": 1513033200000,
          "Last": 1513033200000
        },
        {
          "Domain": "getitc.com",
          "First": 1513033200000,
          "Last": 1513033200000
        },
        {
          "Domain": "shoppity.azurewebsites.net",
          "First": 1513033200000,
          "Last": 1515193200000
        },
        {
          "Domain": "virtocommerce.com",
          "First": 1532991600000,
          "Last": 1535569906129
        },
        {
          "Domain": "survey-me.com",
          "First": 1532851575608,
          "Last": 1578213729950
        },
        {
          "Domain": "findaforestryjob.com",
          "First": 1533015716088,
          "Last": 1630780456848
        },
        {
          "Domain": "winebid.com",
          "First": 1532991600000,
          "Last": 1628080677359
        },
        {
          "Domain": "baileysallied.com",
          "First": 1533399503263,
          "Last": 1586936536844
        },
        {
          "Domain": "husqvarnacp.com",
          "First": 1534762928073,
          "Last": 1534762928073
        },
        {
          "Domain": "lumagatena.com",
          "First": 1533764133191,
          "Last": 1551396736879
        },
        {
          "Domain": "cpc-oscar.org",
          "First": 1534303737708,
          "Last": 1629910498922
        },
        {
          "Domain": "cpc-charlar.org",
          "First": 1534303737708,
          "Last": 1629910498922
        },
        {
          "Domain": "fantasy.ski",
          "First": 1534573926996,
          "Last": 1630702424809
        },
        {
          "Domain": "fencelinepro.com",
          "First": 1534596521547,
          "Last": 1630754998964
        },
        {
          "Domain": "findalandscapingjob.com",
          "First": 1534615613021,
          "Last": 1630779709862
        },
        {
          "Domain": "findageologyjob.com",
          "First": 1534615613021,
          "Last": 1620385031872
        },
        {
          "Domain": "findanengineerjob.com",
          "First": 1534615613021,
          "Last": 1620385031872
        },
        {
          "Domain": "findaminingjob.com",
          "First": 1534615613021,
          "Last": 1630779709862
        },
        {
          "Domain": "findanoilgasjob.com",
          "First": 1534615613021,
          "Last": 1630779996700
        },
        {
          "Domain": "findatreejob.com",
          "First": 1534615613021,
          "Last": 1606622602760
        },
        {
          "Domain": "leaktrackerpro.com",
          "First": 1534933001230,
          "Last": 1632310339667
        },
        {
          "Domain": "aestax.com",
          "First": 1535779546532,
          "Last": 1612915221833
        },
        {
          "Domain": "comphelp2000.com",
          "First": 1536345126788,
          "Last": 1619723496263
        },
        {
          "Domain": "eccv.org",
          "First": 1536673330844,
          "Last": 1584436007303
        },
        {
          "Domain": "myinnovage.com",
          "First": 1537724975441,
          "Last": 1633013491246
        },
        {
          "Domain": "nidec-fieldhawk.com",
          "First": 1537795236142,
          "Last": 1633109880811
        },
        {
          "Domain": "pelotonimports.com",
          "First": 1537984263866,
          "Last": 1633298080673
        },
        {
          "Domain": "t51innovation.com",
          "First": 1538694235951,
          "Last": 1544539398460
        },
        {
          "Domain": "wbhk.co",
          "First": 1539167622802,
          "Last": 1634925042003
        },
        {
          "Domain": "wepassit.com",
          "First": 1539199289690,
          "Last": 1573725968286
        },
        {
          "Domain": "winebid.tw",
          "First": 1539241375539,
          "Last": 1634964239496
        },
        {
          "Domain": "winebid.hk",
          "First": 1539241375539,
          "Last": 1599494001304
        },
        {
          "Domain": "winebid.jp",
          "First": 1539241375539,
          "Last": 1634964239496
        },
        {
          "Domain": "winebid.sg",
          "First": 1539241375539,
          "Last": 1634964239496
        },
        {
          "Domain": "winebid.pro",
          "First": 1539241375539,
          "Last": 1634964239496
        },
        {
          "Domain": "winebid.us",
          "First": 1539241375539,
          "Last": 1634964239496
        },
        {
          "Domain": "winebid.biz",
          "First": 1539241375539,
          "Last": 1634964239496
        },
        {
          "Domain": "winebidintl.com",
          "First": 1539243913497,
          "Last": 1634966029494
        },
        {
          "Domain": "wisesoft.co.uk",
          "First": 1539520025384,
          "Last": 1608228073283
        },
        {
          "Domain": "chrisholdsworth.ca",
          "First": 1540503402830,
          "Last": 1629543691696
        },
        {
          "Domain": "ezwinebid.net",
          "First": 1541113829961,
          "Last": 1630658275626
        },
        {
          "Domain": "ezwinebid.com",
          "First": 1541113829961,
          "Last": 1630658275626
        },
        {
          "Domain": "housefamilyco.com",
          "First": 1541696275461,
          "Last": 1631605783270
        },
        {
          "Domain": "ilendingdirectdms.com",
          "First": 1541762420656,
          "Last": 1610979952192
        },
        {
          "Domain": "peakhub.net",
          "First": 1543414242589,
          "Last": 1566816468811
        },
        {
          "Domain": "renewmotionuhc.com",
          "First": 1543684400786,
          "Last": 1572547964842
        },
        {
          "Domain": "cpe4ucolorado.com",
          "First": 1546055432821,
          "Last": 1614931200000
        },
        {
          "Domain": "clean-sweep.com",
          "First": 1547996153376,
          "Last": 1629680528114
        },
        {
          "Domain": "gconnectapp.com",
          "First": 1549602816058,
          "Last": 1597443978522
        },
        {
          "Domain": "glucosemanagementprogram.com",
          "First": 1549684751721,
          "Last": 1631097997695
        },
        {
          "Domain": "glucosemonitoringprogram.com",
          "First": 1549684751721,
          "Last": 1584707367480
        },
        {
          "Domain": "lgpickpayride.com",
          "First": 1551242556628,
          "Last": 1632340848688
        },
        {
          "Domain": "myteamschutt.com",
          "First": 1551889514577,
          "Last": 1633045034253
        },
        {
          "Domain": "ninatoyita.com",
          "First": 1552035944717,
          "Last": 1614672000000
        },
        {
          "Domain": "qingyun.io",
          "First": 1552778572786,
          "Last": 1607590834118
        },
        {
          "Domain": "vie13.com",
          "First": 1554439241142,
          "Last": 1586285172607
        },
        {
          "Domain": "wbhk.asia",
          "First": 1554572012858,
          "Last": 1634925042003
        },
        {
          "Domain": "winebidintl.asia",
          "First": 1554663567130,
          "Last": 1634966029494
        },
        {
          "Domain": "winebidhk.asia",
          "First": 1554661254530,
          "Last": 1634963957954
        },
        {
          "Domain": "winebidhk.co",
          "First": 1554661254530,
          "Last": 1634963957954
        },
        {
          "Domain": "winebidhk.net",
          "First": 1554661254530,
          "Last": 1634963957954
        },
        {
          "Domain": "winebidhk.com",
          "First": 1554661254530,
          "Last": 1634963957954
        },
        {
          "Domain": "wine-bid.com",
          "First": 1554660949951,
          "Last": 1634964239496
        },
        {
          "Domain": "winebid.info",
          "First": 1554660949951,
          "Last": 1634964052952
        },
        {
          "Domain": "winebid.co",
          "First": 1554660949951,
          "Last": 1634964239496
        },
        {
          "Domain": "winebid.net",
          "First": 1554660949951,
          "Last": 1634964239496
        },
        {
          "Domain": "winebid.org",
          "First": 1554660949951,
          "Last": 1634964239496
        },
        {
          "Domain": "winesbid.com",
          "First": 1554660949951,
          "Last": 1634963456484
        },
        {
          "Domain": "winesbid.net",
          "First": 1554660949951,
          "Last": 1634963456484
        },
        {
          "Domain": "scoutanalytics.com",
          "First": 1555019206531,
          "Last": 1590097632703
        },
        {
          "Domain": "bidonwine.com",
          "First": 1555732480929,
          "Last": 1629007552778
        },
        {
          "Domain": "ccnsport.com",
          "First": 1555935278284,
          "Last": 1584155489207
        },
        {
          "Domain": "cryptrilla.com",
          "First": 1556111330153,
          "Last": 1629971632456
        },
        {
          "Domain": "evktest007.xyz",
          "First": 1556574905412,
          "Last": 1556574905412
        },
        {
          "Domain": "giordanakitbuilder.com",
          "First": 1556834135092,
          "Last": 1624956737852
        },
        {
          "Domain": "gmtdevstudio.com",
          "First": 1556855494753,
          "Last": 1597475394288
        },
        {
          "Domain": "hyundaiworkbook.com",
          "First": 1557103947684,
          "Last": 1631647868742
        },
        {
          "Domain": "pedestalcommodity.com",
          "First": 1558299828300,
          "Last": 1566819098077
        },
        {
          "Domain": "swber.com",
          "First": 1558881434481,
          "Last": 1627576592623
        },
        {
          "Domain": "403tech.com",
          "First": 1559628410544,
          "Last": 1588453646233
        },
        {
          "Domain": "byfordcrew.com",
          "First": 1560196548973,
          "Last": 1584120587146
        },
        {
          "Domain": "trgsec.com",
          "First": 1563163638858,
          "Last": 1608025146128
        },
        {
          "Domain": "quemaje.com",
          "First": 1566996140460,
          "Last": 1566996140460
        },
        {
          "Domain": "duffystavernslc.com",
          "First": 1569964076137,
          "Last": 1630406614134
        },
        {
          "Domain": "esp-ernesthealth.com",
          "First": 1570159261738,
          "Last": 1630602550984
        },
        {
          "Domain": "fluxborn.net",
          "First": 1575882513678,
          "Last": 1575882513678
        },
        {
          "Domain": "figleafwms.com",
          "First": 1570285925444,
          "Last": 1606618804574
        },
        {
          "Domain": "lonelystep.com",
          "First": 1571529265184,
          "Last": 1598107904841
        },
        {
          "Domain": "myccsb.com",
          "First": 1571865511754,
          "Last": 1625837683668
        },
        {
          "Domain": "blitzz.co",
          "First": 1574896233253,
          "Last": 1574896233253
        },
        {
          "Domain": "bontragercustom.com",
          "First": 1574929012678,
          "Last": 1629081434131
        },
        {
          "Domain": "gig.tools",
          "First": 1576041514574,
          "Last": 1614917491716
        },
        {
          "Domain": "hunleylaw.com",
          "First": 1576360178746,
          "Last": 1584862149118
        },
        {
          "Domain": "evenkeelfunds.com",
          "First": 1581503415384,
          "Last": 1581503415384
        },
        {
          "Domain": "rewardme.app",
          "First": 1582815787575,
          "Last": 1598779450459
        },
        {
          "Domain": "milliman.com",
          "First": 1583621695471,
          "Last": 1635105308321
        },
        {
          "Domain": "eaglecounty.us",
          "First": 1588363351962,
          "Last": 1588363351962
        },
        {
          "Domain": "adroitpay.com",
          "First": 1588595495876,
          "Last": 1599820725845
        },
        {
          "Domain": "appraiserlog.com",
          "First": 1588651266007,
          "Last": 1628655897204
        },
        {
          "Domain": "bandorio.com",
          "First": 1588695603991,
          "Last": 1590429813200
        },
        {
          "Domain": "bidwine.com",
          "First": 1588722159926,
          "Last": 1629007868703
        },
        {
          "Domain": "calibrationkeeper.com",
          "First": 1588777273865,
          "Last": 1629195545956
        },
        {
          "Domain": "coloranchers.com",
          "First": 1588844326210,
          "Last": 1606151592388
        },
        {
          "Domain": "coranchers.com",
          "First": 1588857868442,
          "Last": 1606210331886
        },
        {
          "Domain": "coranchers.net",
          "First": 1588858703488,
          "Last": 1629892041568
        },
        {
          "Domain": "easywinebid.com",
          "First": 1588954465805,
          "Last": 1630431600491
        },
        {
          "Domain": "easywinebid.net",
          "First": 1588954465805,
          "Last": 1630431600491
        },
        {
          "Domain": "findjobsnetwork.com",
          "First": 1589034909726,
          "Last": 1630780446053
        },
        {
          "Domain": "finewinebid.com",
          "First": 1589031280815,
          "Last": 1630778871469
        },
        {
          "Domain": "finewinebid.net",
          "First": 1589031280815,
          "Last": 1630778871469
        },
        {
          "Domain": "geomaticsportal.com",
          "First": 1589080726589,
          "Last": 1631030962257
        },
        {
          "Domain": "getsetscript.com",
          "First": 1589084793810,
          "Last": 1631045744188
        },
        {
          "Domain": "gigtools.net",
          "First": 1589091624621,
          "Last": 1615104000000
        },
        {
          "Domain": "goldviewhealth.com",
          "First": 1589101465734,
          "Last": 1631187207645
        },
        {
          "Domain": "lifesciencetechnologies.com",
          "First": 1589344574477,
          "Last": 1632348553124
        },
        {
          "Domain": "milliman.ie",
          "First": 1589436144262,
          "Last": 1598290650186
        },
        {
          "Domain": "millimantest.com",
          "First": 1589438158215,
          "Last": 1632894913978
        },
        {
          "Domain": "nyangaorganics.com",
          "First": 1589524148588,
          "Last": 1598450302109
        },
        {
          "Domain": "productocampesino.com",
          "First": 1589628780170,
          "Last": 1614672000000
        },
        {
          "Domain": "quesoscampesino.com",
          "First": 1589641955295,
          "Last": 1633515869288
        },
        {
          "Domain": "saltwaterplantedtank.com",
          "First": 1589707853503,
          "Last": 1633820247118
        },
        {
          "Domain": "sailsantamarta.com",
          "First": 1589708968263,
          "Last": 1607699656748
        },
        {
          "Domain": "scholasticforms.com",
          "First": 1589725268890,
          "Last": 1607723957942
        },
        {
          "Domain": "spoketraining.com",
          "First": 1589799258562,
          "Last": 1617469118946
        },
        {
          "Domain": "stansburyswim.com",
          "First": 1589803255420,
          "Last": 1634271506451
        },
        {
          "Domain": "sugoicustomorder.com",
          "First": 1589825447299,
          "Last": 1634350708685
        },
        {
          "Domain": "tiendaclaro.pe",
          "First": 1589894889589,
          "Last": 1599680950994
        },
        {
          "Domain": "syncmobilesafety.com",
          "First": 1589841577357,
          "Last": 1634396831131
        },
        {
          "Domain": "winebidinternational.com",
          "First": 1590015820465,
          "Last": 1634962893668
        },
        {
          "Domain": "winebidinternational.asia",
          "First": 1590015820465,
          "Last": 1634962893668
        },
        {
          "Domain": "winebidasia.com",
          "First": 1590017240776,
          "Last": 1634964286863
        },
        {
          "Domain": "winebidasia.net",
          "First": 1590017240776,
          "Last": 1634964286863
        },
        {
          "Domain": "winebidasia.asia",
          "First": 1590017240776,
          "Last": 1634964286863
        },
        {
          "Domain": "winebidasia.co",
          "First": 1590017240776,
          "Last": 1634964286863
        },
        {
          "Domain": "winebidder.com",
          "First": 1590016485579,
          "Last": 1634963204579
        },
        {
          "Domain": "winebidretail.com",
          "First": 1590017552246,
          "Last": 1634963922460
        },
        {
          "Domain": "winebidhongkong.co",
          "First": 1590019906956,
          "Last": 1634964634690
        },
        {
          "Domain": "winebidhongkong.com",
          "First": 1590019906956,
          "Last": 1634964634690
        },
        {
          "Domain": "winebidhongkong.net",
          "First": 1590019906956,
          "Last": 1634964634690
        },
        {
          "Domain": "winebidhongkong.asia",
          "First": 1590019906956,
          "Last": 1634964634690
        },
        {
          "Domain": "zcsapp.org",
          "First": 1590070334738,
          "Last": 1593890014008
        },
        {
          "Domain": "carvana2017.com",
          "First": 1590649933348,
          "Last": 1629221278012
        },
        {
          "Domain": "my-milliman.com",
          "First": 1592359015629,
          "Last": 1625861972482
        },
        {
          "Domain": "pimscarter.com.au",
          "First": 1592711581762,
          "Last": 1633337305079
        },
        {
          "Domain": "clinicaldiscoveryportal.com",
          "First": 1595726743228,
          "Last": 1629694619545
        },
        {
          "Domain": "webpos.heyy.one",
          "First": 1595959975234,
          "Last": 1620903578890
        },
        {
          "Domain": "portal.403tech.com",
          "First": 1596208496154,
          "Last": 1608497123075
        },
        {
          "Domain": "actuarialsoftware.com",
          "First": 1596264283512,
          "Last": 1628463439797
        },
        {
          "Domain": "quote.baileysallied.com",
          "First": 1596587430615,
          "Last": 1628875481151
        },
        {
          "Domain": "join.blitzz.co",
          "First": 1596675138982,
          "Last": 1629051083386
        },
        {
          "Domain": "sherlook.blitzz.co",
          "First": 1596675138982,
          "Last": 1629050801297
        },
        {
          "Domain": "devfd.blitzz.co",
          "First": 1596675418592,
          "Last": 1629051083386
        },
        {
          "Domain": "web.blitzz.co",
          "First": 1596675418592,
          "Last": 1618972599978
        },
        {
          "Domain": "clients.cartlogic.com",
          "First": 1596811143024,
          "Last": 1629229621583
        },
        {
          "Domain": "teamstore.ccnsport.com",
          "First": 1596832530338,
          "Last": 1629344364476
        },
        {
          "Domain": "test.cpc-charlar.org",
          "First": 1596980629099,
          "Last": 1629910498922
        },
        {
          "Domain": "test.cpc-oscar.org",
          "First": 1596980629099,
          "Last": 1629910498922
        },
        {
          "Domain": "demo.cpc-oscar.org",
          "First": 1596980629099,
          "Last": 1629910498922
        },
        {
          "Domain": "idaho.cpc-oscar.org",
          "First": 1596980629099,
          "Last": 1629910498922
        },
        {
          "Domain": "idahotest.cpc-oscar.org",
          "First": 1596980629099,
          "Last": 1629910498922
        },
        {
          "Domain": "test.srv2.cpc-oscar.org",
          "First": 1596980629099,
          "Last": 1629910498922
        },
        {
          "Domain": "cvfarms.co",
          "First": 1600605294514,
          "Last": 1624436261515
        },
        {
          "Domain": "freerangechicksbookclub.com",
          "First": 1597415643603,
          "Last": 1624897968309
        },
        {
          "Domain": "maryhayesphotography.com",
          "First": 1598160765353,
          "Last": 1607260104623
        },
        {
          "Domain": "millimanrps.com",
          "First": 1598294368033,
          "Last": 1632894069322
        },
        {
          "Domain": "mypmauto.com",
          "First": 1598372756216,
          "Last": 1633040919825
        },
        {
          "Domain": "nucall.nueyes.com",
          "First": 1598444485769,
          "Last": 1622155240508
        },
        {
          "Domain": "schrammpatent.com",
          "First": 1598868707713,
          "Last": 1633869795183
        },
        {
          "Domain": "edge.uptimehealth.com",
          "First": 1599300242749,
          "Last": 1627762077371
        },
        {
          "Domain": "teletech.uptimehealth.com",
          "First": 1599300242749,
          "Last": 1627762077371
        },
        {
          "Domain": "orders.vie13.com",
          "First": 1599338861844,
          "Last": 1634845039169
        },
        {
          "Domain": "live.virtualsiteinspections.com",
          "First": 1599349468194,
          "Last": 1627825545212
        },
        {
          "Domain": "nycem-notifynycmobile-aa-2.cityofnewyork.us",
          "First": 1599653745231,
          "Last": 1628083832786
        },
        {
          "Domain": "nycem-notifynycmobile-aa-2-stg.cityofnewyork.us",
          "First": 1599653745231,
          "Last": 1628083832786
        },
        {
          "Domain": "specialevents.cabq.gov",
          "First": 1599653974016,
          "Last": 1623495016969
        },
        {
          "Domain": "openbook.eaglecounty.us",
          "First": 1599655662458,
          "Last": 1635109839230
        },
        {
          "Domain": "medinsight.milliman.com",
          "First": 1599656143822,
          "Last": 1635105308321
        },
        {
          "Domain": "specialevents.norwalkct.org",
          "First": 1599657912256,
          "Last": 1635105144132
        },
        {
          "Domain": "k770.husqvarnacp.com",
          "First": 1599660035096,
          "Last": 1628090119537
        },
        {
          "Domain": "esp.ernesthealth.com",
          "First": 1599665024672,
          "Last": 1635108847445
        },
        {
          "Domain": "payments.txkusa.org",
          "First": 1599671722027,
          "Last": 1635134337339
        },
        {
          "Domain": "my.wooly.com",
          "First": 1599680148476,
          "Last": 1635198365321
        },
        {
          "Domain": "app.wooly.com",
          "First": 1599680148476,
          "Last": 1635198365321
        },
        {
          "Domain": "identityapi.ikonpass.com",
          "First": 1599680099492,
          "Last": 1635213528399
        },
        {
          "Domain": "queueapi.ikonpass.com",
          "First": 1599680099492,
          "Last": 1608430485167
        },
        {
          "Domain": "barclayschat.resourcesolutions.com",
          "First": 1599682654670,
          "Last": 1618264793293
        },
        {
          "Domain": "staging.joingroups.com",
          "First": 1599699401660,
          "Last": 1599699401660
        },
        {
          "Domain": "cc.joingroups.com",
          "First": 1599699401660,
          "Last": 1599699401660
        },
        {
          "Domain": "iipsys.com",
          "First": 1601301541601,
          "Last": 1610975155595
        },
        {
          "Domain": "xantrion.immy.bot",
          "First": 1601306830836,
          "Last": 1631706671874
        },
        {
          "Domain": "marariskadjustment.com",
          "First": 1601989567253,
          "Last": 1632752910762
        },
        {
          "Domain": "microsoftstartups.cn",
          "First": 1602074777312,
          "Last": 1602074777312
        },
        {
          "Domain": "millimanmara.com",
          "First": 1602095917033,
          "Last": 1632894116532
        },
        {
          "Domain": "mypmapi.com",
          "First": 1602220406873,
          "Last": 1633041846762
        },
        {
          "Domain": "playpicross.com",
          "First": 1602608790972,
          "Last": 1616752997100
        },
        {
          "Domain": "pocanticohillsfd.com",
          "First": 1602613524486,
          "Last": 1616748011309
        },
        {
          "Domain": "sinsofflux.com",
          "First": 1603196367155,
          "Last": 1634023768963
        },
        {
          "Domain": "visidat.biz",
          "First": 1603715577379,
          "Last": 1634856782997
        },
        {
          "Domain": "home2.blitzz.co",
          "First": 1604940089158,
          "Last": 1629050801297
        },
        {
          "Domain": "hmt.blitzz.co",
          "First": 1604940089158,
          "Last": 1629051083386
        },
        {
          "Domain": "getblitzz2.blitzz.co",
          "First": 1604940089158,
          "Last": 1629050801297
        },
        {
          "Domain": "2014annualreport.teamusa.org",
          "First": 1605086613334,
          "Last": 1628110326523
        },
        {
          "Domain": "2015annualreport.teamusa.org",
          "First": 1605093234174,
          "Last": 1628110326523
        },
        {
          "Domain": "watchlistsearch.alaskaair.com",
          "First": 1605099601011,
          "Last": 1628079985190
        },
        {
          "Domain": "xids.alaskaair.com",
          "First": 1605099601011,
          "Last": 1628074586797
        },
        {
          "Domain": "university.bhmginc.com",
          "First": 1605115556703,
          "Last": 1635135533134
        },
        {
          "Domain": "ambassador.wooly.com",
          "First": 1605144850958,
          "Last": 1635198365321
        },
        {
          "Domain": "bcw.motivatecloud.com",
          "First": 1605227115346,
          "Last": 1628168021413
        },
        {
          "Domain": "bagelbrands.com",
          "First": 1605740380502,
          "Last": 1608859002366
        },
        {
          "Domain": "comgas.blitzz.co",
          "First": 1605919102858,
          "Last": 1629051083386
        },
        {
          "Domain": "ceddrasanchez.com",
          "First": 1606081313091,
          "Last": 1629377703999
        },
        {
          "Domain": "chilenazochileanfood.com",
          "First": 1606104987461,
          "Last": 1629511696595
        },
        {
          "Domain": "chilenazo.net",
          "First": 1606106172425,
          "Last": 1629522313435
        },
        {
          "Domain": "coffeeandbagelyou.com",
          "First": 1606146312098,
          "Last": 1629785659691
        },
        {
          "Domain": "coop401kplan.com",
          "First": 1606205998147,
          "Last": 1629875759883
        },
        {
          "Domain": "einsteinnoah.com",
          "First": 1606481986630,
          "Last": 1630477743949
        },
        {
          "Domain": "getscreenedsma.com",
          "First": 1606714851685,
          "Last": 1631044528006
        },
        {
          "Domain": "integrate-solutions.com",
          "First": 1606921652629,
          "Last": 1631762874935
        },
        {
          "Domain": "blog.integrate-solutions.com",
          "First": 1606921652629,
          "Last": 1631762874935
        },
        {
          "Domain": "knowvaanalytics.com",
          "First": 1607047293543,
          "Last": 1632205411341
        },
        {
          "Domain": "sng.logicasport.com",
          "First": 1607179964958,
          "Last": 1632431033707
        },
        {
          "Domain": "macandmeatball.com",
          "First": 1607233972634,
          "Last": 1632585411909
        },
        {
          "Domain": "manhattanbagels.com",
          "First": 1607251684452,
          "Last": 1632717998887
        },
        {
          "Domain": "milliman.lu",
          "First": 1607308100474,
          "Last": 1632892432331
        },
        {
          "Domain": "mypayflower.world",
          "First": 1607361730393,
          "Last": 1633040014978
        },
        {
          "Domain": "newworldrestaurantgroup.com",
          "First": 1607394968157,
          "Last": 1633101379916
        },
        {
          "Domain": "powerofthebagel.com",
          "First": 1607560302133,
          "Last": 1626201571730
        },
        {
          "Domain": "schmearsociety.com",
          "First": 1607722180694,
          "Last": 1633870451592
        },
        {
          "Domain": "shmearsociety.com",
          "First": 1607757997777,
          "Last": 1633980031061
        },
        {
          "Domain": "sparkactuarial.com",
          "First": 1607811267104,
          "Last": 1634204355629
        },
        {
          "Domain": "squaresfundraiser.com",
          "First": 1607822127943,
          "Last": 1634255422761
        },
        {
          "Domain": "sscinspect.me",
          "First": 1607844598208,
          "Last": 1617474475684
        },
        {
          "Domain": "transcendence-kilrogg.com",
          "First": 1608018460035,
          "Last": 1608018460035
        },
        {
          "Domain": "careers.coffeeandbagels.com",
          "First": 1608371121392,
          "Last": 1628084054268
        },
        {
          "Domain": "locations.coffeeandbagels.com",
          "First": 1608371121392,
          "Last": 1628084054268
        },
        {
          "Domain": "aaprojects.me",
          "First": 1608536925482,
          "Last": 1628426341570
        },
        {
          "Domain": "careers.einsteinnoah.com",
          "First": 1609889597772,
          "Last": 1630477743949
        },
        {
          "Domain": "loki.eproval.com",
          "First": 1609957658332,
          "Last": 1630558155171
        },
        {
          "Domain": "musings.hjmiii.com",
          "First": 1610604095220,
          "Last": 1631556115677
        },
        {
          "Domain": "hydrosyng.com",
          "First": 1610909391741,
          "Last": 1631640615082
        },
        {
          "Domain": "innovage.com",
          "First": 1611050151812,
          "Last": 1631743441794
        },
        {
          "Domain": "shop.kitorder.com",
          "First": 1611369333999,
          "Last": 1632187849250
        },
        {
          "Domain": "giordanaprod.kitorder.com",
          "First": 1611369333999,
          "Last": 1632187849250
        },
        {
          "Domain": "hincapieprod.kitorder.com",
          "First": 1611369333999,
          "Last": 1632187849250
        },
        {
          "Domain": "vie13prod.kitorder.com",
          "First": 1611369333999,
          "Last": 1632187849250
        },
        {
          "Domain": "codesign.novotny.org",
          "First": 1611713345338,
          "Last": 1633148523500
        },
        {
          "Domain": "contribution.parkwaychristianfellowship.com",
          "First": 1611832734689,
          "Last": 1616573702890
        },
        {
          "Domain": "api.prixm.com",
          "First": 1611911788515,
          "Last": 1616804891600
        },
        {
          "Domain": "app.prixm.com",
          "First": 1611911788515,
          "Last": 1626218766445
        },
        {
          "Domain": "monitor.safeguard.systems",
          "First": 1612028113791,
          "Last": 1617170125007
        },
        {
          "Domain": "api.safeguard.systems",
          "First": 1612028113791,
          "Last": 1617170125007
        },
        {
          "Domain": "24x7.scramstage.com",
          "First": 1612057550843,
          "Last": 1633878015535
        },
        {
          "Domain": "shop.swixcustom.com",
          "First": 1612227553176,
          "Last": 1634388420558
        },
        {
          "Domain": "kitstore.thegarmentexchange.com",
          "First": 1612300669754,
          "Last": 1634518222996
        },
        {
          "Domain": "wisesoft.org.uk",
          "First": 1612625256420,
          "Last": 1623337575888
        },
        {
          "Domain": "rlecwd.epayub.com",
          "First": 1612877393763,
          "Last": 1635095081313
        },
        {
          "Domain": "spanaway-water.epayub.com",
          "First": 1612877393763,
          "Last": 1635095081313
        },
        {
          "Domain": "du.starrezhousing.com",
          "First": 1612879430871,
          "Last": 1635107625924
        },
        {
          "Domain": "shared.manhattanbagel.com",
          "First": 1612888992665,
          "Last": 1628072232427
        },
        {
          "Domain": "downloadapp.noahs.com",
          "First": 1612892197163,
          "Last": 1628089659528
        },
        {
          "Domain": "shared.noahs.com",
          "First": 1612892197163,
          "Last": 1628089659528
        },
        {
          "Domain": "careers.noahs.com",
          "First": 1612892197163,
          "Last": 1628089659528
        },
        {
          "Domain": "downloadapp.einsteinbros.com",
          "First": 1612899906338,
          "Last": 1628105369329
        },
        {
          "Domain": "shared.einsteinbros.com",
          "First": 1612899906338,
          "Last": 1628105369329
        },
        {
          "Domain": "telescope.galileo-camps.com",
          "First": 1612910587858,
          "Last": 1612910587858
        },
        {
          "Domain": "blog.myinnovage.org",
          "First": 1612924767722,
          "Last": 1635194235903
        },
        {
          "Domain": "jobs.myinnovage.org",
          "First": 1612924767722,
          "Last": 1635194235903
        },
        {
          "Domain": "order.hincapiecustom.com",
          "First": 1612925759141,
          "Last": 1635195217813
        },
        {
          "Domain": "api.wooly.com",
          "First": 1612937266361,
          "Last": 1635198365321
        },
        {
          "Domain": "demo.motivatecloud.com",
          "First": 1612947571654,
          "Last": 1628168021413
        },
        {
          "Domain": "stargate.weyer.com",
          "First": 1612955193183,
          "Last": 1635247837852
        },
        {
          "Domain": "clubs.2xuteamwear.com",
          "First": 1613045651960,
          "Last": 1628345978474
        },
        {
          "Domain": "qa.alt-payment.com",
          "First": 1613404882830,
          "Last": 1628579407157
        },
        {
          "Domain": "dentalactuarial.com",
          "First": 1614156336289,
          "Last": 1630098957987
        },
        {
          "Domain": "informatics-inc.com",
          "First": 1615390272014,
          "Last": 1631730139983
        },
        {
          "Domain": "clients.runamz.com",
          "First": 1617155687896,
          "Last": 1633789605619
        },
        {
          "Domain": "att.blitzz.sculptsoftdemo.in",
          "First": 1617265021466,
          "Last": 1633879630378
        },
        {
          "Domain": "slowapple.azurewebsites.net",
          "First": 1611302400000,
          "Last": 1614240000000
        },
        {
          "Domain": "wewbot.azurewebsites.net",
          "First": 1614326400000,
          "Last": 1614326400000
        },
        {
          "Domain": "downloadapp.brueggers.com",
          "First": 1614758400000,
          "Last": 1614758400000
        },
        {
          "Domain": "specialeventapplication.sandiego.gov",
          "First": 1611388800000,
          "Last": 1628113512466
        },
        {
          "Domain": "history.teamusa.org",
          "First": 1606118400000,
          "Last": 1610870400000
        },
        {
          "Domain": "coffeeandbagels.com",
          "First": 1618230596123,
          "Last": 1628084054268
        },
        {
          "Domain": "keykollege.minutekey.com",
          "First": 1618234137354,
          "Last": 1618234137354
        },
        {
          "Domain": "custom.zootsports.com",
          "First": 1618251735046,
          "Last": 1618251735046
        },
        {
          "Domain": "account.azure.com",
          "First": 1618253396208,
          "Last": 1618253396208
        },
        {
          "Domain": "experlogix.com",
          "First": 1611043200000,
          "Last": 1618383600000
        },
        {
          "Domain": "specialevents.aurora-il.org",
          "First": 1614240000000,
          "Last": 1614240000000
        },
        {
          "Domain": "clintonwaterdistrict.azurewebsites.net",
          "First": 1614326400000,
          "Last": 1614326400000
        },
        {
          "Domain": "wisesoft.azurewebsites.net",
          "First": 1614240000000,
          "Last": 1614240000000
        },
        {
          "Domain": "survey.avii.com",
          "First": 1614326400000,
          "Last": 1614326400000
        },
        {
          "Domain": "patrickablog.azurewebsites.net",
          "First": 1614499200000,
          "Last": 1614499200000
        },
        {
          "Domain": "ensa.edu.co",
          "First": 1620264276367,
          "Last": 1630544070151
        },
        {
          "Domain": "ppr.louisgarneau.com",
          "First": 1614585600000,
          "Last": 1632470164528
        },
        {
          "Domain": "na1.fireapps.net",
          "First": 1620389030475,
          "Last": 1630811346134
        },
        {
          "Domain": "pbhmd.epayub.com",
          "First": 1614844800000,
          "Last": 1614844800000
        },
        {
          "Domain": "kns.immy.bot",
          "First": 1621091925545,
          "Last": 1621091925545
        },
        {
          "Domain": "register.intouchpay.com",
          "First": 1621133322787,
          "Last": 1621133322787
        },
        {
          "Domain": "customermasterapiuat.microsoftoem.net",
          "First": 1621901565146,
          "Last": 1632882108135
        },
        {
          "Domain": "oem-reporting-coa-api.microsoftoem.net",
          "First": 1621901565146,
          "Last": 1632882108135
        },
        {
          "Domain": "odrrma-api.microsoftoem.net",
          "First": 1621901565146,
          "Last": 1632882108135
        },
        {
          "Domain": "oemactivation-api.microsoftoem.net",
          "First": 1621901565146,
          "Last": 1632882726333
        },
        {
          "Domain": "stargate-test.weyer.com",
          "First": 1623556131972,
          "Last": 1635247837852
        },
        {
          "Domain": "portal.gemstatestaffingjobs.net",
          "First": 1624936295071,
          "Last": 1631023180446
        },
        {
          "Domain": "orion2.microsoftoem.com",
          "First": 1625757438164,
          "Last": 1632882108135
        },
        {
          "Domain": "pricing.microsoftoem.com",
          "First": 1625757438164,
          "Last": 1632882108135
        },
        {
          "Domain": "orion2.microsoftoem.net",
          "First": 1625757438164,
          "Last": 1632882108135
        },
        {
          "Domain": "addresspayment.slcgov.com",
          "First": 1628070377458,
          "Last": 1635095455101
        },
        {
          "Domain": "api.sheetmusicdirect.com",
          "First": 1628072944545,
          "Last": 1635106454141
        },
        {
          "Domain": "api.chargeitpro.com",
          "First": 1628102404845,
          "Last": 1628102404845
        },
        {
          "Domain": "121order.com",
          "First": 1628224117582,
          "Last": 1628224117582
        },
        {
          "Domain": "welcome.blitzz.co",
          "First": 1629050801297,
          "Last": 1629051083386
        },
        {
          "Domain": "koding-kids.com",
          "First": 1632207112855,
          "Last": 1632207112855
        },
        {
          "Domain": "usermanagement.microsoftoem.com",
          "First": 1632882108135,
          "Last": 1632882108135
        },
        {
          "Domain": "livevideoassistant.nwtel.ca",
          "First": 1633193239509,
          "Last": 1633193239509
        },
        {
          "Domain": "inspection.rackassure.co",
          "First": 1633526480632,
          "Last": 1633526480632
        },
        {
          "Domain": "rosewoodln.com",
          "First": 1633766097764,
          "Last": 1633766097764
        },
        {
          "Domain": "slcok.com",
          "First": 1634069237143,
          "Last": 1634069237143
        },
        {
          "Domain": "my-mastery.spoketraining.com",
          "First": 1634228098180,
          "Last": 1634228098180
        },
        {
          "Domain": "sbx-sc-cd.dbt.testbhealth.com",
          "First": 1634483172003,
          "Last": 1634483172003
        },
        {
          "Domain": "varlocustom.com",
          "First": 1634801390015,
          "Last": 1634801390015
        },
        {
          "Domain": "eproval.savannahga.gov",
          "First": 1635107405605,
          "Last": 1635107405605
        },
        {
          "Domain": "appointments.slc.gov",
          "First": 1635211864909,
          "Last": 1635211864909
        },
        {
          "Domain": "www-dixiepower.ptm-datasync.omicronenergy.com",
          "First": 1635258109912,
          "Last": 1635258109912
        }
      ]
    }
  ],
  "Errors": null
}