{
  "Identifers": [
    {
      "Value": "IP-52.7.69.64",
      "Matches": [
        {
          "Domain": "webdev.concertinitiative.com",
          "First": 1629876435166,
          "Last": 1629876435166
        },
        {
          "Domain": "concertinitiative.com",
          "First": 1624391628997,
          "Last": 1629876435166
        },
        {
          "Domain": "personalhealthvisit.com",
          "First": 1633303828908,
          "Last": 1633303828908
        },
        {
          "Domain": "inovalon.com",
          "First": 1623492807783,
          "Last": 1623492807783
        }
      ]
    }
  ],
  "Errors": null
}