{
  "NextOffset": "END",
  "Results": [
    {
      "D": "ny.gov",
      "LOS": [
        "nytalentbank.labor.ny.gov/*"
      ],
      "Q": 422,
      "A": 1680,
      "U": 2648,
      "M": 545,
      "Country": null,
      "FD": 1467327600,
      "LD": 1634540400,
      "FI": 1191189600,
      "LI": 1634886000,
      "S": 44711,
      "META": null
    },
    {
      "D": "cox.net",
      "LOS": [
        "wsip-70-166-231-218.ks.ks.cox.net"
      ],
      "Q": 465,
      "A": 5882,
      "U": 2925,
      "M": 4648,
      "Country": null,
      "FD": 1605081600,
      "LD": 1628060400,
      "FI": 1136070000,
      "LI": 1634799600,
      "S": 7900,
      "META": null
    },
    {
      "D": "theadvocate.com",
      "LOS": [
        "forms.theadvocate.com"
      ],
      "Q": 544,
      "A": 299959,
      "U": 24475,
      "M": 4043,
      "Country": null,
      "FD": 1394761689,
      "LD": 1634540400,
      "FI": 1320584400,
      "LI": 1634626800,
      "S": 13002,
      "META": null
    },
    {
      "D": "totalwine.com",
      "LOS": [
        "remote.totalwine.com/*"
      ],
      "Q": 917,
      "A": 310034,
      "U": 9177,
      "M": 21863,
      "Country": null,
      "FD": 1555023600,
      "LD": 1633417200,
      "FI": 1294059600,
      "LI": 1634799600,
      "S": 12399,
      "META": null
    },
    {
      "D": "cengage.com",
      "LOS": [
        "chilton.cengage.com",
        "trainingbay.cengage.com"
      ],
      "Q": 1228,
      "A": 5270,
      "U": 3310,
      "M": 5652,
      "Country": null,
      "FD": 1387148400,
      "LD": 1634799600,
      "FI": 1192053600,
      "LI": 1634799600,
      "S": 24886,
      "META": null
    },
    {
      "D": "carters.com",
      "LOS": [
        "weborders.carters.com",
        "supplier.carters.com/*"
      ],
      "Q": 1299,
      "A": 306496,
      "U": 6647,
      "M": 15484,
      "Country": null,
      "FD": 1387148400,
      "LD": 1634540400,
      "FI": 1294059600,
      "LI": 1634799600,
      "S": 86081,
      "META": null
    },
    {
      "D": "betonline.ag",
      "LOS": [
        "betonline.ag"
      ],
      "Q": 1446,
      "A": 431978,
      "U": 52691,
      "M": 61398,
      "Country": null,
      "FD": 1385679600,
      "LD": 1629183600,
      "FI": 1336744800,
      "LI": 1634886000,
      "S": 3275,
      "META": null
    },
    {
      "D": "technologyreview.com",
      "LOS": [
        "technologyreview.com"
      ],
      "Q": 1511,
      "A": 1114,
      "U": 18390,
      "M": 539,
      "Country": null,
      "FD": 1507244400,
      "LD": 1634540400,
      "FI": 951778800,
      "LI": 1634799600,
      "S": 17168,
      "META": null
    },
    {
      "D": "tn.gov",
      "LOS": [
        "sgssos.tn.gov"
      ],
      "Q": 1909,
      "A": 7575,
      "U": 12998,
      "M": 2481,
      "Country": null,
      "FD": 1458601200,
      "LD": 1634540400,
      "FI": 1022882400,
      "LI": 1634886000,
      "S": 22262,
      "META": null
    },
    {
      "D": "buffalowildwings.com",
      "LOS": [
        "zhubfranchise.buffalowildwings.com/*"
      ],
      "Q": 1976,
      "A": 15558,
      "U": 14693,
      "M": 14786,
      "Country": null,
      "FD": 1555023600,
      "LD": 1634540400,
      "FI": 1294059600,
      "LI": 1634799600,
      "S": 5535,
      "META": null
    },
    {
      "D": "nationalgridus.com",
      "LOS": [
        "gtis-qa.nationalgridus.com/*"
      ],
      "Q": 2103,
      "A": 30230,
      "U": 28588,
      "M": 32501,
      "Country": null,
      "FD": 1593730800,
      "LD": 1623481200,
      "FI": 1294059600,
      "LI": 1634799600,
      "S": 50380,
      "META": null
    },
    {
      "D": "buyerlink.com",
      "LOS": [
        "foreclosures.buyerlink.com",
        "local.buyerlink.com",
        "contractors.buyerlink.com"
      ],
      "Q": 2543,
      "A": 7559808,
      "U": 68341,
      "M": 1000001,
      "Country": null,
      "FD": 1606291200,
      "LD": 1633244400,
      "FI": 1446678000,
      "LI": 1633935600,
      "S": 10282,
      "META": null
    },
    {
      "D": "colorado.gov",
      "LOS": [
        "tracer.sos.colorado.gov/*"
      ],
      "Q": 2562,
      "A": 2527,
      "U": 25161,
      "M": 1809,
      "Country": null,
      "FD": 1555023600,
      "LD": 1634540400,
      "FI": 1001368800,
      "LI": 1634886000,
      "S": 3791,
      "META": null
    },
    {
      "D": "clevelandbrowns.com",
      "LOS": [
        "bestfans.clevelandbrowns.com"
      ],
      "Q": 2892,
      "A": 310810,
      "U": 44474,
      "M": 24372,
      "Country": null,
      "FD": 1555023600,
      "LD": 1627196400,
      "FI": 1294059600,
      "LI": 1634799600,
      "S": 8428,
      "META": null
    },
    {
      "D": "consumersenergy.com",
      "LOS": [
        "consumersenergy.com/*"
      ],
      "Q": 3029,
      "A": 370809,
      "U": 38387,
      "M": 58886,
      "Country": null,
      "FD": 1533510000,
      "LD": 1633244400,
      "FI": 1294059600,
      "LI": 1634799600,
      "S": 30581,
      "META": null
    },
    {
      "D": "clarityelections.com",
      "LOS": [
        "johnson-ks.training.clarityelections.com"
      ],
      "Q": 3234,
      "A": 360619,
      "U": 41986,
      "M": 44678,
      "Country": null,
      "FD": 1530572400,
      "LD": 1623394800,
      "FI": 1294059600,
      "LI": 1634540400,
      "S": 1304,
      "META": null
    },
    {
      "D": "cbn.com",
      "LOS": [
        "cbn.com"
      ],
      "Q": 3581,
      "A": 3977,
      "U": 19737,
      "M": 2984,
      "Country": null,
      "FD": 1385679600,
      "LD": 1634540400,
      "FI": 971820000,
      "LI": 1634799600,
      "S": 21242,
      "META": null
    },
    {
      "D": "bissell.com",
      "LOS": [
        "bissell.com"
      ],
      "Q": 3629,
      "A": 359999,
      "U": 32727,
      "M": 45410,
      "Country": null,
      "FD": 1385679600,
      "LD": 1634799600,
      "FI": 1294059600,
      "LI": 1634799600,
      "S": 54868,
      "META": null
    },
    {
      "D": "blackbaudhosting.com",
      "LOS": [
        "15504faweb.blackbaudhosting.com/*"
      ],
      "Q": 3842,
      "A": 305530,
      "U": 9750,
      "M": 14269,
      "Country": null,
      "FD": 1533510000,
      "LD": 1633244400,
      "FI": 1367676000,
      "LI": 1634799600,
      "S": 8807,
      "META": null
    },
    {
      "D": "centerpointenergy.com",
      "LOS": [
        "info.centerpointenergy.com/*"
      ],
      "Q": 3937,
      "A": 349662,
      "U": 22881,
      "M": 36179,
      "Country": null,
      "FD": 1512342000,
      "LD": 1623481200,
      "FI": 1294059600,
      "LI": 1634799600,
      "S": 24583,
      "META": null
    },
    {
      "D": "truevalue.com",
      "LOS": [
        "vendor.truevalue.com"
      ],
      "Q": 4018,
      "A": 28935,
      "U": 23496,
      "M": 20965,
      "Country": null,
      "FD": 1387148400,
      "LD": 1634540400,
      "FI": 1294059600,
      "LI": 1634799600,
      "S": 11140,
      "META": null
    },
    {
      "D": "ourlads.com",
      "LOS": [
        "ourlads.com"
      ],
      "Q": 4240,
      "A": 384644,
      "U": 77089,
      "M": 239089,
      "Country": null,
      "FD": 1385679600,
      "LD": 1633935600,
      "FI": 1129154400,
      "LI": 1633935600,
      "S": 47,
      "META": null
    },
    {
      "D": "nebraska.gov",
      "LOS": [
        "myvr.nebraska.gov"
      ],
      "Q": 4380,
      "A": 9787,
      "U": 25486,
      "M": 4387,
      "Country": null,
      "FD": 1447196400,
      "LD": 1633417200,
      "FI": 1294059600,
      "LI": 1634799600,
      "S": 4475,
      "META": null
    },
    {
      "D": "treasury.gov",
      "LOS": [
        "treasury.gov"
      ],
      "Q": 4426,
      "A": 558,
      "U": 9984,
      "M": 551,
      "Country": null,
      "FD": 1385679600,
      "LD": 1634540400,
      "FI": 971733600,
      "LI": 1634799600,
      "S": 28803,
      "META": null
    },
    {
      "D": "ohsu.edu",
      "LOS": [
        "archive.ohsu.edu/*"
      ],
      "Q": 4444,
      "A": 9067,
      "U": 24870,
      "M": 5363,
      "Country": null,
      "FD": 1411430400,
      "LD": 1634540400,
      "FI": 1294059600,
      "LI": 1634886000,
      "S": 10618,
      "META": null
    },
    {
      "D": "tufts.edu",
      "LOS": [
        "ase.tufts.edu"
      ],
      "Q": 4551,
      "A": 1963,
      "U": 24518,
      "M": 714,
      "Country": null,
      "FD": 1387148400,
      "LD": 1634540400,
      "FI": 1035324000,
      "LI": 1634799600,
      "S": 13986,
      "META": null
    },
    {
      "D": "njtransit.com",
      "LOS": [
        "aws-njtrh-test.njtransit.com/*",
        "aws-njtrh-uat.njtransit.com/*"
      ],
      "Q": 4772,
      "A": 20125,
      "U": 35811,
      "M": 20812,
      "Country": null,
      "FD": 1623481200,
      "LD": 1623740400,
      "FI": 1294059600,
      "LI": 1634799600,
      "S": 2025,
      "META": null
    },
    {
      "D": "nra.org",
      "LOS": [
        "nra.org"
      ],
      "Q": 4840,
      "A": 11063,
      "U": 25291,
      "M": 8648,
      "Country": null,
      "FD": 1467068400,
      "LD": 1633158000,
      "FI": 1294059600,
      "LI": 1634799600,
      "S": 4580,
      "META": null
    },
    {
      "D": "bloodhorse.com",
      "LOS": [
        "cs.bloodhorse.com",
        "subscribe.bloodhorse.com"
      ],
      "Q": 5019,
      "A": 16902,
      "U": 73628,
      "M": 28342,
      "Country": null,
      "FD": 1394590166,
      "LD": 1633935600,
      "FI": 1294059600,
      "LI": 1634626800,
      "S": 9621,
      "META": null
    },
    {
      "D": "kingcounty.gov",
      "LOS": [
        "ingress.kingcounty.gov",
        "ingress2.kingcounty.gov/*"
      ],
      "Q": 5209,
      "A": 3280,
      "U": 31643,
      "M": 6359,
      "Country": null,
      "FD": 1395172723,
      "LD": 1634540400,
      "FI": 1294059600,
      "LI": 1634799600,
      "S": 23268,
      "META": null
    },
    {
      "D": "timetrade.com",
      "LOS": [
        "securegateway.timetrade.com/*"
      ],
      "Q": 5386,
      "A": 12857,
      "U": 9799,
      "M": 20218,
      "Country": null,
      "FD": 1597734000,
      "LD": 1633244400,
      "FI": 1294059600,
      "LI": 1634886000,
      "S": 7124,
      "META": null
    },
    {
      "D": "thestar.com.my",
      "LOS": [
        "eservice.thestar.com.my"
      ],
      "Q": 5571,
      "A": 841,
      "U": 20273,
      "M": 1683,
      "Country": null,
      "FD": 1386204565,
      "LD": 1633244400,
      "FI": 1003788000,
      "LI": 1634799600,
      "S": 1462,
      "META": null
    },
    {
      "D": "nhra.com",
      "LOS": [
        "promod.nhra.com",
        "techconn.nhra.com/*"
      ],
      "Q": 5618,
      "A": 316805,
      "U": 56005,
      "M": 31683,
      "Country": null,
      "FD": 1555023600,
      "LD": 1634540400,
      "FI": 1294059600,
      "LI": 1634799600,
      "S": 1714,
      "META": null
    },
    {
      "D": "ks.gov",
      "LOS": [
        "dcf.ks.gov/*"
      ],
      "Q": 5802,
      "A": 300958,
      "U": 23076,
      "M": 7123,
      "Country": null,
      "FD": 1467241200,
      "LD": 1634540400,
      "FI": 1458169200,
      "LI": 1634799600,
      "S": 15237,
      "META": null
    },
    {
      "D": "bigotires.com",
      "LOS": [
        "bigotires.com"
      ],
      "Q": 5923,
      "A": 71490,
      "U": 74220,
      "M": 148111,
      "Country": null,
      "FD": 1386284400,
      "LD": 1634540400,
      "FI": 1159912800,
      "LI": 1634886000,
      "S": 18435,
      "META": null
    },
    {
      "D": "blackbaud.com",
      "LOS": [
        "ftp1.blackbaud.com/*",
        "bbeftp.blackbaud.com/*"
      ],
      "Q": 6134,
      "A": 2778,
      "U": 4564,
      "M": 13743,
      "Country": null,
      "FD": 1386204565,
      "LD": 1634540400,
      "FI": 1294059600,
      "LI": 1634799600,
      "S": 23701,
      "META": null
    },
    {
      "D": "ne.gov",
      "LOS": [
        "interpreter-referral-ncdhh.ne.gov"
      ],
      "Q": 6186,
      "A": 8987,
      "U": 28141,
      "M": 5544,
      "Country": null,
      "FD": 1467068400,
      "LD": 1630047600,
      "FI": 1458169200,
      "LI": 1634886000,
      "S": 10888,
      "META": null
    },
    {
      "D": "ole.com.ar",
      "LOS": [
        "ole.com.ar"
      ],
      "Q": 6224,
      "A": 6311,
      "U": 49636,
      "M": 19286,
      "Country": null,
      "FD": 1458601200,
      "LD": 1633935600,
      "FI": 1219874400,
      "LI": 1634626800,
      "S": 942,
      "META": null
    },
    {
      "D": "csulb.edu",
      "LOS": [
        "beachid.csulb.edu",
        "calendar.aa.csulb.edu/*",
        "webeoc.upd.csulb.edu/*"
      ],
      "Q": 6279,
      "A": 8629,
      "U": 58830,
      "M": 3392,
      "Country": null,
      "FD": 1533510000,
      "LD": 1634540400,
      "FI": 971733600,
      "LI": 1634799600,
      "S": 14042,
      "META": null
    },
    {
      "D": "ncaa.org",
      "LOS": [
        "media.ncaa.org",
        "files.ncaa.org/*"
      ],
      "Q": 6414,
      "A": 9741,
      "U": 28589,
      "M": 4054,
      "Country": null,
      "FD": 1489532400,
      "LD": 1634540400,
      "FI": 1294059600,
      "LI": 1634540400,
      "S": 7287,
      "META": null
    },
    {
      "D": "costcoauto.com",
      "LOS": [
        "costcoauto.com"
      ],
      "Q": 6514,
      "A": 488103,
      "U": 67754,
      "M": 221193,
      "Country": null,
      "FD": 1385679600,
      "LD": 1634022000,
      "FI": 1136242800,
      "LI": 1634540400,
      "S": 1972,
      "META": null
    },
    {
      "D": "ktvn.com",
      "LOS": [
        "upload.ktvn.com/*"
      ],
      "Q": 6656,
      "A": 326745,
      "U": 51023,
      "M": 10440,
      "Country": null,
      "FD": 1595026800,
      "LD": 1633244400,
      "FI": 1294059600,
      "LI": 1634540400,
      "S": 3950,
      "META": null
    },
    {
      "D": "trimble.com",
      "LOS": [
        "trimble.com"
      ],
      "Q": 6879,
      "A": 13946,
      "U": 10726,
      "M": 6067,
      "Country": null,
      "FD": 1526338800,
      "LD": 1634799600,
      "FI": 1294059600,
      "LI": 1634886000,
      "S": 57209,
      "META": null
    },
    {
      "D": "nh.gov",
      "LOS": [
        "nhvrin.sos.nh.gov"
      ],
      "Q": 7024,
      "A": 8587,
      "U": 24373,
      "M": 2836,
      "Country": null,
      "FD": 1458169200,
      "LD": 1634540400,
      "FI": 1159912800,
      "LI": 1634886000,
      "S": 16230,
      "META": null
    },
    {
      "D": "nova.edu",
      "LOS": [
        "nsubricks.nova.edu"
      ],
      "Q": 7297,
      "A": 13560,
      "U": 50419,
      "M": 4338,
      "Country": null,
      "FD": 1387148400,
      "LD": 1623826800,
      "FI": 1294059600,
      "LI": 1634799600,
      "S": 23271,
      "META": null
    },
    {
      "D": "chinesemenu.com",
      "LOS": [
        "chinesemenu.com"
      ],
      "Q": 7481,
      "A": 90008,
      "U": 108920,
      "M": 262983,
      "Country": null,
      "FD": 1385679600,
      "LD": 1634713200,
      "FI": 1294059600,
      "LI": 1634713200,
      "S": 7781,
      "META": null
    },
    {
      "D": "budgetblinds.com",
      "LOS": [
        "soe.budgetblinds.com"
      ],
      "Q": 7556,
      "A": 351047,
      "U": 115683,
      "M": 58779,
      "Country": null,
      "FD": 1533510000,
      "LD": 1634540400,
      "FI": 1294059600,
      "LI": 1634799600,
      "S": 8935,
      "META": null
    },
    {
      "D": "tylerhost.net",
      "LOS": [
        "ivisionsess.tylerhost.net/*"
      ],
      "Q": 7665,
      "A": 788404,
      "U": 6686,
      "M": 216018,
      "Country": null,
      "FD": 1625727600,
      "LD": 1625727600,
      "FI": 1422399600,
      "LI": 1634886000,
      "S": 3649,
      "META": null
    },
    {
      "D": "trimdownclub.com",
      "LOS": [
        "menugenerator.trimdownclub.com"
      ],
      "Q": 8175,
      "A": 1006603,
      "U": 1000001,
      "M": 801144,
      "Country": null,
      "FD": 1388957967,
      "LD": 1633244400,
      "FI": 1338472800,
      "LI": 1633935600,
      "S": 945,
      "META": null
    },
    {
      "D": "bcm.edu",
      "LOS": [
        "brain.bcm.edu/*",
        "gliogene.research.bcm.edu/*"
      ],
      "Q": 8199,
      "A": 11929,
      "U": 37725,
      "M": 7104,
      "Country": null,
      "FD": 1405638000,
      "LD": 1634540400,
      "FI": 1294059600,
      "LI": 1634799600,
      "S": 9922,
      "META": null
    },
    {
      "D": "trane.com",
      "LOS": [
        "trane.com"
      ],
      "Q": 8705,
      "A": 20985,
      "U": 13505,
      "M": 13424,
      "Country": null,
      "FD": 1385679600,
      "LD": 1634540400,
      "FI": 1294059600,
      "LI": 1634799600,
      "S": 27104,
      "META": null
    },
    {
      "D": "toro.com",
      "LOS": [
        "manageaccounts.toro.com"
      ],
      "Q": 8730,
      "A": 30520,
      "U": 68007,
      "M": 23282,
      "Country": null,
      "FD": 1389567600,
      "LD": 1634799600,
      "FI": 1294059600,
      "LI": 1634886000,
      "S": 35144,
      "META": null
    },
    {
      "D": "cmich.edu",
      "LOS": [
        "cmich.edu"
      ],
      "Q": 8733,
      "A": 15967,
      "U": 24152,
      "M": 8367,
      "Country": null,
      "FD": 1385679600,
      "LD": 1634540400,
      "FI": 1294059600,
      "LI": 1634799600,
      "S": 11863,
      "META": null
    },
    {
      "D": "cps.edu",
      "LOS": [
        "cps.edu"
      ],
      "Q": 8815,
      "A": 15060,
      "U": 42021,
      "M": 29874,
      "Country": null,
      "FD": 1385679600,
      "LD": 1628060400,
      "FI": 1294059600,
      "LI": 1634799600,
      "S": 11902,
      "META": null
    },
    {
      "D": "tulane.edu",
      "LOS": [
        "ems.lawmastercalendar.tulane.edu"
      ],
      "Q": 8862,
      "A": 6026,
      "U": 39757,
      "M": 3010,
      "Country": null,
      "FD": 1386204565,
      "LD": 1631775600,
      "FI": 951778800,
      "LI": 1634799600,
      "S": 13548,
      "META": null
    },
    {
      "D": "beachcamera.com",
      "LOS": [
        "wx.beachcamera.com/*"
      ],
      "Q": 8887,
      "A": 644519,
      "U": 92568,
      "M": 201881,
      "Country": null,
      "FD": 1563231600,
      "LD": 1634540400,
      "FI": 1294059600,
      "LI": 1634540400,
      "S": 8237,
      "META": null
    },
    {
      "D": "bojangles.com",
      "LOS": [
        "one.bojangles.com/*"
      ],
      "Q": 8917,
      "A": 37050,
      "U": 76023,
      "M": 76224,
      "Country": null,
      "FD": 1555023600,
      "LD": 1633244400,
      "FI": 951951600,
      "LI": 1634799600,
      "S": 7363,
      "META": null
    },
    {
      "D": "christies.com",
      "LOS": [
        "artist.christies.com",
        "artiststg.christies.com"
      ],
      "Q": 8937,
      "A": 6462,
      "U": 32146,
      "M": 2404,
      "Country": null,
      "FD": 1388957967,
      "LD": 1634886000,
      "FI": 1207346400,
      "LI": 1634886000,
      "S": 36257,
      "META": null
    },
    {
      "D": "nau.edu",
      "LOS": [
        "nau.edu"
      ],
      "Q": 8962,
      "A": 9871,
      "U": 31206,
      "M": 3705,
      "Country": null,
      "FD": 1385679600,
      "LD": 1634540400,
      "FI": 1294059600,
      "LI": 1634799600,
      "S": 9989,
      "META": null
    },
    {
      "D": "clarkcountynv.gov",
      "LOS": [
        "clarkcountynv.gov"
      ],
      "Q": 9000,
      "A": 321952,
      "U": 40166,
      "M": 28422,
      "Country": null,
      "FD": 1385679600,
      "LD": 1634540400,
      "FI": 1315144800,
      "LI": 1634799600,
      "S": 1483,
      "META": null
    },
    {
      "D": "bluesombrero.com",
      "LOS": [
        "premium.bluesombrero.com",
        "reviews.bluesombrero.com",
        "news.bluesombrero.com",
        "ssl.bluesombrero.com",
        "auth.bluesombrero.com",
        "help.bluesombrero.com",
        "m.bluesombrero.com",
        "login.bluesombrero.com",
        "2077044834947148273.bluesombrero.com",
        "179165638864143459.bluesombrero.com",
        "orts.bluesombrero.com",
        "outage.bluesombrero.com",
        "leauges.bluesombrero.com",
        "leages.bluesombrero.com",
        "thsq.bluesombrero.com"
      ],
      "Q": 9208,
      "A": 38713,
      "U": 9714,
      "M": 22817,
      "Country": null,
      "FD": 1387148400,
      "LD": 1634540400,
      "FI": 1294059600,
      "LI": 1634886000,
      "S": 5897,
      "META": null
    },
    {
      "D": "titantv.com",
      "LOS": [
        "titantv.com"
      ],
      "Q": 9614,
      "A": 38736,
      "U": 13373,
      "M": 156288,
      "Country": null,
      "FD": 1385679600,
      "LD": 1634540400,
      "FI": 1294059600,
      "LI": 1634540400,
      "S": 2765,
      "META": null
    },
    {
      "D": "cuyahogacounty.us",
      "LOS": [
        "cuyahogacounty.us"
      ],
      "Q": 9953,
      "A": 18546,
      "U": 13977,
      "M": 39850,
      "Country": null,
      "FD": 1385679600,
      "LD": 1634540400,
      "FI": 1294059600,
      "LI": 1634799600,
      "S": 5848,
      "META": null
    },
    {
      "D": "nursingworld.org",
      "LOS": [
        "nursingworld.org"
      ],
      "Q": 10300,
      "A": 13089,
      "U": 47574,
      "M": 8394,
      "Country": null,
      "FD": 1385679600,
      "LD": 1634540400,
      "FI": 1294059600,
      "LI": 1634799600,
      "S": 5537,
      "META": null
    },
    {
      "D": "kennedy-center.org",
      "LOS": [
        "identity.kennedy-center.org/*"
      ],
      "Q": 10514,
      "A": 14114,
      "U": 57118,
      "M": 4945,
      "Country": null,
      "FD": 1386204565,
      "LD": 1631775600,
      "FI": 1294059600,
      "LI": 1634799600,
      "S": 8711,
      "META": null
    },
    {
      "D": "cityfeet.com",
      "LOS": [
        "cityfeet.com"
      ],
      "Q": 10610,
      "A": 1236397,
      "U": 127031,
      "M": 200201,
      "Country": null,
      "FD": 1385679600,
      "LD": 1634799600,
      "FI": 1294059600,
      "LI": 1634799600,
      "S": 4510,
      "META": null
    },
    {
      "D": "newmexico.gov",
      "LOS": [
        "fta.prc.newmexico.gov"
      ],
      "Q": 10732,
      "A": 297447,
      "U": 71321,
      "M": 25437,
      "Country": null,
      "FD": 1611302400,
      "LD": 1628060400,
      "FI": 1294059600,
      "LI": 1634799600,
      "S": 991,
      "META": null
    },
    {
      "D": "nexon.com",
      "LOS": [
        "company.nexon.com",
        "ipstsbf.nexon.com/*"
      ],
      "Q": 10787,
      "A": 8483,
      "U": 13005,
      "M": 20149,
      "Country": null,
      "FD": 1386204565,
      "LD": 1634799600,
      "FI": 952124400,
      "LI": 1634799600,
      "S": 1080,
      "META": null
    },
    {
      "D": "cityofhope.org",
      "LOS": [
        "eventreg.cityofhope.org"
      ],
      "Q": 11138,
      "A": 299971,
      "U": 78582,
      "M": 21791,
      "Country": null,
      "FD": 1386204565,
      "LD": 1633244400,
      "FI": 1294059600,
      "LI": 1634886000,
      "S": 16968,
      "META": null
    },
    {
      "D": "kaiserpermanentejobs.org",
      "LOS": [
        "kaiserpermanentejobs.org"
      ],
      "Q": 11453,
      "A": 3117125,
      "U": 89668,
      "M": 261397,
      "Country": null,
      "FD": 1385679600,
      "LD": 1633244400,
      "FI": 1096581600,
      "LI": 1634799600,
      "S": 638,
      "META": null
    },
    {
      "D": "nashville.gov",
      "LOS": [
        "nashvillempotest.nashville.gov",
        "mws.nashville.gov/*",
        "eplanplanning.nashville.gov/*"
      ],
      "Q": 11497,
      "A": 12570,
      "U": 30830,
      "M": 14460,
      "Country": null,
      "FD": 1555023600,
      "LD": 1634540400,
      "FI": 1294059600,
      "LI": 1634799600,
      "S": 5091,
      "META": null
    },
    {
      "D": "cityofchicago.org",
      "LOS": [
        "ipiweb.cityofchicago.org/*",
        "datacap.cityofchicago.org/*"
      ],
      "Q": 11731,
      "A": 5054,
      "U": 58981,
      "M": 6179,
      "Country": null,
      "FD": 1595026800,
      "LD": 1634540400,
      "FI": 1294059600,
      "LI": 1634799600,
      "S": 644,
      "META": null
    },
    {
      "D": "orcinternational.com",
      "LOS": [
        "orcinternational.com"
      ],
      "Q": 11980,
      "A": 71682,
      "U": 290411,
      "M": 523032,
      "Country": null,
      "FD": 1385679600,
      "LD": 1634540400,
      "FI": 1338472800,
      "LI": 1634799600,
      "S": 3666,
      "META": null
    },
    {
      "D": "blackangus.com",
      "LOS": [
        "blackangus.com"
      ],
      "Q": 11995,
      "A": 1027281,
      "U": 1000001,
      "M": 158184,
      "Country": null,
      "FD": 1385679600,
      "LD": 1634540400,
      "FI": 1294059600,
      "LI": 1634799600,
      "S": 851,
      "META": null
    },
    {
      "D": "bankforeclosedlistings.com",
      "LOS": [
        "bankforeclosedlistings.com"
      ],
      "Q": 12097,
      "A": 27418199,
      "U": 1000001,
      "M": 1000001,
      "Country": null,
      "FD": 1385679600,
      "LD": 1633935600,
      "FI": 1294059600,
      "LI": 1633935600,
      "S": 723,
      "META": null
    },
    {
      "D": "therapeuticresearch.com",
      "LOS": [
        "therapeuticresearch.com"
      ],
      "Q": 12212,
      "A": 306260,
      "U": 44645,
      "M": 73468,
      "Country": null,
      "FD": 1385679600,
      "LD": 1633244400,
      "FI": 1294059600,
      "LI": 1634713200,
      "S": 26144,
      "META": null
    },
    {
      "D": "coj.net",
      "LOS": [
        "coj.net"
      ],
      "Q": 12255,
      "A": 304513,
      "U": 55984,
      "M": 32969,
      "Country": null,
      "FD": 1385679600,
      "LD": 1634540400,
      "FI": 1294059600,
      "LI": 1634799600,
      "S": 13233,
      "META": null
    },
    {
      "D": "nationalfuelgas.com",
      "LOS": [
        "nationalfuelgas.com"
      ],
      "Q": 12617,
      "A": 1304055,
      "U": 195188,
      "M": 619721,
      "Country": null,
      "FD": 1385679600,
      "LD": 1629615600,
      "FI": 1294059600,
      "LI": 1634799600,
      "S": 2167,
      "META": null
    },
    {
      "D": "1tech.net",
      "LOS": [
        "extranet.1tech.net/*"
      ],
      "Q": 12986,
      "A": 16305249,
      "U": 127803,
      "M": 1000001,
      "Country": null,
      "FD": 1566774000,
      "LD": 1630911600,
      "FI": 1471215600,
      "LI": 1634799600,
      "S": 770,
      "META": null
    },
    {
      "D": "tirekingdom.com",
      "LOS": [
        "weborders.tirekingdom.com/*"
      ],
      "Q": 13039,
      "A": 6699270,
      "U": 132367,
      "M": 385324,
      "Country": null,
      "FD": 1592434800,
      "LD": 1634540400,
      "FI": 1294059600,
      "LI": 1634799600,
      "S": 18129,
      "META": null
    },
    {
      "D": "tyson.com",
      "LOS": [
        "creditapp.tyson.com"
      ],
      "Q": 13048,
      "A": 349319,
      "U": 18771,
      "M": 48121,
      "Country": null,
      "FD": 1594335600,
      "LD": 1634540400,
      "FI": 1294059600,
      "LI": 1634799600,
      "S": 14551,
      "META": null
    },
    {
      "D": "catholichealth.net",
      "LOS": [
        "fhsmobile.catholichealth.net",
        "gshcopecenter.catholichealth.net/*",
        "wandwest.catholichealth.net/*"
      ],
      "Q": 13090,
      "A": 17875116,
      "U": 44126,
      "M": 709422,
      "Country": null,
      "FD": 1467068400,
      "LD": 1634540400,
      "FI": 971820000,
      "LI": 1634799600,
      "S": 7220,
      "META": null
    },
    {
      "D": "ccis.edu",
      "LOS": [
        "ecards.ccis.edu/*"
      ],
      "Q": 13115,
      "A": 38376,
      "U": 72311,
      "M": 27798,
      "Country": null,
      "FD": 1386204565,
      "LD": 1633417200,
      "FI": 1294059600,
      "LI": 1634799600,
      "S": 24995,
      "META": null
    },
    {
      "D": "nyccfb.info",
      "LOS": [
        "nyccfb.info/*",
        "fulldisclosure.nyccfb.info/*"
      ],
      "Q": 13139,
      "A": 364638,
      "U": 1000001,
      "M": 130727,
      "Country": null,
      "FD": 1603090800,
      "LD": 1628146800,
      "FI": 1294059600,
      "LI": 1634799600,
      "S": 845,
      "META": null
    },
    {
      "D": "ocgov.com",
      "LOS": [
        "empinfo.ocgov.com/*"
      ],
      "Q": 13164,
      "A": 305542,
      "U": 56780,
      "M": 40402,
      "Country": null,
      "FD": 1595026800,
      "LD": 1634540400,
      "FI": 1294059600,
      "LI": 1634799600,
      "S": 1945,
      "META": null
    },
    {
      "D": "tylertech.com",
      "LOS": [
        "tylertech.com"
      ],
      "Q": 13368,
      "A": 18418,
      "U": 8471,
      "M": 61472,
      "Country": null,
      "FD": 1385679600,
      "LD": 1634540400,
      "FI": 1294059600,
      "LI": 1634886000,
      "S": 11456,
      "META": null
    },
    {
      "D": "odfl.com",
      "LOS": [
        "fs.odfl.com"
      ],
      "Q": 13516,
      "A": 314295,
      "U": 11633,
      "M": 147940,
      "Country": null,
      "FD": 1467068400,
      "LD": 1632121200,
      "FI": 1294059600,
      "LI": 1634799600,
      "S": 16746,
      "META": null
    },
    {
      "D": "crsdata.com",
      "LOS": [
        "docs.crsdata.com"
      ],
      "Q": 13552,
      "A": 3520276,
      "U": 110989,
      "M": 1000001,
      "Country": null,
      "FD": 1555023600,
      "LD": 1633244400,
      "FI": 1011308400,
      "LI": 1634540400,
      "S": 1771,
      "META": null
    },
    {
      "D": "kansascity.com",
      "LOS": [
        "calendar.kansascity.com",
        "events.kansascity.com"
      ],
      "Q": 13616,
      "A": 8412,
      "U": 8216,
      "M": 1848,
      "Country": null,
      "FD": 1611388800,
      "LD": 1633244400,
      "FI": 951778800,
      "LI": 1634799600,
      "S": 17744,
      "META": null
    },
    {
      "D": "charlotteobserver.com",
      "LOS": [
        "events.charlotteobserver.com"
      ],
      "Q": 13704,
      "A": 3629,
      "U": 13608,
      "M": 2294,
      "Country": null,
      "FD": 1387148400,
      "LD": 1633244400,
      "FI": 1222812000,
      "LI": 1634799600,
      "S": 14062,
      "META": null
    },
    {
      "D": "tempe.gov",
      "LOS": [
        "tempe.gov"
      ],
      "Q": 14072,
      "A": 315629,
      "U": 106779,
      "M": 36183,
      "Country": null,
      "FD": 1385679600,
      "LD": 1634540400,
      "FI": 1294059600,
      "LI": 1634626800,
      "S": 1599,
      "META": null
    },
    {
      "D": "kumc.edu",
      "LOS": [
        "studyadmin.ebl.kumc.edu/*",
        "research.ebl.kumc.edu"
      ],
      "Q": 14082,
      "A": 15798,
      "U": 30024,
      "M": 12839,
      "Country": null,
      "FD": 1387148400,
      "LD": 1634540400,
      "FI": 1294059600,
      "LI": 1634886000,
      "S": 13143,
      "META": null
    },
    {
      "D": "brighamandwomens.org",
      "LOS": [
        "brighamandwomens.org"
      ],
      "Q": 14100,
      "A": 14312,
      "U": 81097,
      "M": 10591,
      "Country": null,
      "FD": 1385679600,
      "LD": 1634540400,
      "FI": 1294059600,
      "LI": 1634799600,
      "S": 7591,
      "META": null
    },
    {
      "D": "columbus.gov",
      "LOS": [
        "311.columbus.gov"
      ],
      "Q": 14206,
      "A": 320318,
      "U": 51897,
      "M": 28421,
      "Country": null,
      "FD": 1627369200,
      "LD": 1634540400,
      "FI": 1571958000,
      "LI": 1634799600,
      "S": 13356,
      "META": null
    },
    {
      "D": "carrier.com",
      "LOS": [
        "transcentral.carrier.com"
      ],
      "Q": 14271,
      "A": 31504,
      "U": 14022,
      "M": 9955,
      "Country": null,
      "FD": 1533510000,
      "LD": 1633244400,
      "FI": 1294059600,
      "LI": 1634799600,
      "S": 14192,
      "META": null
    },
    {
      "D": "cincinnatibell.com",
      "LOS": [
        "cincinnatibell.com/*"
      ],
      "Q": 14347,
      "A": 321891,
      "U": 75276,
      "M": 151602,
      "Country": null,
      "FD": 1386204565,
      "LD": 1632553200,
      "FI": 1128117600,
      "LI": 1634799600,
      "S": 24273,
      "META": null
    },
    {
      "D": "cariloha.com",
      "LOS": [
        "storelocations.cariloha.com"
      ],
      "Q": 14642,
      "A": 1049636,
      "U": 272092,
      "M": 183638,
      "Country": null,
      "FD": 1555023600,
      "LD": 1634540400,
      "FI": 1255125600,
      "LI": 1634799600,
      "S": 1966,
      "META": null
    },
    {
      "D": "tdf.org",
      "LOS": [
        "tdf.org"
      ],
      "Q": 14718,
      "A": 21503,
      "U": 162578,
      "M": 44217,
      "Country": null,
      "FD": 1385679600,
      "LD": 1634022000,
      "FI": 1294059600,
      "LI": 1634799600,
      "S": 389,
      "META": null
    },
    {
      "D": "texaschildrens.org",
      "LOS": [
        "texaschildrens.org"
      ],
      "Q": 14751,
      "A": 311728,
      "U": 34380,
      "M": 34663,
      "Country": null,
      "FD": 1385679600,
      "LD": 1634540400,
      "FI": 1294059600,
      "LI": 1634799600,
      "S": 2029,
      "META": null
    },
    {
      "D": "cobbcounty.org",
      "LOS": [
        "webeoc.cobbcounty.org"
      ],
      "Q": 15042,
      "A": 24951,
      "U": 93745,
      "M": 71650,
      "Country": null,
      "FD": 1564354800,
      "LD": 1623481200,
      "FI": 1294059600,
      "LI": 1634799600,
      "S": 1962,
      "META": null
    },
    {
      "D": "owenscorning.com",
      "LOS": [
        "owenscorning.com"
      ],
      "Q": 15077,
      "A": 365736,
      "U": 30866,
      "M": 14615,
      "Country": null,
      "FD": 1467068400,
      "LD": 1634540400,
      "FI": 1294059600,
      "LI": 1634886000,
      "S": 23779,
      "META": null
    },
    {
      "D": "txcourts.gov",
      "LOS": [
        "card.txcourts.gov",
        "xml.card.txcourts.gov"
      ],
      "Q": 15678,
      "A": 321367,
      "U": 20745,
      "M": 26178,
      "Country": null,
      "FD": 1388957967,
      "LD": 1633935600,
      "FI": 1320584400,
      "LI": 1634799600,
      "S": 3211,
      "META": null
    },
    {
      "D": "cod.edu",
      "LOS": [
        "mypassword.cod.edu/*"
      ],
      "Q": 15760,
      "A": 31923,
      "U": 50859,
      "M": 18100,
      "Country": null,
      "FD": 1386204565,
      "LD": 1634540400,
      "FI": 1294059600,
      "LI": 1634886000,
      "S": 8177,
      "META": null
    },
    {
      "D": "brighthorizons.com",
      "LOS": [
        "passreset.brighthorizons.com/*"
      ],
      "Q": 15951,
      "A": 12762,
      "U": 17557,
      "M": 20755,
      "Country": null,
      "FD": 1386204565,
      "LD": 1634540400,
      "FI": 1294059600,
      "LI": 1634799600,
      "S": 40647,
      "META": null
    },
    {
      "D": "okc.gov",
      "LOS": [
        "agenda.okc.gov/*"
      ],
      "Q": 15971,
      "A": 37621,
      "U": 133620,
      "M": 52382,
      "Country": null,
      "FD": 1388957967,
      "LD": 1632898800,
      "FI": 1294059600,
      "LI": 1634886000,
      "S": 549,
      "META": null
    },
    {
      "D": "cityofsacramento.org",
      "LOS": [
        "pay.cityofsacramento.org/*"
      ],
      "Q": 16154,
      "A": 15420,
      "U": 80953,
      "M": 26971,
      "Country": null,
      "FD": 1594335600,
      "LD": 1634540400,
      "FI": 1294059600,
      "LI": 1634799600,
      "S": 26931,
      "META": null
    },
    {
      "D": "netronline.com",
      "LOS": [
        "jobtrack.netronline.com"
      ],
      "Q": 16215,
      "A": 503509,
      "U": 33723,
      "M": 202569,
      "Country": null,
      "FD": 1386204565,
      "LD": 1633244400,
      "FI": 979858800,
      "LI": 1634540400,
      "S": 107,
      "META": null
    },
    {
      "D": "nationalarchives.gov.uk",
      "LOS": [
        "webarchive.nationalarchives.gov.uk"
      ],
      "Q": 16282,
      "A": 717,
      "U": 50775,
      "M": 1612,
      "Country": null,
      "FD": 1388957967,
      "LD": 1628060400,
      "FI": 1096581600,
      "LI": 1634799600,
      "S": 8479,
      "META": null
    },
    {
      "D": "kean.edu",
      "LOS": [
        "kean.edu"
      ],
      "Q": 16357,
      "A": 10095,
      "U": 76433,
      "M": 18635,
      "Country": null,
      "FD": 1385679600,
      "LD": 1634540400,
      "FI": 1296478800,
      "LI": 1634799600,
      "S": 12054,
      "META": null
    },
    {
      "D": "ccc.edu",
      "LOS": [
        "ccc.edu"
      ],
      "Q": 16521,
      "A": 313488,
      "U": 49521,
      "M": 61405,
      "Country": null,
      "FD": 1385679600,
      "LD": 1634799600,
      "FI": 1294059600,
      "LI": 1634799600,
      "S": 7818,
      "META": null
    },
    {
      "D": "toastmasters.org",
      "LOS": [
        "toastmasters.org"
      ],
      "Q": 16589,
      "A": 2853,
      "U": 74393,
      "M": 8601,
      "Country": null,
      "FD": 1385679600,
      "LD": 1625814000,
      "FI": 1294059600,
      "LI": 1634799600,
      "S": 23288,
      "META": null
    },
    {
      "D": "cscc.edu",
      "LOS": [
        "clockwork.cscc.edu"
      ],
      "Q": 16617,
      "A": 20144,
      "U": 48772,
      "M": 36487,
      "Country": null,
      "FD": 1422658800,
      "LD": 1634540400,
      "FI": 1294059600,
      "LI": 1634799600,
      "S": 8949,
      "META": null
    },
    {
      "D": "nwf.org",
      "LOS": [
        "extranet.nwf.org/*"
      ],
      "Q": 16891,
      "A": 3689,
      "U": 29604,
      "M": 3875,
      "Country": null,
      "FD": 1555023600,
      "LD": 1625814000,
      "FI": 1294059600,
      "LI": 1634799600,
      "S": 33717,
      "META": null
    },
    {
      "D": "coleman.com",
      "LOS": [
        "coleman.com"
      ],
      "Q": 16951,
      "A": 322501,
      "U": 236681,
      "M": 30496,
      "Country": null,
      "FD": 1385679600,
      "LD": 1634540400,
      "FI": 1294059600,
      "LI": 1634799600,
      "S": 45620,
      "META": null
    },
    {
      "D": "k12.sd.us",
      "LOS": [
        "canistota.k12.sd.us/*",
        "bison.k12.sd.us/*"
      ],
      "Q": 16985,
      "A": 19512,
      "U": 17790,
      "M": 1000001,
      "Country": null,
      "FD": 1538521200,
      "LD": 1634799600,
      "FI": 1537830000,
      "LI": 1634799600,
      "S": 10697,
      "META": null
    },
    {
      "D": "kendallhunt.com",
      "LOS": [
        "cw.kendallhunt.com/*"
      ],
      "Q": 17036,
      "A": 37087,
      "U": 40145,
      "M": 63108,
      "Country": null,
      "FD": 1538434800,
      "LD": 1633244400,
      "FI": 1294059600,
      "LI": 1634799600,
      "S": 1593,
      "META": null
    },
    {
      "D": "tasconline.com",
      "LOS": [
        "apps.tasconline.com/*",
        "gatekeeper2.tasconline.com/*"
      ],
      "Q": 17122,
      "A": 1434047,
      "U": 48661,
      "M": 272874,
      "Country": null,
      "FD": 1594335600,
      "LD": 1634540400,
      "FI": 951778800,
      "LI": 1634799600,
      "S": 6795,
      "META": null
    },
    {
      "D": "calgaryherald.com",
      "LOS": [
        "calgaryherald.com"
      ],
      "Q": 17225,
      "A": 8455,
      "U": 49323,
      "M": 4109,
      "Country": null,
      "FD": 1385679600,
      "LD": 1629183600,
      "FI": 1231023600,
      "LI": 1634799600,
      "S": 10753,
      "META": null
    },
    {
      "D": "cobbk12.org",
      "LOS": [
        "cobbk12.org"
      ],
      "Q": 17335,
      "A": 22419,
      "U": 126193,
      "M": 91085,
      "Country": null,
      "FD": 1385679600,
      "LD": 1634540400,
      "FI": 1294059600,
      "LI": 1634799600,
      "S": 1333,
      "META": null
    },
    {
      "D": "ttuhsc.edu",
      "LOS": [
        "ttuhsc.edu"
      ],
      "Q": 17755,
      "A": 26715,
      "U": 58673,
      "M": 45720,
      "Country": null,
      "FD": 1385679600,
      "LD": 1634540400,
      "FI": 1294059600,
      "LI": 1634799600,
      "S": 11444,
      "META": null
    },
    {
      "D": "csustan.edu",
      "LOS": [
        "bookfinder.csustan.edu"
      ],
      "Q": 18412,
      "A": 22602,
      "U": 108395,
      "M": 18041,
      "Country": null,
      "FD": 1555023600,
      "LD": 1633244400,
      "FI": 1294059600,
      "LI": 1634540400,
      "S": 10737,
      "META": null
    },
    {
      "D": "baptisthealth.net",
      "LOS": [
        "baptisthealth.net/*",
        "eshift.baptisthealth.net/*"
      ],
      "Q": 18419,
      "A": 42298,
      "U": 9586,
      "M": 45792,
      "Country": null,
      "FD": 1386204565,
      "LD": 1633417200,
      "FI": 1294059600,
      "LI": 1634799600,
      "S": 32323,
      "META": null
    },
    {
      "D": "creative.com",
      "LOS": [
        "support.creative.com"
      ],
      "Q": 18732,
      "A": 10267,
      "U": 91055,
      "M": 3910,
      "Country": null,
      "FD": 1387148400,
      "LD": 1634540400,
      "FI": 1065909600,
      "LI": 1634799600,
      "S": 2804,
      "META": null
    },
    {
      "D": "conduent.com",
      "LOS": [
        "pmctask.portal.conduent.com/*"
      ],
      "Q": 18855,
      "A": 1423677,
      "U": 21477,
      "M": 57767,
      "Country": null,
      "FD": 1575327600,
      "LD": 1632207600,
      "FI": 1458601200,
      "LI": 1634799600,
      "S": 27602,
      "META": null
    },
    {
      "D": "coit.com",
      "LOS": [
        "i.coit.com/*"
      ],
      "Q": 19094,
      "A": 2989185,
      "U": 150887,
      "M": 188199,
      "Country": null,
      "FD": 1538521200,
      "LD": 1634540400,
      "FI": 1294059600,
      "LI": 1634626800,
      "S": 4558,
      "META": null
    },
    {
      "D": "cnm.edu",
      "LOS": [
        "pw-reset.cnm.edu/*"
      ],
      "Q": 19225,
      "A": 344177,
      "U": 110074,
      "M": 91930,
      "Country": null,
      "FD": 1555023600,
      "LD": 1634540400,
      "FI": 1294059600,
      "LI": 1634799600,
      "S": 6802,
      "META": null
    },
    {
      "D": "oas.org",
      "LOS": [
        "portal.oas.org",
        "citel.oas.org/*",
        "search.oas.org",
        "web.oas.org",
        "sites.oas.org/*"
      ],
      "Q": 19399,
      "A": 657,
      "U": 57525,
      "M": 3191,
      "Country": null,
      "FD": 1386204565,
      "LD": 1634540400,
      "FI": 1004742000,
      "LI": 1634799600,
      "S": 500,
      "META": null
    },
    {
      "D": "bryantstratton.edu",
      "LOS": [
        "bsbooks.bryantstratton.edu"
      ],
      "Q": 19605,
      "A": 305220,
      "U": 141913,
      "M": 128581,
      "Country": null,
      "FD": 1388957967,
      "LD": 1634540400,
      "FI": 951951600,
      "LI": 1634799600,
      "S": 29840,
      "META": null
    },
    {
      "D": "conehealth.com",
      "LOS": [
        "passwordreset.conehealth.com/*"
      ],
      "Q": 19686,
      "A": 76367,
      "U": 60878,
      "M": 145052,
      "Country": null,
      "FD": 1603177200,
      "LD": 1633244400,
      "FI": 1320584400,
      "LI": 1634799600,
      "S": 8086,
      "META": null
    },
    {
      "D": "chubb.com",
      "LOS": [
        "brportal.chubb.com/*"
      ],
      "Q": 19704,
      "A": 13191,
      "U": 12026,
      "M": 7487,
      "Country": null,
      "FD": 1522710000,
      "LD": 1633244400,
      "FI": 1294059600,
      "LI": 1634799600,
      "S": 23948,
      "META": null
    },
    {
      "D": "oru.com",
      "LOS": [
        "oru.com"
      ],
      "Q": 20013,
      "A": 1260766,
      "U": 246115,
      "M": 277833,
      "Country": null,
      "FD": 1385679600,
      "LD": 1634540400,
      "FI": 1294059600,
      "LI": 1634799600,
      "S": 22814,
      "META": null
    },
    {
      "D": "nugs.net",
      "LOS": [
        "hood.nugs.net"
      ],
      "Q": 20173,
      "A": 304409,
      "U": 44521,
      "M": 69905,
      "Country": null,
      "FD": 1523228400,
      "LD": 1633244400,
      "FI": 1294059600,
      "LI": 1634799600,
      "S": 43938,
      "META": null
    },
    {
      "D": "businesshomepage.info",
      "LOS": [
        "mgbuildingmaterials.businesshomepage.info/*"
      ],
      "Q": 20392,
      "A": 17651301,
      "U": 1000001,
      "M": 1000001,
      "Country": null,
      "FD": 1581030000,
      "LD": 1633244400,
      "FI": 1570921200,
      "LI": 1634799600,
      "S": 435,
      "META": null
    },
    {
      "D": "bidmc.org",
      "LOS": [
        "survey.bidmc.org"
      ],
      "Q": 20513,
      "A": 302500,
      "U": 101795,
      "M": 19918,
      "Country": null,
      "FD": 1387148400,
      "LD": 1634540400,
      "FI": 1294059600,
      "LI": 1634799600,
      "S": 22590,
      "META": null
    },
    {
      "D": "coppel.com",
      "LOS": [
        "consultas_credito.coppel.com/*"
      ],
      "Q": 20573,
      "A": 63813,
      "U": 12802,
      "M": 109502,
      "Country": null,
      "FD": 1595026800,
      "LD": 1633244400,
      "FI": 1296478800,
      "LI": 1634799600,
      "S": 14154,
      "META": null
    },
    {
      "D": "trustwave.com",
      "LOS": [
        "rbladmin.trustwave.com/*"
      ],
      "Q": 20632,
      "A": 6616,
      "U": 1957,
      "M": 4195,
      "Country": null,
      "FD": 1555023600,
      "LD": 1634540400,
      "FI": 972684000,
      "LI": 1634886000,
      "S": 17561,
      "META": null
    },
    {
      "D": "clarinsusa.com",
      "LOS": [
        "gratis.clarinsusa.com/*",
        "timesheets.clarinsusa.com"
      ],
      "Q": 20764,
      "A": 553284,
      "U": 145189,
      "M": 79795,
      "Country": null,
      "FD": 1555023600,
      "LD": 1633244400,
      "FI": 1315144800,
      "LI": 1634799600,
      "S": 40156,
      "META": null
    },
    {
      "D": "tf1.fr",
      "LOS": [
        "dda.tf1.fr/*",
        "dda-groupe.tf1.fr/*",
        "dda-hd1.tf1.fr/*",
        "ddapre.tf1.fr/*",
        "dda-hd1pre.tf1.fr/*",
        "dda-nt1pre.tf1.fr/*",
        "dda-tmcpre.tf1.fr/*"
      ],
      "Q": 20981,
      "A": 3427,
      "U": 15191,
      "M": 4009,
      "Country": null,
      "FD": 1578006000,
      "LD": 1634540400,
      "FI": 973810800,
      "LI": 1634799600,
      "S": 7722,
      "META": null
    },
    {
      "D": "chrobinson.com",
      "LOS": [
        "chrobinson.com"
      ],
      "Q": 20996,
      "A": 27416,
      "U": 10361,
      "M": 58692,
      "Country": null,
      "FD": 1467068400,
      "LD": 1634540400,
      "FI": 1294059600,
      "LI": 1634886000,
      "S": 48084,
      "META": null
    },
    {
      "D": "nate.com",
      "LOS": [
        "rsupport.nate.com"
      ],
      "Q": 21424,
      "A": 5079,
      "U": 13817,
      "M": 14258,
      "Country": null,
      "FD": 1530572400,
      "LD": 1623481200,
      "FI": 1037746800,
      "LI": 1634799600,
      "S": 0,
      "META": null
    },
    {
      "D": "tenethealth.com",
      "LOS": [
        "tenethealth.com"
      ],
      "Q": 21613,
      "A": 366356,
      "U": 39200,
      "M": 100620,
      "Country": null,
      "FD": 1385679600,
      "LD": 1634540400,
      "FI": 1034460000,
      "LI": 1634799600,
      "S": 15173,
      "META": null
    },
    {
      "D": "coxenterprises.com",
      "LOS": [
        "ir.cci.coxenterprises.com"
      ],
      "Q": 21917,
      "A": 67580,
      "U": 15879,
      "M": 117754,
      "Country": null,
      "FD": 1386204565,
      "LD": 1634540400,
      "FI": 1294059600,
      "LI": 1634799600,
      "S": 14039,
      "META": null
    },
    {
      "D": "tamuc.edu",
      "LOS": [
        "tamuc.edu"
      ],
      "Q": 22276,
      "A": 401941,
      "U": 83691,
      "M": 38507,
      "Country": null,
      "FD": 1385679600,
      "LD": 1634540400,
      "FI": 1341496800,
      "LI": 1634799600,
      "S": 18770,
      "META": null
    },
    {
      "D": "tvbs.com.tw",
      "LOS": [
        "web.tvbs.com.tw"
      ],
      "Q": 22449,
      "A": 10687,
      "U": 27424,
      "M": 17397,
      "Country": null,
      "FD": 1496530800,
      "LD": 1623481200,
      "FI": 1294059600,
      "LI": 1634799600,
      "S": 1394,
      "META": null
    },
    {
      "D": "kaplan.edu",
      "LOS": [
        "kaplan.edu"
      ],
      "Q": 22896,
      "A": 29992,
      "U": 74938,
      "M": 161026,
      "Country": null,
      "FD": 1385679600,
      "LD": 1632294000,
      "FI": 1294059600,
      "LI": 1634799600,
      "S": 5238,
      "META": null
    },
    {
      "D": "cnb.com",
      "LOS": [
        "release.easilink.cnb.com",
        "qa.release.easilink.cnb.com",
        "asm.cnb.com/*"
      ],
      "Q": 23278,
      "A": 57375,
      "U": 19799,
      "M": 109756,
      "Country": null,
      "FD": 1386204565,
      "LD": 1634540400,
      "FI": 1294059600,
      "LI": 1634799600,
      "S": 20251,
      "META": null
    },
    {
      "D": "costcobenefits.com",
      "LOS": [
        "costcobenefits.com"
      ],
      "Q": 23810,
      "A": 8398949,
      "U": 1000001,
      "M": 1000001,
      "Country": null,
      "FD": 1508281200,
      "LD": 1624690800,
      "FI": 1323003600,
      "LI": 1634799600,
      "S": 3700,
      "META": null
    },
    {
      "D": "china-airlines.com",
      "LOS": [
        "ccnet.china-airlines.com"
      ],
      "Q": 23907,
      "A": 9489,
      "U": 89390,
      "M": 11604,
      "Country": null,
      "FD": 1530572400,
      "LD": 1633244400,
      "FI": 1294059600,
      "LI": 1634799600,
      "S": 4283,
      "META": null
    },
    {
      "D": "bernco.gov",
      "LOS": [
        "bernco.gov"
      ],
      "Q": 24173,
      "A": 354314,
      "U": 218009,
      "M": 82288,
      "Country": null,
      "FD": 1385679600,
      "LD": 1634540400,
      "FI": 1017529200,
      "LI": 1634799600,
      "S": 8530,
      "META": null
    },
    {
      "D": "newbelgium.com",
      "LOS": [
        "onlineorders.newbelgium.com"
      ],
      "Q": 24423,
      "A": 301304,
      "U": 298311,
      "M": 18466,
      "Country": null,
      "FD": 1555023600,
      "LD": 1633244400,
      "FI": 1294059600,
      "LI": 1634799600,
      "S": 3255,
      "META": null
    },
    {
      "D": "ncu.edu",
      "LOS": [
        "learners.ncu.edu",
        "mentors.ncu.edu/*"
      ],
      "Q": 24536,
      "A": 48999,
      "U": 98906,
      "M": 50980,
      "Country": null,
      "FD": 1387148400,
      "LD": 1634540400,
      "FI": 1294059600,
      "LI": 1634799600,
      "S": 16085,
      "META": null
    },
    {
      "D": "tribune.com.pk",
      "LOS": [
        "opportunities.tribune.com.pk"
      ],
      "Q": 25097,
      "A": 297168,
      "U": 46177,
      "M": 3986,
      "Country": null,
      "FD": 1581030000,
      "LD": 1628060400,
      "FI": 1029276000,
      "LI": 1634886000,
      "S": 1110,
      "META": null
    },
    {
      "D": "truman.edu",
      "LOS": [
        "newsletter.truman.edu"
      ],
      "Q": 25301,
      "A": 17523,
      "U": 115560,
      "M": 20291,
      "Country": null,
      "FD": 1437519600,
      "LD": 1633935600,
      "FI": 1294059600,
      "LI": 1634626800,
      "S": 9268,
      "META": null
    },
    {
      "D": "chiccousa.com",
      "LOS": [
        "chiccousa.com"
      ],
      "Q": 25383,
      "A": 1063022,
      "U": 1000001,
      "M": 156969,
      "Country": null,
      "FD": 1385679600,
      "LD": 1634540400,
      "FI": 1294059600,
      "LI": 1634540400,
      "S": 44269,
      "META": null
    },
    {
      "D": "cargill.com",
      "LOS": [
        "stage.igpc.cargill.com"
      ],
      "Q": 25408,
      "A": 15837,
      "U": 35514,
      "M": 9525,
      "Country": null,
      "FD": 1591138800,
      "LD": 1633244400,
      "FI": 1294059600,
      "LI": 1634799600,
      "S": 31921,
      "META": null
    },
    {
      "D": "bmc.com",
      "LOS": [
        "bdc.bmc.com/*"
      ],
      "Q": 25850,
      "A": 13705,
      "U": 17751,
      "M": 9619,
      "Country": null,
      "FD": 1533510000,
      "LD": 1634540400,
      "FI": 1294059600,
      "LI": 1634799600,
      "S": 31386,
      "META": null
    },
    {
      "D": "chesco.org",
      "LOS": [
        "destraining.chesco.org/*"
      ],
      "Q": 25907,
      "A": 21083,
      "U": 78164,
      "M": 67138,
      "Country": null,
      "FD": 1559430000,
      "LD": 1634540400,
      "FI": 1294059600,
      "LI": 1634540400,
      "S": 583,
      "META": null
    },
    {
      "D": "clubrunner.ca",
      "LOS": [
        "clubrunner.ca"
      ],
      "Q": 26150,
      "A": 16738,
      "U": 64085,
      "M": 10263,
      "Country": null,
      "FD": 1385679600,
      "LD": 1634713200,
      "FI": 1294059600,
      "LI": 1634886000,
      "S": 2068,
      "META": null
    },
    {
      "D": "cevalogistics.com",
      "LOS": [
        "cevalogistics.com"
      ],
      "Q": 26279,
      "A": 46516,
      "U": 24583,
      "M": 68288,
      "Country": null,
      "FD": 1385679600,
      "LD": 1634540400,
      "FI": 1294059600,
      "LI": 1634886000,
      "S": 7918,
      "META": null
    },
    {
      "D": "ndcourts.gov",
      "LOS": [
        "securepa.ndcourts.gov/*"
      ],
      "Q": 26500,
      "A": 327220,
      "U": 55589,
      "M": 116758,
      "Country": null,
      "FD": 1546470000,
      "LD": 1634540400,
      "FI": 1294059600,
      "LI": 1634540400,
      "S": 360,
      "META": null
    },
    {
      "D": "treasureisland.com",
      "LOS": [
        "affiliates.treasureisland.com"
      ],
      "Q": 26622,
      "A": 358291,
      "U": 246443,
      "M": 76730,
      "Country": null,
      "FD": 1420429071,
      "LD": 1634540400,
      "FI": 986076000,
      "LI": 1634799600,
      "S": 5031,
      "META": null
    },
    {
      "D": "nebraskamed.com",
      "LOS": [
        "nebraskamed.com"
      ],
      "Q": 26994,
      "A": 312420,
      "U": 30438,
      "M": 48415,
      "Country": null,
      "FD": 1385679600,
      "LD": 1634540400,
      "FI": 1294059600,
      "LI": 1634799600,
      "S": 11879,
      "META": null
    },
    {
      "D": "caracol.com.co",
      "LOS": [
        "caracol.com.co"
      ],
      "Q": 27244,
      "A": 23390,
      "U": 39884,
      "M": 14531,
      "Country": null,
      "FD": 1385679600,
      "LD": 1623481200,
      "FI": 1294059600,
      "LI": 1634799600,
      "S": 8460,
      "META": null
    },
    {
      "D": "cableorganizer.com",
      "LOS": [
        "store.cableorganizer.com"
      ],
      "Q": 27297,
      "A": 339669,
      "U": 263386,
      "M": 73904,
      "Country": null,
      "FD": 1386204565,
      "LD": 1623481200,
      "FI": 1294059600,
      "LI": 1634799600,
      "S": 783,
      "META": null
    },
    {
      "D": "thefa.com",
      "LOS": [
        "membersservices.thefa.com/*"
      ],
      "Q": 27457,
      "A": 7053,
      "U": 32411,
      "M": 6642,
      "Country": null,
      "FD": 1386204565,
      "LD": 1633244400,
      "FI": 1294059600,
      "LI": 1634799600,
      "S": 28238,
      "META": null
    },
    {
      "D": "blacklibrary.com",
      "LOS": [
        "blacklibrary.com"
      ],
      "Q": 27513,
      "A": 458667,
      "U": 1000001,
      "M": 162084,
      "Country": null,
      "FD": 1385679600,
      "LD": 1633244400,
      "FI": 1294059600,
      "LI": 1634799600,
      "S": 6419,
      "META": null
    },
    {
      "D": "nestle.com",
      "LOS": [
        "nestle.com"
      ],
      "Q": 27523,
      "A": 9315,
      "U": 23315,
      "M": 4565,
      "Country": null,
      "FD": 1385679600,
      "LD": 1626764400,
      "FI": 951778800,
      "LI": 1634799600,
      "S": 22461,
      "META": null
    },
    {
      "D": "clermontcountyohio.gov",
      "LOS": [
        "clermontcountyohio.gov"
      ],
      "Q": 27545,
      "A": 538549,
      "U": 1000001,
      "M": 334734,
      "Country": null,
      "FD": 1385679600,
      "LD": 1634540400,
      "FI": 1294059600,
      "LI": 1634799600,
      "S": 36,
      "META": null
    },
    {
      "D": "tfc.tv",
      "LOS": [
        "res2.tfc.tv/*",
        "cftest.tfc.tv/*"
      ],
      "Q": 27714,
      "A": 58689,
      "U": 45479,
      "M": 258471,
      "Country": null,
      "FD": 1555023600,
      "LD": 1633244400,
      "FI": 1343916000,
      "LI": 1634799600,
      "S": 10021,
      "META": null
    },
    {
      "D": "cqpress.com",
      "LOS": [
        "contributors.cqpress.com/*",
        "cqpip.cqpress.com/*"
      ],
      "Q": 27798,
      "A": 23947,
      "U": 141402,
      "M": 32404,
      "Country": null,
      "FD": 1395356400,
      "LD": 1634540400,
      "FI": 1294059600,
      "LI": 1634540400,
      "S": 568,
      "META": null
    },
    {
      "D": "kitsapgov.com",
      "LOS": [
        "sp.kitsapgov.com"
      ],
      "Q": 27850,
      "A": 31905,
      "U": 218415,
      "M": 125739,
      "Country": null,
      "FD": 1507244400,
      "LD": 1634540400,
      "FI": 995061600,
      "LI": 1634540400,
      "S": 461,
      "META": null
    },
    {
      "D": "outlookindia.com",
      "LOS": [
        "photo.outlookindia.com",
        "photogallery.outlookindia.com",
        "photos.outlookindia.com",
        "cms.outlookindia.com"
      ],
      "Q": 28192,
      "A": 5126,
      "U": 52532,
      "M": 4383,
      "Country": null,
      "FD": 1386204565,
      "LD": 1633244400,
      "FI": 1011913200,
      "LI": 1634799600,
      "S": 7750,
      "META": null
    },
    {
      "D": "chicagopolice.org",
      "LOS": [
        "midas.chicagopolice.org/*"
      ],
      "Q": 28355,
      "A": 371039,
      "U": 201903,
      "M": 40674,
      "Country": null,
      "FD": 1594335600,
      "LD": 1634540400,
      "FI": 1294059600,
      "LI": 1634799600,
      "S": 1464,
      "META": null
    },
    {
      "D": "thelittlegym.com",
      "LOS": [
        "thelittlegym.com"
      ],
      "Q": 28384,
      "A": 989791,
      "U": 273279,
      "M": 92063,
      "Country": null,
      "FD": 1385679600,
      "LD": 1634540400,
      "FI": 952038000,
      "LI": 1634799600,
      "S": 3363,
      "META": null
    },
    {
      "D": "ncsc.org",
      "LOS": [
        "ncsc.org"
      ],
      "Q": 28510,
      "A": 14757,
      "U": 170342,
      "M": 34926,
      "Country": null,
      "FD": 1385679600,
      "LD": 1634540400,
      "FI": 1294059600,
      "LI": 1634540400,
      "S": 567,
      "META": null
    },
    {
      "D": "ncc.edu",
      "LOS": [
        "lionnetsecure.ncc.edu"
      ],
      "Q": 28686,
      "A": 405378,
      "U": 186560,
      "M": 59524,
      "Country": null,
      "FD": 1386204565,
      "LD": 1628060400,
      "FI": 1294059600,
      "LI": 1634799600,
      "S": 1579,
      "META": null
    },
    {
      "D": "ncagr.gov",
      "LOS": [
        "apps.ncagr.gov",
        "appsdev.ncagr.gov/*"
      ],
      "Q": 28800,
      "A": 29734,
      "U": 151681,
      "M": 33296,
      "Country": null,
      "FD": 1507244400,
      "LD": 1634626800,
      "FI": 1294059600,
      "LI": 1634799600,
      "S": 201,
      "META": null
    },
    {
      "D": "chiltondiy.com",
      "LOS": [
        "chiltondiy.com"
      ],
      "Q": 29003,
      "A": 668254,
      "U": 1000001,
      "M": 758258,
      "Country": null,
      "FD": 1387148400,
      "LD": 1634799600,
      "FI": 1294059600,
      "LI": 1634799600,
      "S": 10162,
      "META": null
    },
    {
      "D": "costore.com",
      "LOS": [
        "costore.com"
      ],
      "Q": 29108,
      "A": 1508431,
      "U": 63636,
      "M": 518180,
      "Country": null,
      "FD": 1482447600,
      "LD": 1634540400,
      "FI": 1294059600,
      "LI": 1634886000,
      "S": 600,
      "META": null
    },
    {
      "D": "tianya.cn",
      "LOS": [
        "book.tianya.cn",
        "ebook2.tianya.cn",
        "bookcname.tianya.cn"
      ],
      "Q": 29188,
      "A": 8139,
      "U": 40121,
      "M": 3710,
      "Country": null,
      "FD": 1387148400,
      "LD": 1634540400,
      "FI": 1065045600,
      "LI": 1634886000,
      "S": 7736,
      "META": null
    },
    {
      "D": "newholland.com",
      "LOS": [
        "newholland.com"
      ],
      "Q": 29277,
      "A": 43009,
      "U": 268407,
      "M": 34210,
      "Country": null,
      "FD": 1467068400,
      "LD": 1634540400,
      "FI": 1294059600,
      "LI": 1634799600,
      "S": 4373,
      "META": null
    },
    {
      "D": "osumc.edu",
      "LOS": [
        "familyhealthlink.osumc.edu/*"
      ],
      "Q": 29347,
      "A": 405162,
      "U": 50562,
      "M": 182150,
      "Country": null,
      "FD": 1564354800,
      "LD": 1634540400,
      "FI": 1102201200,
      "LI": 1634799600,
      "S": 2001,
      "META": null
    },
    {
      "D": "blesk.cz",
      "LOS": [
        "sportrevue.isport.blesk.cz"
      ],
      "Q": 29369,
      "A": 301132,
      "U": 31821,
      "M": 15566,
      "Country": null,
      "FD": 1518735600,
      "LD": 1634194800,
      "FI": 1294059600,
      "LI": 1634799600,
      "S": 2108,
      "META": null
    },
    {
      "D": "orgill.com",
      "LOS": [
        "orgill.com"
      ],
      "Q": 29570,
      "A": 997099,
      "U": 52247,
      "M": 273962,
      "Country": null,
      "FD": 1385679600,
      "LD": 1633244400,
      "FI": 1294059600,
      "LI": 1634540400,
      "S": 1916,
      "META": null
    },
    {
      "D": "td.org",
      "LOS": [
        "wlpscorecard.td.org"
      ],
      "Q": 29619,
      "A": 298958,
      "U": 26553,
      "M": 9753,
      "Country": null,
      "FD": 1555023600,
      "LD": 1630652400,
      "FI": 1458169200,
      "LI": 1634799600,
      "S": 24302,
      "META": null
    },
    {
      "D": "baker-taylor.com",
      "LOS": [
        "ts360.baker-taylor.com"
      ],
      "Q": 29741,
      "A": 35987,
      "U": 22059,
      "M": 119422,
      "Country": null,
      "FD": 1507244400,
      "LD": 1634540400,
      "FI": 1294059600,
      "LI": 1634799600,
      "S": 4831,
      "META": null
    },
    {
      "D": "tastings.com",
      "LOS": [
        "tastings.com"
      ],
      "Q": 29872,
      "A": 430171,
      "U": 1000001,
      "M": 135004,
      "Country": null,
      "FD": 1453860659,
      "LD": 1633935600,
      "FI": 1262559600,
      "LI": 1633935600,
      "S": 1355,
      "META": null
    },
    {
      "D": "bmc.org",
      "LOS": [
        "webeoc.bmc.org"
      ],
      "Q": 30449,
      "A": 361024,
      "U": 22109,
      "M": 31122,
      "Country": null,
      "FD": 1522710000,
      "LD": 1634540400,
      "FI": 1294059600,
      "LI": 1634799600,
      "S": 4443,
      "META": null
    },
    {
      "D": "beef2live.com",
      "LOS": [
        "beef2live.com"
      ],
      "Q": 30946,
      "A": 458793,
      "U": 255111,
      "M": 183582,
      "Country": null,
      "FD": 1393196400,
      "LD": 1634540400,
      "FI": 1389481200,
      "LI": 1634540400,
      "S": 0,
      "META": null
    },
    {
      "D": "biztree.com",
      "LOS": [
        "biztree.com"
      ],
      "Q": 31123,
      "A": 1063039,
      "U": 67848,
      "M": 332078,
      "Country": null,
      "FD": 1385679600,
      "LD": 1633935600,
      "FI": 1081029600,
      "LI": 1634799600,
      "S": 4885,
      "META": null
    },
    {
      "D": "tarladalal.com",
      "LOS": [
        "tarladalal.com"
      ],
      "Q": 31356,
      "A": 20835,
      "U": 100453,
      "M": 86018,
      "Country": null,
      "FD": 1385679600,
      "LD": 1633935600,
      "FI": 1294059600,
      "LI": 1633935600,
      "S": 47,
      "META": null
    },
    {
      "D": "transitions.com",
      "LOS": [
        "global.transitions.com"
      ],
      "Q": 31636,
      "A": 64689,
      "U": 181970,
      "M": 84650,
      "Country": null,
      "FD": 1467068400,
      "LD": 1634540400,
      "FI": 1017097200,
      "LI": 1634799600,
      "S": 6435,
      "META": null
    },
    {
      "D": "ksdot.org",
      "LOS": [
        "tworks.ksdot.org",
        "rwis.ksdot.org",
        "kdotxtra.ksdot.org"
      ],
      "Q": 31663,
      "A": 389829,
      "U": 196241,
      "M": 101828,
      "Country": null,
      "FD": 1386204565,
      "LD": 1634540400,
      "FI": 1065045600,
      "LI": 1634799600,
      "S": 1755,
      "META": null
    },
    {
      "D": "templehealth.org",
      "LOS": [
        "templehealth.org"
      ],
      "Q": 31679,
      "A": 95205,
      "U": 71554,
      "M": 88123,
      "Country": null,
      "FD": 1479250800,
      "LD": 1634540400,
      "FI": 1294059600,
      "LI": 1634799600,
      "S": 4250,
      "META": null
    },
    {
      "D": "cineplex.com",
      "LOS": [
        "cineplex.com"
      ],
      "Q": 31710,
      "A": 15469,
      "U": 32421,
      "M": 22353,
      "Country": null,
      "FD": 1385679600,
      "LD": 1634540400,
      "FI": 1294059600,
      "LI": 1634799600,
      "S": 16129,
      "META": null
    },
    {
      "D": "ceair.com",
      "LOS": [
        "bte.ceair.com"
      ],
      "Q": 31767,
      "A": 308992,
      "U": 57571,
      "M": 14431,
      "Country": null,
      "FD": 1559430000,
      "LD": 1634540400,
      "FI": 1294059600,
      "LI": 1634799600,
      "S": 347,
      "META": null
    },
    {
      "D": "compass-usa.com",
      "LOS": [
        "myreports.compass-usa.com/*"
      ],
      "Q": 31877,
      "A": 33833,
      "U": 14050,
      "M": 192949,
      "Country": null,
      "FD": 1605394800,
      "LD": 1634799600,
      "FI": 1294059600,
      "LI": 1634799600,
      "S": 1909,
      "META": null
    },
    {
      "D": "ottlite.com",
      "LOS": [
        "ottlite.com"
      ],
      "Q": 32033,
      "A": 604268,
      "U": 1000001,
      "M": 354218,
      "Country": null,
      "FD": 1385679600,
      "LD": 1634540400,
      "FI": 1037833200,
      "LI": 1634540400,
      "S": 1341,
      "META": null
    },
    {
      "D": "thehopeline.com",
      "LOS": [
        "media.thehopeline.com"
      ],
      "Q": 32182,
      "A": 100063,
      "U": 1000001,
      "M": 342757,
      "Country": null,
      "FD": 1389567600,
      "LD": 1623481200,
      "FI": 1294059600,
      "LI": 1633935600,
      "S": 2080,
      "META": null
    },
    {
      "D": "nextgen.com",
      "LOS": [
        "utility.ngch.nextgen.com/*"
      ],
      "Q": 32291,
      "A": 71848,
      "U": 15701,
      "M": 105979,
      "Country": null,
      "FD": 1596927600,
      "LD": 1634540400,
      "FI": 1294059600,
      "LI": 1634799600,
      "S": 20898,
      "META": null
    },
    {
      "D": "ocsd.org",
      "LOS": [
        "webeoc.ocsd.org",
        "sweetpea.ocsd.org/*"
      ],
      "Q": 32420,
      "A": 490316,
      "U": 202359,
      "M": 151207,
      "Country": null,
      "FD": 1467068400,
      "LD": 1625122800,
      "FI": 1294059600,
      "LI": 1634799600,
      "S": 0,
      "META": null
    },
    {
      "D": "torodealer.com",
      "LOS": [
        "torodealer.com"
      ],
      "Q": 32491,
      "A": 6639655,
      "U": 1000001,
      "M": 920898,
      "Country": null,
      "FD": 1385679600,
      "LD": 1634799600,
      "FI": 1341496800,
      "LI": 1634799600,
      "S": 5298,
      "META": null
    },
    {
      "D": "centralfreight.com",
      "LOS": [
        "centralfreight.com"
      ],
      "Q": 32711,
      "A": 15870405,
      "U": 79926,
      "M": 576457,
      "Country": null,
      "FD": 1385679600,
      "LD": 1634799600,
      "FI": 1294059600,
      "LI": 1634799600,
      "S": 0,
      "META": null
    },
    {
      "D": "thechicagoschool.edu",
      "LOS": [
        "portal.thechicagoschool.edu"
      ],
      "Q": 32780,
      "A": 43800,
      "U": 163366,
      "M": 120528,
      "Country": null,
      "FD": 1386204565,
      "LD": 1633244400,
      "FI": 1294059600,
      "LI": 1634799600,
      "S": 3336,
      "META": null
    },
    {
      "D": "orange.es",
      "LOS": [
        "traductor.orange.es"
      ],
      "Q": 32892,
      "A": 16640,
      "U": 25497,
      "M": 16862,
      "Country": null,
      "FD": 1387148400,
      "LD": 1634540400,
      "FI": 1294059600,
      "LI": 1634799600,
      "S": 12985,
      "META": null
    },
    {
      "D": "cnki.net",
      "LOS": [
        "cnki.net"
      ],
      "Q": 32946,
      "A": 6466,
      "U": 40811,
      "M": 1506,
      "Country": null,
      "FD": 1385679600,
      "LD": 1633244400,
      "FI": 1011999600,
      "LI": 1633935600,
      "S": 7684,
      "META": null
    },
    {
      "D": "npg.org.uk",
      "LOS": [
        "archivecatalogue.npg.org.uk/*"
      ],
      "Q": 33240,
      "A": 299455,
      "U": 120947,
      "M": 6461,
      "Country": null,
      "FD": 1569193200,
      "LD": 1628060400,
      "FI": 1296478800,
      "LI": 1634540400,
      "S": 253,
      "META": null
    },
    {
      "D": "njfamilycare.org",
      "LOS": [
        "njfamilycare.org/*"
      ],
      "Q": 33442,
      "A": 87111,
      "U": 84833,
      "M": 259431,
      "Country": null,
      "FD": 1594767600,
      "LD": 1633935600,
      "FI": 1294059600,
      "LI": 1633935600,
      "S": 0,
      "META": null
    },
    {
      "D": "the-funeral-home-directory.com",
      "LOS": [
        "the-funeral-home-directory.com"
      ],
      "Q": 34132,
      "A": 2927876,
      "U": 1000001,
      "M": 1000001,
      "Country": null,
      "FD": 1385679600,
      "LD": 1628060400,
      "FI": 1294059600,
      "LI": 1632466800,
      "S": 0,
      "META": null
    },
    {
      "D": "tennisnow.com",
      "LOS": [
        "tennisnow.com"
      ],
      "Q": 34149,
      "A": 305472,
      "U": 1000001,
      "M": 193943,
      "Country": null,
      "FD": 1385679600,
      "LD": 1633935600,
      "FI": 1022104800,
      "LI": 1633935600,
      "S": 13435,
      "META": null
    },
    {
      "D": "bbvacompass.com",
      "LOS": [
        "remotedeposit.bbvacompass.com/*"
      ],
      "Q": 34359,
      "A": 38316,
      "U": 122654,
      "M": 89275,
      "Country": null,
      "FD": 1418079600,
      "LD": 1633417200,
      "FI": 1294059600,
      "LI": 1634799600,
      "S": 18332,
      "META": null
    },
    {
      "D": "btol.com",
      "LOS": [
        "edi.btol.com/*",
        "edidev.btol.com/*"
      ],
      "Q": 34362,
      "A": 319264,
      "U": 12923,
      "M": 174176,
      "Country": null,
      "FD": 1388957967,
      "LD": 1628060400,
      "FI": 1034632800,
      "LI": 1634799600,
      "S": 3761,
      "META": null
    },
    {
      "D": "compassprep.com",
      "LOS": [
        "cpoints.compassprep.com/*"
      ],
      "Q": 34874,
      "A": 611108,
      "U": 209861,
      "M": 346376,
      "Country": null,
      "FD": 1397862000,
      "LD": 1633244400,
      "FI": 1294059600,
      "LI": 1634799600,
      "S": 946,
      "META": null
    },
    {
      "D": "cnki.com.cn",
      "LOS": [
        "cnki.com.cn"
      ],
      "Q": 35113,
      "A": 9931,
      "U": 63633,
      "M": 8182,
      "Country": null,
      "FD": 1442876400,
      "LD": 1633935600,
      "FI": 1400108400,
      "LI": 1633935600,
      "S": 0,
      "META": null
    },
    {
      "D": "thermaltake.com",
      "LOS": [
        "thermaltake.com"
      ],
      "Q": 35239,
      "A": 304955,
      "U": 227802,
      "M": 15543,
      "Country": null,
      "FD": 1507244400,
      "LD": 1634540400,
      "FI": 1320584400,
      "LI": 1634799600,
      "S": 1193,
      "META": null
    },
    {
      "D": "catawbacountync.gov",
      "LOS": [
        "es.catawbacountync.gov"
      ],
      "Q": 35276,
      "A": 344069,
      "U": 245384,
      "M": 210377,
      "Country": null,
      "FD": 1387148400,
      "LD": 1634540400,
      "FI": 1294059600,
      "LI": 1634540400,
      "S": 532,
      "META": null
    },
    {
      "D": "tusd1.org",
      "LOS": [
        "mealapp.tusd1.org"
      ],
      "Q": 35309,
      "A": 375059,
      "U": 190923,
      "M": 239510,
      "Country": null,
      "FD": 1533510000,
      "LD": 1625814000,
      "FI": 1294059600,
      "LI": 1634713200,
      "S": 1894,
      "META": null
    },
    {
      "D": "crs.org",
      "LOS": [
        "sp2010qa.crs.org/*"
      ],
      "Q": 35433,
      "A": 12852,
      "U": 55233,
      "M": 16129,
      "Country": null,
      "FD": 1555023600,
      "LD": 1634540400,
      "FI": 1294059600,
      "LI": 1634713200,
      "S": 5268,
      "META": null
    },
    {
      "D": "tncourts.gov",
      "LOS": [
        "jswsu.tncourts.gov"
      ],
      "Q": 35465,
      "A": 34707,
      "U": 186759,
      "M": 84787,
      "Country": null,
      "FD": 1522710000,
      "LD": 1634799600,
      "FI": 1145743200,
      "LI": 1634799600,
      "S": 0,
      "META": null
    },
    {
      "D": "nhvweb.net",
      "LOS": [
        "csiweb.nhvweb.net"
      ],
      "Q": 35524,
      "A": 469601,
      "U": 1000001,
      "M": 599480,
      "Country": null,
      "FD": 1507244400,
      "LD": 1633935600,
      "FI": 1294059600,
      "LI": 1634886000,
      "S": 572,
      "META": null
    },
    {
      "D": "collierschools.com",
      "LOS": [
        "agenda.collierschools.com"
      ],
      "Q": 35573,
      "A": 405895,
      "U": 158590,
      "M": 257458,
      "Country": null,
      "FD": 1387148400,
      "LD": 1634540400,
      "FI": 1075158000,
      "LI": 1634799600,
      "S": 936,
      "META": null
    },
    {
      "D": "babson.edu",
      "LOS": [
        "babson.edu"
      ],
      "Q": 36343,
      "A": 7816,
      "U": 127012,
      "M": 7473,
      "Country": null,
      "FD": 1385679600,
      "LD": 1634540400,
      "FI": 1294059600,
      "LI": 1634886000,
      "S": 9878,
      "META": null
    },
    {
      "D": "ncr.com",
      "LOS": [
        "onlinehelp.ncr.com",
        "downloadcenter.ncr.com/*",
        "app6.swenglabs.ncr.com"
      ],
      "Q": 36461,
      "A": 14464,
      "U": 5346,
      "M": 11408,
      "Country": null,
      "FD": 1403046000,
      "LD": 1634540400,
      "FI": 1294059600,
      "LI": 1634799600,
      "S": 33167,
      "META": null
    },
    {
      "D": "11st.co.kr",
      "LOS": [
        "remote.11st.co.kr"
      ],
      "Q": 36582,
      "A": 391298,
      "U": 41335,
      "M": 30340,
      "Country": null,
      "FD": 1555023600,
      "LD": 1633244400,
      "FI": 1315144800,
      "LI": 1634799600,
      "S": 1359,
      "META": null
    },
    {
      "D": "bbnradio.org",
      "LOS": [
        "bbnradio.org"
      ],
      "Q": 36833,
      "A": 33089,
      "U": 1000001,
      "M": 120734,
      "Country": null,
      "FD": 1507244400,
      "LD": 1631343600,
      "FI": 980982000,
      "LI": 1634799600,
      "S": 359,
      "META": null
    },
    {
      "D": "csiu-technology.org",
      "LOS": [
        "web3.csiu-technology.org/*"
      ],
      "Q": 37267,
      "A": 214616,
      "U": 113460,
      "M": 945278,
      "Country": null,
      "FD": 1564354800,
      "LD": 1634540400,
      "FI": 1389481200,
      "LI": 1634540400,
      "S": 53,
      "META": null
    },
    {
      "D": "osceola.org",
      "LOS": [
        "webeoc.osceola.org/*"
      ],
      "Q": 37294,
      "A": 24557,
      "U": 185613,
      "M": 130224,
      "Country": null,
      "FD": 1437519600,
      "LD": 1634540400,
      "FI": 980290800,
      "LI": 1634540400,
      "S": 2646,
      "META": null
    },
    {
      "D": "cioxhealth.com",
      "LOS": [
        "edelivery.cioxhealth.com"
      ],
      "Q": 37403,
      "A": 2931574,
      "U": 19835,
      "M": 469041,
      "Country": null,
      "FD": 1490310000,
      "LD": 1634540400,
      "FI": 1448319600,
      "LI": 1634799600,
      "S": 10089,
      "META": null
    },
    {
      "D": "netjets.com",
      "LOS": [
        "atmsweb.netjets.com/*"
      ],
      "Q": 38012,
      "A": 313490,
      "U": 53239,
      "M": 75340,
      "Country": null,
      "FD": 1610751600,
      "LD": 1634540400,
      "FI": 1294059600,
      "LI": 1634886000,
      "S": 15222,
      "META": null
    },
    {
      "D": "nasponline.org",
      "LOS": [
        "nasponline.org"
      ],
      "Q": 38108,
      "A": 16069,
      "U": 111072,
      "M": 11261,
      "Country": null,
      "FD": 1385679600,
      "LD": 1634540400,
      "FI": 1294059600,
      "LI": 1634540400,
      "S": 233,
      "META": null
    },
    {
      "D": "besttimestohunt.net",
      "LOS": [
        "besttimestohunt.net"
      ],
      "Q": 38425,
      "A": 15407259,
      "U": 1000001,
      "M": 1000001,
      "Country": null,
      "FD": 1385679600,
      "LD": 1628060400,
      "FI": 1354798800,
      "LI": 1628060400,
      "S": 0,
      "META": null
    },
    {
      "D": "thenewstribune.com",
      "LOS": [
        "calendar.thenewstribune.com"
      ],
      "Q": 39230,
      "A": 13417,
      "U": 43929,
      "M": 4699,
      "Country": null,
      "FD": 1415574000,
      "LD": 1633244400,
      "FI": 1294059600,
      "LI": 1634799600,
      "S": 12700,
      "META": null
    },
    {
      "D": "kvcc.edu",
      "LOS": [
        "prs.kvcc.edu/*"
      ],
      "Q": 39244,
      "A": 455459,
      "U": 219876,
      "M": 160314,
      "Country": null,
      "FD": 1595026800,
      "LD": 1628060400,
      "FI": 973810800,
      "LI": 1634799600,
      "S": 1816,
      "META": null
    },
    {
      "D": "clubcar.com",
      "LOS": [
        "clubcar.com"
      ],
      "Q": 39272,
      "A": 1237626,
      "U": 183384,
      "M": 116484,
      "Country": null,
      "FD": 1385679600,
      "LD": 1634540400,
      "FI": 1294059600,
      "LI": 1634799600,
      "S": 12359,
      "META": null
    },
    {
      "D": "cowanauctions.com",
      "LOS": [
        "cowanauctions.com"
      ],
      "Q": 39370,
      "A": 389734,
      "U": 1000001,
      "M": 276360,
      "Country": null,
      "FD": 1385679600,
      "LD": 1625122800,
      "FI": 1294059600,
      "LI": 1634540400,
      "S": 328,
      "META": null
    },
    {
      "D": "candgnews.com",
      "LOS": [
        "mail.candgnews.com/*"
      ],
      "Q": 39462,
      "A": 36636,
      "U": 164427,
      "M": 63911,
      "Country": null,
      "FD": 1386204565,
      "LD": 1633244400,
      "FI": 976057200,
      "LI": 1634799600,
      "S": 637,
      "META": null
    },
    {
      "D": "bna.com",
      "LOS": [
        "citmonprofile601.bna.com",
        "citmonprofile.bna.com",
        "citmonprofile501.bna.com"
      ],
      "Q": 39673,
      "A": 296249,
      "U": 9724,
      "M": 6056,
      "Country": null,
      "FD": 1555023600,
      "LD": 1634540400,
      "FI": 1294059600,
      "LI": 1634799600,
      "S": 24949,
      "META": null
    },
    {
      "D": "nhaschools.com",
      "LOS": [
        "nhaschools.com"
      ],
      "Q": 39820,
      "A": 464997,
      "U": 199867,
      "M": 226839,
      "Country": null,
      "FD": 1385679600,
      "LD": 1634540400,
      "FI": 1320584400,
      "LI": 1634886000,
      "S": 12465,
      "META": null
    },
    {
      "D": "trimountain.com",
      "LOS": [
        "archive.trimountain.com"
      ],
      "Q": 39966,
      "A": 6616178,
      "U": 1000001,
      "M": 598283,
      "Country": null,
      "FD": 1606809600,
      "LD": 1633244400,
      "FI": 1294059600,
      "LI": 1634540400,
      "S": 0,
      "META": null
    },
    {
      "D": "calbaptist.edu",
      "LOS": [
        "web1.calbaptist.edu"
      ],
      "Q": 40319,
      "A": 28070,
      "U": 121942,
      "M": 47198,
      "Country": null,
      "FD": 1386204565,
      "LD": 1633244400,
      "FI": 1294059600,
      "LI": 1634799600,
      "S": 16847,
      "META": null
    },
    {
      "D": "targus.com",
      "LOS": [
        "imagedirectory.targus.com",
        "dev.targus.com"
      ],
      "Q": 40692,
      "A": 318984,
      "U": 178222,
      "M": 25828,
      "Country": null,
      "FD": 1387148400,
      "LD": 1634540400,
      "FI": 1294059600,
      "LI": 1634799600,
      "S": 12661,
      "META": null
    },
    {
      "D": "techdata.com",
      "LOS": [
        "americas.as.techdata.com"
      ],
      "Q": 40693,
      "A": 300379,
      "U": 20013,
      "M": 19177,
      "Country": null,
      "FD": 1503529200,
      "LD": 1634799600,
      "FI": 1294059600,
      "LI": 1634799600,
      "S": 20695,
      "META": null
    },
    {
      "D": "columbiarestaurant.com",
      "LOS": [
        "2xcloudportal.columbiarestaurant.com/*"
      ],
      "Q": 41586,
      "A": 1033350,
      "U": 1000001,
      "M": 100290,
      "Country": null,
      "FD": 1555023600,
      "LD": 1633244400,
      "FI": 1294059600,
      "LI": 1634799600,
      "S": 221,
      "META": null
    },
    {
      "D": "costa.it",
      "LOS": [
        "webcams.costa.it/*"
      ],
      "Q": 41590,
      "A": 501481,
      "U": 269944,
      "M": 768307,
      "Country": null,
      "FD": 1595026800,
      "LD": 1633244400,
      "FI": 1159912800,
      "LI": 1633935600,
      "S": 4563,
      "META": null
    },
    {
      "D": "csi.edu",
      "LOS": [
        "corvus.csi.edu"
      ],
      "Q": 41670,
      "A": 43966,
      "U": 267767,
      "M": 58014,
      "Country": null,
      "FD": 1386204565,
      "LD": 1625122800,
      "FI": 1294059600,
      "LI": 1634626800,
      "S": 2112,
      "META": null
    },
    {
      "D": "coe.int",
      "LOS": [
        "venice.coe.int"
      ],
      "Q": 41844,
      "A": 423,
      "U": 43086,
      "M": 728,
      "Country": null,
      "FD": 1387148400,
      "LD": 1634540400,
      "FI": 952383600,
      "LI": 1634799600,
      "S": 3380,
      "META": null
    },
    {
      "D": "nailsmag.com",
      "LOS": [
        "mediakit.nailsmag.com"
      ],
      "Q": 41983,
      "A": 16908,
      "U": 180847,
      "M": 89443,
      "Country": null,
      "FD": 1387148400,
      "LD": 1628060400,
      "FI": 951865200,
      "LI": 1634626800,
      "S": 10705,
      "META": null
    },
    {
      "D": "tbr.edu",
      "LOS": [
        "tbr.edu"
      ],
      "Q": 42162,
      "A": 455405,
      "U": 234134,
      "M": 232665,
      "Country": null,
      "FD": 1385679600,
      "LD": 1634540400,
      "FI": 1294059600,
      "LI": 1634799600,
      "S": 2513,
      "META": null
    },
    {
      "D": "kansas.com",
      "LOS": [
        "events.kansas.com"
      ],
      "Q": 42262,
      "A": 299369,
      "U": 43283,
      "M": 5210,
      "Country": null,
      "FD": 1611648000,
      "LD": 1633244400,
      "FI": 1571958000,
      "LI": 1634799600,
      "S": 14540,
      "META": null
    },
    {
      "D": "bissellrental.com",
      "LOS": [
        "bissellrental.com"
      ],
      "Q": 42286,
      "A": 15222272,
      "U": 1000001,
      "M": 1000001,
      "Country": null,
      "FD": 1386284400,
      "LD": 1634799600,
      "FI": 1315144800,
      "LI": 1634799600,
      "S": 1220,
      "META": null
    }
  ]
}