{
  "Relationships": [
    {
      "Domain": "inovalon.com",
      "Identifiers": [
        {
          "Type": "ip",
          "Value": "65.196.97.142",
          "First": 1345212000000,
          "Last": 1539495219519,
          "Matches": []
        },
        {
          "Type": "eloqua",
          "Value": "2057809151",
          "First": 1441202400000,
          "Last": 1459951200000,
          "Matches": []
        },
        {
          "Type": "ip",
          "Value": "65.196.180.140",
          "First": 1436364000000,
          "Last": 1454504400000,
          "Matches": []
        },
        {
          "Type": "google-analytics",
          "Value": "4534589",
          "First": 1341496800000,
          "Last": 1623176994345,
          "Matches": [
            {
              "Domain": "investors.inovalon.com",
              "First": 1458565200000,
              "Last": 1528271494627,
              "Overlap": true
            },
            {
              "Domain": "medassurant.com",
              "First": 1294059600000,
              "Last": 1415278800000,
              "Overlap": true
            },
            {
              "Domain": "inovalon.com?ao=1",
              "First": 1507244400000,
              "Last": 1507244400000,
              "Overlap": true
            }
          ]
        },
        {
          "Type": "google-tag-manager",
          "Value": "wd639c",
          "First": 1438783200000,
          "Last": 1459951200000,
          "Matches": []
        },
        {
          "Type": "google-tag-manager",
          "Value": "WD639C",
          "First": 1468398501188,
          "Last": 1539495219519,
          "Matches": []
        },
        {
          "Type": "google-analytics",
          "Value": "66013185",
          "First": 1525647216612,
          "Last": 1539495219519,
          "Matches": [
            {
              "Domain": "resources.inovalon.com",
              "First": 1458565200000,
              "Last": 1502233200000,
              "Overlap": false
            }
          ]
        },
        {
          "Type": "addthis",
          "Value": "ra-53c7cdef5490a0b6",
          "First": 1525647216612,
          "Last": 1539495219519,
          "Matches": [
            {
              "Domain": "theeconomicbuzz.com",
              "First": 1425474000000,
              "Last": 1425474000000,
              "Overlap": false
            },
            {
              "Domain": "panos.be",
              "First": 1435759200000,
              "Last": 1459951200000,
              "Overlap": false
            },
            {
              "Domain": "resources.lyntonweb.com",
              "First": 1464164023449,
              "Last": 1486629283505,
              "Overlap": false
            },
            {
              "Domain": "payscale.com",
              "First": 1464150544514,
              "Last": 1485391123578,
              "Overlap": false
            },
            {
              "Domain": "netprospex.com",
              "First": 1464151745637,
              "Last": 1486634801365,
              "Overlap": false
            },
            {
              "Domain": "hub.staplesadvantage.com",
              "First": 1464153305247,
              "Last": 1486769308185,
              "Overlap": false
            },
            {
              "Domain": "resources.arbornetworks.com",
              "First": 1464158037086,
              "Last": 1485345220248,
              "Overlap": false
            },
            {
              "Domain": "resources.smartling.com",
              "First": 1464167697719,
              "Last": 1485951374754,
              "Overlap": false
            },
            {
              "Domain": "hostanalytics.co.uk",
              "First": 1473565636478,
              "Last": 1473565636478,
              "Overlap": false
            },
            {
              "Domain": "resources.netskope.com",
              "First": 1473579082875,
              "Last": 1628095347461,
              "Overlap": true
            },
            {
              "Domain": "resources.contactually.com",
              "First": 1473780680578,
              "Last": 1485952334811,
              "Overlap": false
            },
            {
              "Domain": "hub.imaginellc.com",
              "First": 1476458049469,
              "Last": 1477550767339,
              "Overlap": false
            },
            {
              "Domain": "arts.audienceview.com",
              "First": 1476474587884,
              "Last": 1486631371229,
              "Overlap": false
            },
            {
              "Domain": "addtocart.sli-systems.com",
              "First": 1476591633314,
              "Last": 1486633660601,
              "Overlap": false
            },
            {
              "Domain": "resources.planview.com",
              "First": 1476606693971,
              "Last": 1486705418596,
              "Overlap": false
            },
            {
              "Domain": "hub.bannerflow.com",
              "First": 1476593195329,
              "Last": 1486628750839,
              "Overlap": false
            },
            {
              "Domain": "enjoy.brandingpass.net",
              "First": 1476602576406,
              "Last": 1485397411309,
              "Overlap": false
            },
            {
              "Domain": "netskope.com",
              "First": 1477541608063,
              "Last": 1537775822611,
              "Overlap": true
            },
            {
              "Domain": "resources.inovalon.com",
              "First": 1477541315984,
              "Last": 1485388469124,
              "Overlap": false
            },
            {
              "Domain": "ehs.medgate.com",
              "First": 1481006759510,
              "Last": 1486629283505,
              "Overlap": false
            },
            {
              "Domain": "hostanalytics.com",
              "First": 1481037318731,
              "Last": 1481856906059,
              "Overlap": false
            },
            {
              "Domain": "restaurantsuccess.touchbistro.com",
              "First": 1481029255217,
              "Last": 1484017717044,
              "Overlap": false
            },
            {
              "Domain": "sports.audienceview.com",
              "First": 1481032178085,
              "Last": 1486631371229,
              "Overlap": false
            },
            {
              "Domain": "resources.perks.com",
              "First": 1481038749129,
              "Last": 1486628773465,
              "Overlap": false
            },
            {
              "Domain": "hub.payscale.com",
              "First": 1481341756292,
              "Last": 1485391027232,
              "Overlap": false
            },
            {
              "Domain": "resources.cloudwords.com",
              "First": 1481769244903,
              "Last": 1629706023377,
              "Overlap": true
            },
            {
              "Domain": "thelounge.tullyluxurytravel.com",
              "First": 1481866522540,
              "Last": 1485941692784,
              "Overlap": false
            },
            {
              "Domain": "randstadsourceright.com",
              "First": 1481865768325,
              "Last": 1538145723142,
              "Overlap": true
            },
            {
              "Domain": "resources.northernwideplank.ca",
              "First": 1484025977789,
              "Last": 1485940298032,
              "Overlap": false
            },
            {
              "Domain": "resources.engagio.com",
              "First": 1484610168000,
              "Last": 1485923627094,
              "Overlap": false
            },
            {
              "Domain": "bibliothek.planview.de",
              "First": 1484749217659,
              "Last": 1486669700185,
              "Overlap": false
            },
            {
              "Domain": "smartmarketingdatahub.com",
              "First": 1484753778202,
              "Last": 1484753778202,
              "Overlap": false
            },
            {
              "Domain": "resources.nvoicepay.com",
              "First": 1486651753684,
              "Last": 1486651753684,
              "Overlap": false
            },
            {
              "Domain": "artandscience.siriusdecisions.com",
              "First": 1486636157740,
              "Last": 1486636157740,
              "Overlap": false
            },
            {
              "Domain": "content.myemma.com",
              "First": 1486633660601,
              "Last": 1628071802304,
              "Overlap": true
            },
            {
              "Domain": "resources.b2wsoftware.com",
              "First": 1486639123364,
              "Last": 1628115442406,
              "Overlap": true
            },
            {
              "Domain": "atalasoft.com",
              "First": 1527184771348,
              "Last": 1586524524354,
              "Overlap": true
            },
            {
              "Domain": "totango.com",
              "First": 1528798394019,
              "Last": 1532878487590,
              "Overlap": true
            },
            {
              "Domain": "cloud-elements.com",
              "First": 1531976965560,
              "Last": 1535681204659,
              "Overlap": true
            },
            {
              "Domain": "keepsakequilting.com",
              "First": 1559489661873,
              "Last": 1563647676210,
              "Overlap": false
            },
            {
              "Domain": "myemma.com",
              "First": 1529887833206,
              "Last": 1574099790217,
              "Overlap": true
            },
            {
              "Domain": "fueleducation.com",
              "First": 1529942394048,
              "Last": 1535704554153,
              "Overlap": true
            },
            {
              "Domain": "contactually.com",
              "First": 1530094936982,
              "Last": 1533193029508,
              "Overlap": true
            },
            {
              "Domain": "dynamicsignal.com",
              "First": 1529946462155,
              "Last": 1533571855458,
              "Overlap": true
            },
            {
              "Domain": "examsoft.com",
              "First": 1530258731835,
              "Last": 1541086699163,
              "Overlap": true
            },
            {
              "Domain": "abilitynetwork.com",
              "First": 1530255276289,
              "Last": 1587407577476,
              "Overlap": true
            },
            {
              "Domain": "ahava.com",
              "First": 1530486698973,
              "Last": 1530486698973,
              "Overlap": true
            },
            {
              "Domain": "cority.com",
              "First": 1530802477709,
              "Last": 1588860802307,
              "Overlap": true
            },
            {
              "Domain": "engagio.com",
              "First": 1532107741580,
              "Last": 1584492373633,
              "Overlap": true
            },
            {
              "Domain": "elemica.com",
              "First": 1532097779184,
              "Last": 1535694446532,
              "Overlap": true
            },
            {
              "Domain": "interlocsolutions.com",
              "First": 1532292887259,
              "Last": 1533707066266,
              "Overlap": true
            },
            {
              "Domain": "elixiter.com",
              "First": 1532618358375,
              "Last": 1533583847286,
              "Overlap": true
            },
            {
              "Domain": "northernwideplank.ca",
              "First": 1532712708059,
              "Last": 1537819700047,
              "Overlap": true
            },
            {
              "Domain": "pathguide.com",
              "First": 1532742737565,
              "Last": 1537960356994,
              "Overlap": true
            },
            {
              "Domain": "utilityweek.co.uk",
              "First": 1532894023099,
              "Last": 1586252709966,
              "Overlap": true
            },
            {
              "Domain": "hartehanks.com",
              "First": 1533023134981,
              "Last": 1539536200164,
              "Overlap": true
            },
            {
              "Domain": "earlywarning.com",
              "First": 1535789459853,
              "Last": 1546055599933,
              "Overlap": true
            },
            {
              "Domain": "b2wsoftware.com",
              "First": 1547165188415,
              "Last": 1580439796192,
              "Overlap": false
            },
            {
              "Domain": "isobeljewelry.com",
              "First": 1557240084028,
              "Last": 1584958049331,
              "Overlap": false
            },
            {
              "Domain": "desalination.biz",
              "First": 1560485088315,
              "Last": 1564740991417,
              "Overlap": false
            },
            {
              "Domain": "blackbaud.com",
              "First": 1587885143676,
              "Last": 1587885143676,
              "Overlap": false
            },
            {
              "Domain": "resources.auduboncompanies.com",
              "First": 1596554753422,
              "Last": 1628760924090,
              "Overlap": false
            },
            {
              "Domain": "read.utilityweek.co.uk",
              "First": 1599305176031,
              "Last": 1634789381050,
              "Overlap": false
            },
            {
              "Domain": "advancedgraphics.uberflip.com",
              "First": 1599663779764,
              "Last": 1628084917421,
              "Overlap": false
            },
            {
              "Domain": "epubs.aallnet.org",
              "First": 1599668608998,
              "Last": 1605113160719,
              "Overlap": false
            },
            {
              "Domain": "resources.pathguide.com",
              "First": 1602480488811,
              "Last": 1633283263607,
              "Overlap": false
            },
            {
              "Domain": "resources.cloud-elements.com",
              "First": 1604083791287,
              "Last": 1628103696872,
              "Overlap": false
            },
            {
              "Domain": "cfasocietytoronto.uberflip.com",
              "First": 1605079932992,
              "Last": 1623490748388,
              "Overlap": false
            },
            {
              "Domain": "u.garrisonbespoke.com",
              "First": 1605117343203,
              "Last": 1628103755268,
              "Overlap": false
            },
            {
              "Domain": "hub.the-cma.org",
              "First": 1605149325151,
              "Last": 1608431415488,
              "Overlap": false
            },
            {
              "Domain": "hub.theeventplannerexpo.com",
              "First": 1605234555172,
              "Last": 1628180800676,
              "Overlap": false
            },
            {
              "Domain": "uberflip.westsidedigs.com",
              "First": 1608215051533,
              "Last": 1627878936390,
              "Overlap": false
            },
            {
              "Domain": "resources.idanalytics.com",
              "First": 1608471800704,
              "Last": 1612965437485,
              "Overlap": false
            },
            {
              "Domain": "hub.emrgmedia.com",
              "First": 1609930977623,
              "Last": 1630527814172,
              "Overlap": false
            },
            {
              "Domain": "digital.irishgolfer.ie",
              "First": 1611237233950,
              "Last": 1611237233950,
              "Overlap": false
            },
            {
              "Domain": "hub.jocdigital.com",
              "First": 1611310919290,
              "Last": 1631990389334,
              "Overlap": false
            },
            {
              "Domain": "resources.dynamicsignal.com",
              "First": 1612910141458,
              "Last": 1612910141458,
              "Overlap": false
            },
            {
              "Domain": "digital.macdirectory.com",
              "First": 1612949695197,
              "Last": 1628149300881,
              "Overlap": false
            },
            {
              "Domain": "digital.miamilivingmagazine.com",
              "First": 1616092363429,
              "Last": 1632881494592,
              "Overlap": false
            },
            {
              "Domain": "grandecosmetics.uberflip.com",
              "First": 1618238889813,
              "Last": 1628084917421,
              "Overlap": false
            },
            {
              "Domain": "digitalmedia.celebritysites.com",
              "First": 1619394244033,
              "Last": 1629389721598,
              "Overlap": false
            },
            {
              "Domain": "magazines.vuenj.com",
              "First": 1623267708890,
              "Last": 1634899251049,
              "Overlap": false
            },
            {
              "Domain": "content.southwestsolutions.com",
              "First": 1623489534600,
              "Last": 1628080232531,
              "Overlap": false
            },
            {
              "Domain": "resourcecenter.abilitynetwork.com",
              "First": 1623489844715,
              "Last": 1623489844715,
              "Overlap": false
            },
            {
              "Domain": "ahs.uberflip.com",
              "First": 1623490748388,
              "Last": 1628084917421,
              "Overlap": false
            },
            {
              "Domain": "clhia.uberflip.com",
              "First": 1623490748388,
              "Last": 1628084917421,
              "Overlap": false
            },
            {
              "Domain": "bwhgiving.uberflip.com",
              "First": 1623490748388,
              "Last": 1628084917421,
              "Overlap": false
            },
            {
              "Domain": "bc-ccc.uberflip.com",
              "First": 1623490748388,
              "Last": 1628084917421,
              "Overlap": false
            },
            {
              "Domain": "digital.shearman.com",
              "First": 1623495640525,
              "Last": 1628086260891,
              "Overlap": false
            },
            {
              "Domain": "nofilternonprofit.blackbaud.com",
              "First": 1623500355115,
              "Last": 1628102254076,
              "Overlap": false
            },
            {
              "Domain": "arts.blackbaud.com",
              "First": 1623500355115,
              "Last": 1628103108918,
              "Overlap": false
            },
            {
              "Domain": "nonprofitaccounting.blackbaud.com",
              "First": 1623500355115,
              "Last": 1628103108918,
              "Overlap": false
            },
            {
              "Domain": "flag.colinsgrp.com",
              "First": 1623501889664,
              "Last": 1628095443881,
              "Overlap": false
            },
            {
              "Domain": "inside.onedigital.com",
              "First": 1623522570490,
              "Last": 1628090812565,
              "Overlap": false
            },
            {
              "Domain": "hub.emsdigital.co.za",
              "First": 1624664593330,
              "Last": 1630527173823,
              "Overlap": false
            },
            {
              "Domain": "hub.newyorkparties.com",
              "First": 1625903443630,
              "Last": 1633097618832,
              "Overlap": false
            },
            {
              "Domain": "hub.praxisvet.com",
              "First": 1626205830913,
              "Last": 1633402812501,
              "Overlap": false
            },
            {
              "Domain": "h1.relevantize-stg1.com",
              "First": 1626335477731,
              "Last": 1633630405655,
              "Overlap": false
            }
          ]
        },
        {
          "Type": "ip",
          "Value": "142.0.160.50",
          "First": 1532964408288,
          "Last": 1539495219519,
          "Matches": []
        },
        {
          "Type": "ip",
          "Value": "23.59.189.83",
          "First": 1532964408288,
          "Last": 1532964408288,
          "Matches": []
        },
        {
          "Type": "ip",
          "Value": "96.45.200.172",
          "First": 1532964408288,
          "Last": 1539495219519,
          "Matches": []
        },
        {
          "Type": "ip",
          "Value": "65.196.97.143",
          "First": 1533105844297,
          "Last": 1539495219519,
          "Matches": []
        },
        {
          "Type": "ip",
          "Value": "23.219.88.175",
          "First": 1533105844297,
          "Last": 1533105844297,
          "Matches": []
        },
        {
          "Type": "ip",
          "Value": "74.117.221.22",
          "First": 1533705218124,
          "Last": 1570944830510,
          "Matches": []
        },
        {
          "Type": "ip",
          "Value": "184.28.188.194",
          "First": 1533819279227,
          "Last": 1533819279227,
          "Matches": []
        },
        {
          "Type": "ip",
          "Value": "184.28.188.178",
          "First": 1533819279227,
          "Last": 1533819279227,
          "Matches": []
        },
        {
          "Type": "ip",
          "Value": "23.34.56.184",
          "First": 1539495219519,
          "Last": 1539495219519,
          "Matches": []
        },
        {
          "Type": "ip",
          "Value": "54.84.115.223",
          "First": 1545947637559,
          "Last": 1545947637559,
          "Matches": []
        },
        {
          "Type": "ip",
          "Value": "52.20.111.225",
          "First": 1545947637559,
          "Last": 1545947637559,
          "Matches": []
        },
        {
          "Type": "ip",
          "Value": "52.72.236.211",
          "First": 1554983794640,
          "Last": 1554983794640,
          "Matches": []
        },
        {
          "Type": "ip",
          "Value": "35.153.120.246",
          "First": 1554983794640,
          "Last": 1563655296671,
          "Matches": []
        },
        {
          "Type": "ip",
          "Value": "104.96.220.34",
          "First": 1554983794640,
          "Last": 1554983794640,
          "Matches": []
        },
        {
          "Type": "ip",
          "Value": "104.96.220.51",
          "First": 1554983794640,
          "Last": 1579692211944,
          "Matches": []
        },
        {
          "Type": "google-tag-manager",
          "Value": "T526QN6",
          "First": 1554983794640,
          "Last": 1631746293891,
          "Matches": [
            {
              "Domain": "investors.inovalon.com",
              "First": 1628090885099,
              "Last": 1628090885099,
              "Overlap": true
            }
          ]
        },
        {
          "Type": "newrelic",
          "Value": "761e715901",
          "First": 1554983794640,
          "Last": 1583586944832,
          "Matches": []
        },
        {
          "Type": "ip",
          "Value": "65.158.180.154",
          "First": 1559495197255,
          "Last": 1559495197255,
          "Matches": []
        },
        {
          "Type": "ip",
          "Value": "63.239.232.13",
          "First": 1563655296671,
          "Last": 1563655296671,
          "Matches": []
        },
        {
          "Type": "ip",
          "Value": "63.239.232.12",
          "First": 1563655296671,
          "Last": 1563655296671,
          "Matches": []
        },
        {
          "Type": "ip",
          "Value": "34.198.184.162",
          "First": 1568436621127,
          "Last": 1568436621127,
          "Matches": []
        },
        {
          "Type": "ip",
          "Value": "34.237.158.135",
          "First": 1568436621127,
          "Last": 1568436621127,
          "Matches": []
        },
        {
          "Type": "ip",
          "Value": "204.237.229.8",
          "First": 1568436621127,
          "Last": 1568436621127,
          "Matches": []
        },
        {
          "Type": "ip",
          "Value": "204.237.229.74",
          "First": 1568436621127,
          "Last": 1568436621127,
          "Matches": []
        },
        {
          "Type": "ip",
          "Value": "74.117.221.11",
          "First": 1570944830510,
          "Last": 1570944830510,
          "Matches": []
        },
        {
          "Type": "ip",
          "Value": "184.27.45.168",
          "First": 1574061944473,
          "Last": 1574061944473,
          "Matches": []
        },
        {
          "Type": "ip",
          "Value": "52.206.192.92",
          "First": 1574061944473,
          "Last": 1574061944473,
          "Matches": []
        },
        {
          "Type": "ip",
          "Value": "52.6.192.32",
          "First": 1574061944473,
          "Last": 1586513718422,
          "Matches": []
        },
        {
          "Type": "ip",
          "Value": "104.96.220.17",
          "First": 1579692211944,
          "Last": 1579692211944,
          "Matches": []
        },
        {
          "Type": "ip",
          "Value": "52.2.203.85",
          "First": 1579692211944,
          "Last": 1586513718422,
          "Matches": []
        },
        {
          "Type": "ip",
          "Value": "74.117.219.198",
          "First": 1581928691864,
          "Last": 1584932355616,
          "Matches": []
        },
        {
          "Type": "ip",
          "Value": "74.117.219.199",
          "First": 1581928691864,
          "Last": 1581928691864,
          "Matches": []
        },
        {
          "Type": "ip",
          "Value": "165.254.45.225",
          "First": 1583586944832,
          "Last": 1583586944832,
          "Matches": []
        },
        {
          "Type": "ip",
          "Value": "23.43.58.33",
          "First": 1586513718422,
          "Last": 1586513718422,
          "Matches": []
        },
        {
          "Type": "ip",
          "Value": "23.43.58.57",
          "First": 1586513718422,
          "Last": 1586513718422,
          "Matches": []
        },
        {
          "Type": "ip",
          "Value": "107.21.21.120",
          "First": 1588292440437,
          "Last": 1588311549133,
          "Matches": []
        },
        {
          "Type": "ip",
          "Value": "18.211.161.186",
          "First": 1590081228077,
          "Last": 1595058295287,
          "Matches": []
        },
        {
          "Type": "ip",
          "Value": "52.20.84.61",
          "First": 1593960886146,
          "Last": 1599656239386,
          "Matches": []
        },
        {
          "Type": "ip",
          "Value": "52.201.133.254",
          "First": 1604081550884,
          "Last": 1604081550884,
          "Matches": []
        },
        {
          "Type": "ip",
          "Value": "52.1.206.249",
          "First": 1605102936383,
          "Last": 1605102936383,
          "Matches": []
        },
        {
          "Type": "ip",
          "Value": "3.92.150.140",
          "First": 1608370675297,
          "Last": 1608370675297,
          "Matches": []
        },
        {
          "Type": "ip",
          "Value": "3.232.238.166",
          "First": 1612904129073,
          "Last": 1614240000000,
          "Matches": []
        },
        {
          "Type": "ip",
          "Value": "3.223.147.18",
          "First": 1615190400000,
          "Last": 1615190400000,
          "Matches": []
        },
        {
          "Type": "ip",
          "Value": "3.226.155.25",
          "First": 1610697600000,
          "Last": 1610697600000,
          "Matches": []
        },
        {
          "Type": "ip",
          "Value": "3.208.41.38",
          "First": 1618246697329,
          "Last": 1618246697329,
          "Matches": []
        },
        {
          "Type": "ip",
          "Value": "54.81.228.178",
          "First": 1614412800000,
          "Last": 1614412800000,
          "Matches": []
        },
        {
          "Type": "ip",
          "Value": "52.7.69.64",
          "First": 1623492807783,
          "Last": 1623492807783,
          "Matches": []
        },
        {
          "Type": "ip",
          "Value": "34.192.114.240",
          "First": 1628090885099,
          "Last": 1628090885099,
          "Matches": []
        }
      ]
    }
  ],
  "Errors": []
}