{
  "NextOffset": "END",
  "Results": [
    {
      "D": "theoaklandpress.com",
      "LOS": [
        "dfm.theoaklandpress.com",
        "halloween.theoaklandpress.com",
        "events.theoaklandpress.com",
        "findnsave.theoaklandpress.com"
      ],
      "Q": 2869,
      "A": 20410,
      "U": 87446,
      "M": 13525,
      "Country": null,
      "FD": 1564354800,
      "LD": 1635058800,
      "FI": 1294059600,
      "LI": 1635058800,
      "S": 27877,
      "META": null
    },
    {
      "D": "news-herald.com",
      "LOS": [
        "halloween.news-herald.com",
        "findnsave.news-herald.com"
      ],
      "Q": 4205,
      "A": 26048,
      "U": 85483,
      "M": 20412,
      "Country": null,
      "FD": 1576105200,
      "LD": 1634540400,
      "FI": 1294059600,
      "LI": 1635058800,
      "S": 20535,
      "META": null
    },
    {
      "D": "themorningsun.com",
      "LOS": [
        "dfm.themorningsun.com",
        "findnsave.themorningsun.com",
        "events.themorningsun.com"
      ],
      "Q": 4922,
      "A": 31242,
      "U": 141275,
      "M": 56598,
      "Country": null,
      "FD": 1588287600,
      "LD": 1635058800,
      "FI": 1294059600,
      "LI": 1635058800,
      "S": 17733,
      "META": null
    },
    {
      "D": "nhregister.com",
      "LOS": [
        "nhregister.com"
      ],
      "Q": 5029,
      "A": 18801,
      "U": 51481,
      "M": 8736,
      "Country": null,
      "FD": 1346335200,
      "LD": 1635058800,
      "FI": 1294059600,
      "LI": 1635145200,
      "S": 10540,
      "META": null
    },
    {
      "D": "chicoer.com",
      "LOS": [
        "findnsave.chicoer.com",
        "media.chicoer.com",
        "coupons.chicoer.com"
      ],
      "Q": 6220,
      "A": 18848,
      "U": 105567,
      "M": 22672,
      "Country": null,
      "FD": 1571958000,
      "LD": 1634540400,
      "FI": 1294059600,
      "LI": 1635058800,
      "S": 24553,
      "META": null
    },
    {
      "D": "ncregister.com",
      "LOS": [
        "ncregister.com"
      ],
      "Q": 6597,
      "A": 14846,
      "U": 79075,
      "M": 7607,
      "Country": null,
      "FD": 1346335200,
      "LD": 1635058800,
      "FI": 1294059600,
      "LI": 1635058800,
      "S": 1443,
      "META": null
    },
    {
      "D": "trentonian.com",
      "LOS": [
        "dfm.trentonian.com",
        "halloween.trentonian.com",
        "findnsave.trentonian.com",
        "ads.trentonian.com",
        "mylocal.trentonian.com"
      ],
      "Q": 7457,
      "A": 29644,
      "U": 96843,
      "M": 35574,
      "Country": null,
      "FD": 1569193200,
      "LD": 1635058800,
      "FI": 1294059600,
      "LI": 1635058800,
      "S": 27294,
      "META": null
    },
    {
      "D": "norwalkreflector.com",
      "LOS": [
        "dev.norwalkreflector.com"
      ],
      "Q": 9375,
      "A": 379238,
      "U": 1000001,
      "M": 113825,
      "Country": null,
      "FD": 1628060400,
      "LD": 1633244400,
      "FI": 1168470000,
      "LI": 1635058800,
      "S": 209,
      "META": null
    },
    {
      "D": "thenewsherald.com",
      "LOS": [
        "events.thenewsherald.com",
        "halloween.thenewsherald.com"
      ],
      "Q": 10980,
      "A": 344570,
      "U": 126241,
      "M": 52137,
      "Country": null,
      "FD": 1578783600,
      "LD": 1634540400,
      "FI": 1294059600,
      "LI": 1635058800,
      "S": 18221,
      "META": null
    },
    {
      "D": "turbodieselregister.com",
      "LOS": [
        "turbodieselregister.com"
      ],
      "Q": 11180,
      "A": 599648,
      "U": 94138,
      "M": 413438,
      "Country": null,
      "FD": 1346335200,
      "LD": 1635058800,
      "FI": 951865200,
      "LI": 1635058800,
      "S": 386,
      "META": null
    },
    {
      "D": "times-standard.com",
      "LOS": [
        "calendar.times-standard.com",
        "m.times-standard.com",
        "findnsave.times-standard.com",
        "photos.times-standard.com"
      ],
      "Q": 12262,
      "A": 307291,
      "U": 129316,
      "M": 22808,
      "Country": null,
      "FD": 1570575600,
      "LD": 1634540400,
      "FI": 1294059600,
      "LI": 1635145200,
      "S": 17899,
      "META": null
    },
    {
      "D": "napavalleyregister.com",
      "LOS": [
        "napavalleyregister.com"
      ],
      "Q": 13994,
      "A": 16650,
      "U": 57354,
      "M": 11714,
      "Country": null,
      "FD": 1346335200,
      "LD": 1635058800,
      "FI": 1294059600,
      "LI": 1635058800,
      "S": 16106,
      "META": null
    },
    {
      "D": "thereporter.com",
      "LOS": [
        "calendar.thereporter.com",
        "m.thereporter.com",
        "findnsave.thereporter.com"
      ],
      "Q": 14791,
      "A": 328072,
      "U": 138507,
      "M": 42122,
      "Country": null,
      "FD": 1565478000,
      "LD": 1634540400,
      "FI": 1294059600,
      "LI": 1635058800,
      "S": 18402,
      "META": null
    },
    {
      "D": "timesheraldonline.com",
      "LOS": [
        "calendar.timesheraldonline.com",
        "m.timesheraldonline.com",
        "findnsave.timesheraldonline.com",
        "photos.timesheraldonline.com"
      ],
      "Q": 17056,
      "A": 323759,
      "U": 104905,
      "M": 31041,
      "Country": null,
      "FD": 1564354800,
      "LD": 1634540400,
      "FI": 1294059600,
      "LI": 1635058800,
      "S": 18186,
      "META": null
    },
    {
      "D": "timesherald.com",
      "LOS": [
        "findnsave.timesherald.com",
        "mylocal.timesherald.com",
        "ads.timesherald.com",
        "dfm.timesherald.com"
      ],
      "Q": 17662,
      "A": 32104,
      "U": 196328,
      "M": 50967,
      "Country": null,
      "FD": 1571958000,
      "LD": 1635058800,
      "FI": 1294059600,
      "LI": 1635058800,
      "S": 23544,
      "META": null
    },
    {
      "D": "troyrecord.com",
      "LOS": [
        "dfm.troyrecord.com",
        "findnsave.troyrecord.com",
        "events.troyrecord.com"
      ],
      "Q": 19881,
      "A": 28165,
      "U": 150393,
      "M": 44461,
      "Country": null,
      "FD": 1581721200,
      "LD": 1635058800,
      "FI": 1294059600,
      "LI": 1635058800,
      "S": 23544,
      "META": null
    },
    {
      "D": "thereporteronline.com",
      "LOS": [
        "ads.thereporteronline.com",
        "mylocal.thereporteronline.com",
        "findnsave.thereporteronline.com",
        "events.thereporteronline.com"
      ],
      "Q": 26751,
      "A": 380663,
      "U": 158581,
      "M": 60908,
      "Country": null,
      "FD": 1583190000,
      "LD": 1634540400,
      "FI": 982537200,
      "LI": 1635058800,
      "S": 23760,
      "META": null
    },
    {
      "D": "oneidadispatch.com",
      "LOS": [
        "findnsave.oneidadispatch.com",
        "halloween.oneidadispatch.com",
        "dfm.oneidadispatch.com",
        "events.oneidadispatch.com"
      ],
      "Q": 34405,
      "A": 38757,
      "U": 198124,
      "M": 118136,
      "Country": null,
      "FD": 1555023600,
      "LD": 1635058800,
      "FI": 1279836000,
      "LI": 1635058800,
      "S": 19766,
      "META": null
    },
    {
      "D": "benningtonbanner.com",
      "LOS": [
        "m.benningtonbanner.com",
        "events.benningtonbanner.com",
        "findnsave.benningtonbanner.com"
      ],
      "Q": 37505,
      "A": 364903,
      "U": 1000001,
      "M": 44103,
      "Country": null,
      "FD": 1564354800,
      "LD": 1635058800,
      "FI": 1294059600,
      "LI": 1635058800,
      "S": 999,
      "META": null
    },
    {
      "D": "timescall.com",
      "LOS": [
        "photos.timescall.com",
        "findnsave.timescall.com",
        "newsvideo.timescall.com"
      ],
      "Q": 41531,
      "A": 31793,
      "U": 130095,
      "M": 33148,
      "Country": null,
      "FD": 1588287600,
      "LD": 1633244400,
      "FI": 1294059600,
      "LI": 1635058800,
      "S": 17883,
      "META": null
    },
    {
      "D": "canoncitydailyrecord.com",
      "LOS": [
        "findnsave.canoncitydailyrecord.com",
        "photos.canoncitydailyrecord.com"
      ],
      "Q": 45566,
      "A": 30195,
      "U": 206709,
      "M": 83992,
      "Country": null,
      "FD": 1588114800,
      "LD": 1633244400,
      "FI": 1130191200,
      "LI": 1634626800,
      "S": 13513,
      "META": null
    },
    {
      "D": "bayareanewsgroup.com",
      "LOS": [
        "bayareanewsgroup.com"
      ],
      "Q": 46624,
      "A": 390880,
      "U": 62143,
      "M": 328389,
      "Country": null,
      "FD": 1498950000,
      "LD": 1634799600,
      "FI": 1294059600,
      "LI": 1635058800,
      "S": 13041,
      "META": null
    },
    {
      "D": "tbrnews.com",
      "LOS": [
        "tbrnews.com"
      ],
      "Q": 49706,
      "A": 38024,
      "U": 1000001,
      "M": 151276,
      "Country": null,
      "FD": 1622098800,
      "LD": 1633935600,
      "FI": 952124400,
      "LI": 1635058800,
      "S": 2154,
      "META": null
    },
    {
      "D": "boothbayregister.com",
      "LOS": [
        "boothbayregister.com"
      ],
      "Q": 53184,
      "A": 353274,
      "U": 1000001,
      "M": 159815,
      "Country": null,
      "FD": 1624690800,
      "LD": 1635058800,
      "FI": 1346335200,
      "LI": 1635058800,
      "S": 490,
      "META": null
    },
    {
      "D": "berksmontnews.com",
      "LOS": [
        "berksmontnews.com"
      ],
      "Q": 56050,
      "A": 457639,
      "U": 1000001,
      "M": 295404,
      "Country": null,
      "FD": 1630047600,
      "LD": 1634540400,
      "FI": 955663200,
      "LI": 1635058800,
      "S": 3700,
      "META": null
    },
    {
      "D": "onlineregister.com",
      "LOS": [
        "onlineregister.com"
      ],
      "Q": 60100,
      "A": 1412960,
      "U": 3684,
      "M": 734491,
      "Country": null,
      "FD": 1345730400,
      "LD": 1635058800,
      "FI": 1294059600,
      "LI": 1635058800,
      "S": 0,
      "META": null
    },
    {
      "D": "currentargus.com",
      "LOS": [
        "m.currentargus.com",
        "findnsave.currentargus.com"
      ],
      "Q": 60716,
      "A": 345833,
      "U": 147697,
      "M": 35920,
      "Country": null,
      "FD": 1567897200,
      "LD": 1635058800,
      "FI": 1294059600,
      "LI": 1635058800,
      "S": 16818,
      "META": null
    },
    {
      "D": "newsregister.com",
      "LOS": [
        "newsregister.com"
      ],
      "Q": 62137,
      "A": 609231,
      "U": 1000001,
      "M": 166624,
      "Country": null,
      "FD": 1345730400,
      "LD": 1635058800,
      "FI": 1294059600,
      "LI": 1635058800,
      "S": 270,
      "META": null
    },
    {
      "D": "buckslocalnews.com",
      "LOS": [
        "buckslocalnews.com"
      ],
      "Q": 65983,
      "A": 44428,
      "U": 1000001,
      "M": 134584,
      "Country": null,
      "FD": 1632898800,
      "LD": 1634540400,
      "FI": 1294059600,
      "LI": 1635058800,
      "S": 9580,
      "META": null
    },
    {
      "D": "countytimes.com",
      "LOS": [
        "halloween.countytimes.com"
      ],
      "Q": 103133,
      "A": 394958,
      "U": 1000001,
      "M": 180527,
      "Country": null,
      "FD": 1628060400,
      "LD": 1633244400,
      "FI": 1294059600,
      "LI": 1635058800,
      "S": 1866,
      "META": null
    },
    {
      "D": "orovillemr.com",
      "LOS": [
        "findnsave.orovillemr.com",
        "photos.orovillemr.com"
      ],
      "Q": 108394,
      "A": 360767,
      "U": 202637,
      "M": 114365,
      "Country": null,
      "FD": 1588287600,
      "LD": 1634540400,
      "FI": 1294059600,
      "LI": 1635058800,
      "S": 18186,
      "META": null
    },
    {
      "D": "thevalleydispatch.com",
      "LOS": [
        "photos.thevalleydispatch.com",
        "m.thevalleydispatch.com"
      ],
      "Q": 114343,
      "A": 1279118,
      "U": 1000001,
      "M": 1000001,
      "Country": null,
      "FD": 1599634800,
      "LD": 1634540400,
      "FI": 1294059600,
      "LI": 1635058800,
      "S": 0,
      "META": null
    },
    {
      "D": "k9tacticalgear.com",
      "LOS": [
        "k9tacticalgear.com"
      ],
      "Q": 150300,
      "A": 22247344,
      "U": 1000001,
      "M": 1000001,
      "Country": null,
      "FD": 1364302800,
      "LD": 1635058800,
      "FI": 1315144800,
      "LI": 1635058800,
      "S": 581,
      "META": null
    },
    {
      "D": "nabjjf.com",
      "LOS": [
        "nabjjf.com"
      ],
      "Q": 157606,
      "A": 16114783,
      "U": 1000001,
      "M": 1000001,
      "Country": null,
      "FD": 1364302800,
      "LD": 1635058800,
      "FI": 1320584400,
      "LI": 1635058800,
      "S": 0,
      "META": null
    },
    {
      "D": "broomfieldenterprise.com",
      "LOS": [
        "autos.broomfieldenterprise.com",
        "m.broomfieldenterprise.com",
        "photos.broomfieldenterprise.com",
        "mediacenter.broomfieldenterprise.com"
      ],
      "Q": 178781,
      "A": 610064,
      "U": 275448,
      "M": 35462,
      "Country": null,
      "FD": 1565478000,
      "LD": 1634540400,
      "FI": 1007247600,
      "LI": 1635058800,
      "S": 18322,
      "META": null
    },
    {
      "D": "buildllc.com",
      "LOS": [
        "buildllc.com"
      ],
      "Q": 185600,
      "A": 37144,
      "U": 1000001,
      "M": 282016,
      "Country": null,
      "FD": 1383865200,
      "LD": 1635058800,
      "FI": 1294059600,
      "LI": 1635058800,
      "S": 39,
      "META": null
    },
    {
      "D": "bulkregister.com",
      "LOS": [
        "bulkregister.com"
      ],
      "Q": 198436,
      "A": 6686150,
      "U": 1000001,
      "M": 471189,
      "Country": null,
      "FD": 1346335200,
      "LD": 1635058800,
      "FI": 948582000,
      "LI": 1635058800,
      "S": 98,
      "META": null
    },
    {
      "D": "northrockland.org",
      "LOS": [
        "northrockland.org"
      ],
      "Q": 206903,
      "A": 192845,
      "U": 1000001,
      "M": 1000001,
      "Country": null,
      "FD": 1434841200,
      "LD": 1635058800,
      "FI": 1434841200,
      "LI": 1635058800,
      "S": 0,
      "META": null
    },
    {
      "D": "oregonwinepress.com",
      "LOS": [
        "oregonwinepress.com"
      ],
      "Q": 216621,
      "A": 68398,
      "U": 1000001,
      "M": 418344,
      "Country": null,
      "FD": 1369922400,
      "LD": 1635058800,
      "FI": 1362056400,
      "LI": 1635058800,
      "S": 0,
      "META": null
    },
    {
      "D": "brinkster.com",
      "LOS": [
        "newwebmail.brinkster.com",
        "sendmail4.brinkster.com",
        "sendmail.brinkster.com",
        "sendmail2.brinkster.com",
        "sendmail3.brinkster.com"
      ],
      "Q": 220366,
      "A": 21298,
      "U": 155461,
      "M": 7978,
      "Country": null,
      "FD": 1364302800,
      "LD": 1635058800,
      "FI": 1294059600,
      "LI": 1635058800,
      "S": 674,
      "META": null
    },
    {
      "D": "tarathai.com",
      "LOS": [
        "tarathai.com"
      ],
      "Q": 258347,
      "A": 6740963,
      "U": 1000001,
      "M": 1000001,
      "Country": null,
      "FD": 1348149600,
      "LD": 1635058800,
      "FI": 1320584400,
      "LI": 1635058800,
      "S": 0,
      "META": null
    },
    {
      "D": "buffzone.com",
      "LOS": [
        "newsvideo.buffzone.com"
      ],
      "Q": 264833,
      "A": 441306,
      "U": 282526,
      "M": 302542,
      "Country": null,
      "FD": 1531436400,
      "LD": 1634540400,
      "FI": 978735600,
      "LI": 1635058800,
      "S": 12473,
      "META": null
    },
    {
      "D": "nashobavalleyvoice.com",
      "LOS": [
        "photos.nashobavalleyvoice.com"
      ],
      "Q": 268630,
      "A": 1672408,
      "U": 1000001,
      "M": 1000001,
      "Country": null,
      "FD": 1599634800,
      "LD": 1634540400,
      "FI": 1445468400,
      "LI": 1635145200,
      "S": 7859,
      "META": null
    },
    {
      "D": "cpme.org",
      "LOS": [
        "mail.cpme.org"
      ],
      "Q": 285037,
      "A": 10631282,
      "U": 1000001,
      "M": 915594,
      "Country": null,
      "FD": 1587078000,
      "LD": 1635058800,
      "FI": 1348668000,
      "LI": 1635058800,
      "S": 770,
      "META": null
    },
    {
      "D": "ccesuffolk.org",
      "LOS": [
        "mail.ccesuffolk.org"
      ],
      "Q": 291248,
      "A": 1116235,
      "U": 1000001,
      "M": 475212,
      "Country": null,
      "FD": 1624518000,
      "LD": 1635058800,
      "FI": 1294059600,
      "LI": 1635058800,
      "S": 651,
      "META": null
    },
    {
      "D": "bleachercreatures.com",
      "LOS": [
        "bleachercreatures.com"
      ],
      "Q": 304642,
      "A": 10694424,
      "U": 1000001,
      "M": 1000001,
      "Country": null,
      "FD": 1385074800,
      "LD": 1635058800,
      "FI": 1385074800,
      "LI": 1635058800,
      "S": 531,
      "META": null
    },
    {
      "D": "contracostatimes.com",
      "LOS": [
        "forums.contracostatimes.com",
        "m.contracostatimes.com",
        "findnsave.contracostatimes.com"
      ],
      "Q": 376448,
      "A": 22072,
      "U": 1000001,
      "M": 11711,
      "Country": null,
      "FD": 1569193200,
      "LD": 1635145200,
      "FI": 1294059600,
      "LI": 1635145200,
      "S": 2370,
      "META": null
    },
    {
      "D": "chemicalregister.com",
      "LOS": [
        "chemicalregister.com"
      ],
      "Q": 378501,
      "A": 492957,
      "U": 1000001,
      "M": 547219,
      "Country": null,
      "FD": 1345730400,
      "LD": 1635145200,
      "FI": 1294059600,
      "LI": 1635145200,
      "S": 0,
      "META": null
    },
    {
      "D": "newhavenregister.com",
      "LOS": [
        "newhavenregister.com"
      ],
      "Q": 433829,
      "A": 708718,
      "U": 1000001,
      "M": 467928,
      "Country": null,
      "FD": 1346335200,
      "LD": 1635145200,
      "FI": 1294059600,
      "LI": 1635145200,
      "S": 103,
      "META": null
    },
    {
      "D": "companiesoffice.govt.nz",
      "LOS": [
        "companiesoffice.govt.nz"
      ],
      "Q": 433861,
      "A": 32771,
      "U": 212071,
      "M": 1000001,
      "Country": null,
      "FD": 1499122800,
      "LD": 1635145200,
      "FI": 1476572400,
      "LI": 1635145200,
      "S": 761,
      "META": null
    },
    {
      "D": "coloradodaily.com",
      "LOS": [
        "directory.coloradodaily.com",
        "newsvideo.coloradodaily.com",
        "mediacenter.coloradodaily.com"
      ],
      "Q": 434082,
      "A": 35456,
      "U": 223958,
      "M": 96741,
      "Country": null,
      "FD": 1564354800,
      "LD": 1634540400,
      "FI": 971820000,
      "LI": 1635145200,
      "S": 12522,
      "META": null
    },
    {
      "D": "twincities.com",
      "LOS": [
        "photos.twincities.com",
        "findnsave.twincities.com"
      ],
      "Q": 436469,
      "A": 4506,
      "U": 28185,
      "M": 3189,
      "Country": null,
      "FD": 1564354800,
      "LD": 1634540400,
      "FI": 951778800,
      "LI": 1635145200,
      "S": 24728,
      "META": null
    },
    {
      "D": "brushnewstribune.com",
      "LOS": [
        "directory.brushnewstribune.com",
        "m.brushnewstribune.com"
      ],
      "Q": 438979,
      "A": 539411,
      "U": 1000001,
      "M": 547963,
      "Country": null,
      "FD": 1588114800,
      "LD": 1634540400,
      "FI": 1294059600,
      "LI": 1635145200,
      "S": 12442,
      "META": null
    },
    {
      "D": "berkshireeagle.com",
      "LOS": [
        "m.berkshireeagle.com",
        "findnsave.berkshireeagle.com"
      ],
      "Q": 442706,
      "A": 28203,
      "U": 69732,
      "M": 15396,
      "Country": null,
      "FD": 1555023600,
      "LD": 1635145200,
      "FI": 1294059600,
      "LI": 1635145200,
      "S": 1147,
      "META": null
    },
    {
      "D": "nevada-register.com",
      "LOS": [
        "ftp.nevada-register.com"
      ],
      "Q": 556133,
      "A": 1681348,
      "U": 1000001,
      "M": 1000001,
      "Country": null,
      "FD": 1624518000,
      "LD": 1635145200,
      "FI": 1492470000,
      "LI": 1635145200,
      "S": 0,
      "META": null
    },
    {
      "D": "kararegister.com",
      "LOS": [
        "kararegister.com"
      ],
      "Q": 570786,
      "A": 7209259,
      "U": 1000001,
      "M": 1000001,
      "Country": null,
      "FD": 1630047600,
      "LD": 1635058800,
      "FI": 1461625200,
      "LI": 1635145200,
      "S": 0,
      "META": null
    },
    {
      "D": "cvent.net",
      "LOS": [
        "cvent.net"
      ],
      "Q": 580072,
      "A": 17065444,
      "U": 1000001,
      "M": 1000001,
      "Country": null,
      "FD": 1412204400,
      "LD": 1635145200,
      "FI": 951951600,
      "LI": 1635145200,
      "S": 0,
      "META": null
    },
    {
      "D": "consultancyregister.com",
      "LOS": [
        "consultancyregister.com"
      ],
      "Q": 649540,
      "A": 6591515,
      "U": 1000001,
      "M": 1000001,
      "Country": null,
      "FD": 1628146800,
      "LD": 1633244400,
      "FI": 1315144800,
      "LI": 1633244400,
      "S": 577,
      "META": null
    },
    {
      "D": "corenttech.com",
      "LOS": [
        "ftp.corenttech.com"
      ],
      "Q": 792398,
      "A": 525490,
      "U": 1000001,
      "M": 1000001,
      "Country": null,
      "FD": 1624518000,
      "LD": 1635231600,
      "FI": 1362056400,
      "LI": 1635231600,
      "S": 1629,
      "META": null
    },
    {
      "D": "cventevents.com",
      "LOS": [
        "cventevents.com"
      ],
      "Q": 862934,
      "A": 3110257,
      "U": 187391,
      "M": 126043,
      "Country": null,
      "FD": 1447196400,
      "LD": 1635231600,
      "FI": 1447196400,
      "LI": 1635231600,
      "S": 2949,
      "META": null
    },
    {
      "D": "cf.ro",
      "LOS": [
        "cf.ro"
      ],
      "Q": 1000001,
      "A": 100000001,
      "U": 1000001,
      "M": 1000001,
      "Country": null,
      "FD": 1467241200,
      "LD": 1628146800,
      "FI": 1467241200,
      "LI": 1635231600,
      "S": 0,
      "META": null
    },
    {
      "D": "cn.et",
      "LOS": [
        "cn.et"
      ],
      "Q": 1000001,
      "A": 100000001,
      "U": 1000001,
      "M": 1000001,
      "Country": null,
      "FD": 1634626800,
      "LD": 1635231600,
      "FI": 1605600000,
      "LI": 1635231600,
      "S": 0,
      "META": null
    },
    {
      "D": "co.sd",
      "LOS": [
        "co.sd"
      ],
      "Q": 1000001,
      "A": 23135973,
      "U": 1000001,
      "M": 1000001,
      "Country": null,
      "FD": 1612944000,
      "LD": 1627714800,
      "FI": 1537830000,
      "LI": 1627714800,
      "S": 0,
      "META": null
    },
    {
      "D": "100sobre100.com",
      "LOS": [
        "100sobre100.com"
      ],
      "Q": 1000001,
      "A": 100000001,
      "U": 1000001,
      "M": 1000001,
      "Country": null,
      "FD": 1434841200,
      "LD": 1635231600,
      "FI": 1434841200,
      "LI": 1635231600,
      "S": 0,
      "META": null
    },
    {
      "D": "1000voltdigital.net",
      "LOS": [
        "1000voltdigital.net"
      ],
      "Q": 1000001,
      "A": 100000001,
      "U": 1000001,
      "M": 1000001,
      "Country": null,
      "FD": 1379286000,
      "LD": 1635231600,
      "FI": 1379286000,
      "LI": 1635231600,
      "S": 0,
      "META": null
    },
    {
      "D": "1000voltdijital.net",
      "LOS": [
        "1000voltdijital.net"
      ],
      "Q": 1000001,
      "A": 100000001,
      "U": 1000001,
      "M": 1000001,
      "Country": null,
      "FD": 1434841200,
      "LD": 1635231600,
      "FI": 1434841200,
      "LI": 1635231600,
      "S": 0,
      "META": null
    },
    {
      "D": "1000essences.com",
      "LOS": [
        "1000essences.com"
      ],
      "Q": 1000001,
      "A": 100000001,
      "U": 1000001,
      "M": 1000001,
      "Country": null,
      "FD": 1379286000,
      "LD": 1635231600,
      "FI": 1379286000,
      "LI": 1635231600,
      "S": 0,
      "META": null
    },
    {
      "D": "1000yogaposes.com",
      "LOS": [
        "1000yogaposes.com"
      ],
      "Q": 1000001,
      "A": 100000001,
      "U": 1000001,
      "M": 1000001,
      "Country": null,
      "FD": 1434841200,
      "LD": 1635231600,
      "FI": 1434841200,
      "LI": 1635231600,
      "S": 0,
      "META": null
    },
    {
      "D": "1001nightmares.com",
      "LOS": [
        "1001nightmares.com"
      ],
      "Q": 1000001,
      "A": 100000001,
      "U": 1000001,
      "M": 1000001,
      "Country": null,
      "FD": 1434841200,
      "LD": 1635231600,
      "FI": 1434841200,
      "LI": 1635231600,
      "S": 0,
      "META": null
    },
    {
      "D": "100mailboxes.com",
      "LOS": [
        "mail.100mailboxes.com"
      ],
      "Q": 1000001,
      "A": 100000001,
      "U": 1000001,
      "M": 1000001,
      "Country": null,
      "FD": 1628060400,
      "LD": 1635058800,
      "FI": 1591052400,
      "LI": 1635231600,
      "S": 0,
      "META": null
    },
    {
      "D": "1002inventions.com",
      "LOS": [
        "1002inventions.com"
      ],
      "Q": 1000001,
      "A": 100000001,
      "U": 1000001,
      "M": 1000001,
      "Country": null,
      "FD": 1434841200,
      "LD": 1635231600,
      "FI": 1434841200,
      "LI": 1635231600,
      "S": 0,
      "META": null
    },
    {
      "D": "1000voltent.net",
      "LOS": [
        "1000voltent.net"
      ],
      "Q": 1000001,
      "A": 100000001,
      "U": 1000001,
      "M": 1000001,
      "Country": null,
      "FD": 1434841200,
      "LD": 1635231600,
      "FI": 1434841200,
      "LI": 1635231600,
      "S": 0,
      "META": null
    },
    {
      "D": "1001products.com",
      "LOS": [
        "1001products.com"
      ],
      "Q": 1000001,
      "A": 100000001,
      "U": 1000001,
      "M": 1000001,
      "Country": null,
      "FD": 1434841200,
      "LD": 1635231600,
      "FI": 1434841200,
      "LI": 1635231600,
      "S": 0,
      "META": null
    },
    {
      "D": "100guineacup.net",
      "LOS": [
        "100guineacup.net"
      ],
      "Q": 1000001,
      "A": 100000001,
      "U": 1000001,
      "M": 1000001,
      "Country": null,
      "FD": 1434841200,
      "LD": 1635231600,
      "FI": 1434841200,
      "LI": 1635231600,
      "S": 0,
      "META": null
    },
    {
      "D": "100guineacup.org",
      "LOS": [
        "100guineacup.org"
      ],
      "Q": 1000001,
      "A": 100000001,
      "U": 1000001,
      "M": 1000001,
      "Country": null,
      "FD": 1434841200,
      "LD": 1635231600,
      "FI": 1434841200,
      "LI": 1635231600,
      "S": 0,
      "META": null
    },
    {
      "D": "100reasonstobelieve.com",
      "LOS": [
        "100reasonstobelieve.com"
      ],
      "Q": 1000001,
      "A": 100000001,
      "U": 1000001,
      "M": 1000001,
      "Country": null,
      "FD": 1434841200,
      "LD": 1635231600,
      "FI": 1434841200,
      "LI": 1635231600,
      "S": 0,
      "META": null
    },
    {
      "D": "10014nyc.com",
      "LOS": [
        "10014nyc.com"
      ],
      "Q": 1000001,
      "A": 100000001,
      "U": 1000001,
      "M": 1000001,
      "Country": null,
      "FD": 1434841200,
      "LD": 1635231600,
      "FI": 1434841200,
      "LI": 1635231600,
      "S": 0,
      "META": null
    },
    {
      "D": "101register.com",
      "LOS": [
        "101register.com"
      ],
      "Q": 1000001,
      "A": 71319822,
      "U": 1000001,
      "M": 1000001,
      "Country": null,
      "FD": 1434841200,
      "LD": 1628146800,
      "FI": 1434841200,
      "LI": 1635231600,
      "S": 0,
      "META": null
    },
    {
      "D": "101register.info",
      "LOS": [
        "101register.info"
      ],
      "Q": 1000001,
      "A": 100000001,
      "U": 1000001,
      "M": 1000001,
      "Country": null,
      "FD": 1434841200,
      "LD": 1628146800,
      "FI": 1434841200,
      "LI": 1635231600,
      "S": 0,
      "META": null
    },
    {
      "D": "101register.net",
      "LOS": [
        "101register.net"
      ],
      "Q": 1000001,
      "A": 100000001,
      "U": 1000001,
      "M": 1000001,
      "Country": null,
      "FD": 1434841200,
      "LD": 1628146800,
      "FI": 1434841200,
      "LI": 1635231600,
      "S": 0,
      "META": null
    },
    {
      "D": "1065scan.com",
      "LOS": [
        "1065scan.com"
      ],
      "Q": 1000001,
      "A": 100000001,
      "U": 1000001,
      "M": 1000001,
      "Country": null,
      "FD": 1434841200,
      "LD": 1635231600,
      "FI": 1434841200,
      "LI": 1635231600,
      "S": 0,
      "META": null
    },
    {
      "D": "10minutetimemanagement.com",
      "LOS": [
        "10minutetimemanagement.com"
      ],
      "Q": 1000001,
      "A": 100000001,
      "U": 1000001,
      "M": 1000001,
      "Country": null,
      "FD": 1434841200,
      "LD": 1635231600,
      "FI": 1434841200,
      "LI": 1635231600,
      "S": 0,
      "META": null
    },
    {
      "D": "10poundsthinner.com",
      "LOS": [
        "10poundsthinner.com"
      ],
      "Q": 1000001,
      "A": 100000001,
      "U": 1000001,
      "M": 1000001,
      "Country": null,
      "FD": 1434841200,
      "LD": 1635231600,
      "FI": 1434841200,
      "LI": 1635231600,
      "S": 0,
      "META": null
    },
    {
      "D": "10-best-uk-casinos.co.uk",
      "LOS": [
        "10-best-uk-casinos.co.uk"
      ],
      "Q": 1000001,
      "A": 100000001,
      "U": 1000001,
      "M": 1000001,
      "Country": null,
      "FD": 1507158000,
      "LD": 1635231600,
      "FI": 1507158000,
      "LI": 1635231600,
      "S": 0,
      "META": null
    },
    {
      "D": "117management.com",
      "LOS": [
        "117management.com"
      ],
      "Q": 1000001,
      "A": 100000001,
      "U": 1000001,
      "M": 1000001,
      "Country": null,
      "FD": 1434841200,
      "LD": 1628146800,
      "FI": 1434841200,
      "LI": 1628146800,
      "S": 0,
      "META": null
    },
    {
      "D": "11kv.co.nz",
      "LOS": [
        "11kv.co.nz"
      ],
      "Q": 1000001,
      "A": 100000001,
      "U": 1000001,
      "M": 1000001,
      "Country": null,
      "FD": 1434841200,
      "LD": 1635231600,
      "FI": 1434841200,
      "LI": 1635231600,
      "S": 0,
      "META": null
    },
    {
      "D": "11kvnz.co.nz",
      "LOS": [
        "11kvnz.co.nz"
      ],
      "Q": 1000001,
      "A": 100000001,
      "U": 1000001,
      "M": 1000001,
      "Country": null,
      "FD": 1434841200,
      "LD": 1628146800,
      "FI": 1434841200,
      "LI": 1628146800,
      "S": 0,
      "META": null
    },
    {
      "D": "123metalcanvas.com",
      "LOS": [
        "123metalcanvas.com"
      ],
      "Q": 1000001,
      "A": 100000001,
      "U": 1000001,
      "M": 1000001,
      "Country": null,
      "FD": 1434841200,
      "LD": 1628233200,
      "FI": 1434841200,
      "LI": 1628233200,
      "S": 0,
      "META": null
    },
    {
      "D": "123carinsurance.com",
      "LOS": [
        "123carinsurance.com"
      ],
      "Q": 1000001,
      "A": 100000001,
      "U": 1000001,
      "M": 1000001,
      "Country": null,
      "FD": 1434841200,
      "LD": 1635231600,
      "FI": 1434841200,
      "LI": 1635231600,
      "S": 0,
      "META": null
    },
    {
      "D": "123pics.com",
      "LOS": [
        "123pics.com"
      ],
      "Q": 1000001,
      "A": 100000001,
      "U": 1000001,
      "M": 1000001,
      "Country": null,
      "FD": 1434841200,
      "LD": 1635231600,
      "FI": 1434841200,
      "LI": 1635231600,
      "S": 0,
      "META": null
    },
    {
      "D": "123keyboards.com",
      "LOS": [
        "123keyboards.com"
      ],
      "Q": 1000001,
      "A": 100000001,
      "U": 1000001,
      "M": 1000001,
      "Country": null,
      "FD": 1434841200,
      "LD": 1635231600,
      "FI": 1434841200,
      "LI": 1635231600,
      "S": 0,
      "META": null
    },
    {
      "D": "123wanted.com",
      "LOS": [
        "123wanted.com"
      ],
      "Q": 1000001,
      "A": 100000001,
      "U": 1000001,
      "M": 1000001,
      "Country": null,
      "FD": 1434841200,
      "LD": 1635231600,
      "FI": 1434841200,
      "LI": 1635231600,
      "S": 0,
      "META": null
    },
    {
      "D": "123directories.com",
      "LOS": [
        "123directories.com"
      ],
      "Q": 1000001,
      "A": 100000001,
      "U": 1000001,
      "M": 1000001,
      "Country": null,
      "FD": 1434841200,
      "LD": 1635231600,
      "FI": 1434841200,
      "LI": 1635231600,
      "S": 0,
      "META": null
    },
    {
      "D": "123jokes.com",
      "LOS": [
        "123jokes.com"
      ],
      "Q": 1000001,
      "A": 100000001,
      "U": 1000001,
      "M": 1000001,
      "Country": null,
      "FD": 1434841200,
      "LD": 1635231600,
      "FI": 1434841200,
      "LI": 1635231600,
      "S": 0,
      "META": null
    },
    {
      "D": "123strings.com",
      "LOS": [
        "123strings.com"
      ],
      "Q": 1000001,
      "A": 100000001,
      "U": 1000001,
      "M": 1000001,
      "Country": null,
      "FD": 1434841200,
      "LD": 1635231600,
      "FI": 1434841200,
      "LI": 1635231600,
      "S": 0,
      "META": null
    },
    {
      "D": "123pic.com",
      "LOS": [
        "123pic.com"
      ],
      "Q": 1000001,
      "A": 100000001,
      "U": 1000001,
      "M": 1000001,
      "Country": null,
      "FD": 1434841200,
      "LD": 1635231600,
      "FI": 1434841200,
      "LI": 1635231600,
      "S": 0,
      "META": null
    },
    {
      "D": "123soldit.com",
      "LOS": [
        "123soldit.com"
      ],
      "Q": 1000001,
      "A": 100000001,
      "U": 1000001,
      "M": 1000001,
      "Country": null,
      "FD": 1434841200,
      "LD": 1635231600,
      "FI": 1434841200,
      "LI": 1635231600,
      "S": 0,
      "META": null
    },
    {
      "D": "123joke.com",
      "LOS": [
        "123joke.com"
      ],
      "Q": 1000001,
      "A": 100000001,
      "U": 1000001,
      "M": 1000001,
      "Country": null,
      "FD": 1434841200,
      "LD": 1635231600,
      "FI": 1434841200,
      "LI": 1635231600,
      "S": 0,
      "META": null
    },
    {
      "D": "123chile.com",
      "LOS": [
        "123chile.com"
      ],
      "Q": 1000001,
      "A": 100000001,
      "U": 1000001,
      "M": 1000001,
      "Country": null,
      "FD": 1434841200,
      "LD": 1628233200,
      "FI": 1434841200,
      "LI": 1628233200,
      "S": 0,
      "META": null
    },
    {
      "D": "123drums.com",
      "LOS": [
        "123drums.com"
      ],
      "Q": 1000001,
      "A": 100000001,
      "U": 1000001,
      "M": 1000001,
      "Country": null,
      "FD": 1434841200,
      "LD": 1635231600,
      "FI": 1434841200,
      "LI": 1635231600,
      "S": 0,
      "META": null
    },
    {
      "D": "123band.com",
      "LOS": [
        "123band.com"
      ],
      "Q": 1000001,
      "A": 100000001,
      "U": 1000001,
      "M": 1000001,
      "Country": null,
      "FD": 1434841200,
      "LD": 1635231600,
      "FI": 1434841200,
      "LI": 1635231600,
      "S": 0,
      "META": null
    },
    {
      "D": "123percussion.com",
      "LOS": [
        "123percussion.com"
      ],
      "Q": 1000001,
      "A": 100000001,
      "U": 1000001,
      "M": 1000001,
      "Country": null,
      "FD": 1434841200,
      "LD": 1635231600,
      "FI": 1434841200,
      "LI": 1635231600,
      "S": 0,
      "META": null
    },
    {
      "D": "123los.at",
      "LOS": [
        "123los.at"
      ],
      "Q": 1000001,
      "A": 100000001,
      "U": 1000001,
      "M": 1000001,
      "Country": null,
      "FD": 1600383600,
      "LD": 1635231600,
      "FI": 1600383600,
      "LI": 1635231600,
      "S": 0,
      "META": null
    },
    {
      "D": "123snapshot.com",
      "LOS": [
        "123snapshot.com"
      ],
      "Q": 1000001,
      "A": 100000001,
      "U": 1000001,
      "M": 1000001,
      "Country": null,
      "FD": 1379286000,
      "LD": 1635231600,
      "FI": 1379286000,
      "LI": 1635231600,
      "S": 0,
      "META": null
    },
    {
      "D": "123gonow.co",
      "LOS": [
        "123gonow.co"
      ],
      "Q": 1000001,
      "A": 100000001,
      "U": 1000001,
      "M": 1000001,
      "Country": null,
      "FD": 1434841200,
      "LD": 1635231600,
      "FI": 1434841200,
      "LI": 1635231600,
      "S": 0,
      "META": null
    },
    {
      "D": "123foreclosure.com",
      "LOS": [
        "123foreclosure.com"
      ],
      "Q": 1000001,
      "A": 100000001,
      "U": 1000001,
      "M": 1000001,
      "Country": null,
      "FD": 1434841200,
      "LD": 1635231600,
      "FI": 1434841200,
      "LI": 1635231600,
      "S": 0,
      "META": null
    },
    {
      "D": "123foodcart.com",
      "LOS": [
        "123foodcart.com"
      ],
      "Q": 1000001,
      "A": 100000001,
      "U": 1000001,
      "M": 1000001,
      "Country": null,
      "FD": 1434841200,
      "LD": 1635231600,
      "FI": 1434841200,
      "LI": 1635231600,
      "S": 0,
      "META": null
    },
    {
      "D": "123directory.com",
      "LOS": [
        "123directory.com"
      ],
      "Q": 1000001,
      "A": 100000001,
      "U": 1000001,
      "M": 1000001,
      "Country": null,
      "FD": 1434841200,
      "LD": 1635231600,
      "FI": 1434841200,
      "LI": 1635231600,
      "S": 0,
      "META": null
    },
    {
      "D": "123brass.com",
      "LOS": [
        "123brass.com"
      ],
      "Q": 1000001,
      "A": 100000001,
      "U": 1000001,
      "M": 1000001,
      "Country": null,
      "FD": 1434841200,
      "LD": 1635231600,
      "FI": 1434841200,
      "LI": 1635231600,
      "S": 0,
      "META": null
    },
    {
      "D": "123tv.tv",
      "LOS": [
        "123tv.tv"
      ],
      "Q": 1000001,
      "A": 100000001,
      "U": 1000001,
      "M": 1000001,
      "Country": null,
      "FD": 1583622000,
      "LD": 1635231600,
      "FI": 1566774000,
      "LI": 1635231600,
      "S": 0,
      "META": null
    },
    {
      "D": "127wallst.com",
      "LOS": [
        "127wallst.com"
      ],
      "Q": 1000001,
      "A": 100000001,
      "U": 1000001,
      "M": 1000001,
      "Country": null,
      "FD": 1434841200,
      "LD": 1635231600,
      "FI": 1434841200,
      "LI": 1635231600,
      "S": 0,
      "META": null
    },
    {
      "D": "128steps.com",
      "LOS": [
        "128steps.com"
      ],
      "Q": 1000001,
      "A": 100000001,
      "U": 1000001,
      "M": 1000001,
      "Country": null,
      "FD": 1434841200,
      "LD": 1635231600,
      "FI": 1434841200,
      "LI": 1635231600,
      "S": 0,
      "META": null
    },
    {
      "D": "1295dentalimplant.com",
      "LOS": [
        "1295dentalimplant.com"
      ],
      "Q": 1000001,
      "A": 100000001,
      "U": 1000001,
      "M": 1000001,
      "Country": null,
      "FD": 1434841200,
      "LD": 1635231600,
      "FI": 1434841200,
      "LI": 1635231600,
      "S": 0,
      "META": null
    },
    {
      "D": "1295implant.com",
      "LOS": [
        "1295implant.com"
      ],
      "Q": 1000001,
      "A": 100000001,
      "U": 1000001,
      "M": 1000001,
      "Country": null,
      "FD": 1434841200,
      "LD": 1635231600,
      "FI": 1434841200,
      "LI": 1635231600,
      "S": 0,
      "META": null
    },
    {
      "D": "1295implants.com",
      "LOS": [
        "1295implants.com"
      ],
      "Q": 1000001,
      "A": 100000001,
      "U": 1000001,
      "M": 1000001,
      "Country": null,
      "FD": 1434841200,
      "LD": 1635231600,
      "FI": 1434841200,
      "LI": 1635231600,
      "S": 0,
      "META": null
    },
    {
      "D": "12and3.com",
      "LOS": [
        "12and3.com"
      ],
      "Q": 1000001,
      "A": 100000001,
      "U": 1000001,
      "M": 1000001,
      "Country": null,
      "FD": 1434841200,
      "LD": 1635231600,
      "FI": 1434841200,
      "LI": 1635231600,
      "S": 0,
      "META": null
    },
    {
      "D": "12condos.com",
      "LOS": [
        "12condos.com"
      ],
      "Q": 1000001,
      "A": 100000001,
      "U": 1000001,
      "M": 1000001,
      "Country": null,
      "FD": 1434841200,
      "LD": 1635231600,
      "FI": 1434841200,
      "LI": 1635231600,
      "S": 0,
      "META": null
    },
    {
      "D": "12residences.com",
      "LOS": [
        "12residences.com"
      ],
      "Q": 1000001,
      "A": 100000001,
      "U": 1000001,
      "M": 1000001,
      "Country": null,
      "FD": 1434841200,
      "LD": 1635231600,
      "FI": 1434841200,
      "LI": 1635231600,
      "S": 0,
      "META": null
    },
    {
      "D": "13arod.net",
      "LOS": [
        "13arod.net"
      ],
      "Q": 1000001,
      "A": 100000001,
      "U": 1000001,
      "M": 1000001,
      "Country": null,
      "FD": 1434841200,
      "LD": 1628233200,
      "FI": 1434841200,
      "LI": 1628233200,
      "S": 0,
      "META": null
    },
    {
      "D": "13upg.com",
      "LOS": [
        "13upg.com"
      ],
      "Q": 1000001,
      "A": 100000001,
      "U": 1000001,
      "M": 1000001,
      "Country": null,
      "FD": 1434841200,
      "LD": 1628233200,
      "FI": 1434841200,
      "LI": 1628233200,
      "S": 0,
      "META": null
    },
    {
      "D": "142suffolk.com",
      "LOS": [
        "142suffolk.com"
      ],
      "Q": 1000001,
      "A": 100000001,
      "U": 1000001,
      "M": 1000001,
      "Country": null,
      "FD": 1434841200,
      "LD": 1628233200,
      "FI": 1434841200,
      "LI": 1628233200,
      "S": 0,
      "META": null
    },
    {
      "D": "143more.com",
      "LOS": [
        "143more.com"
      ],
      "Q": 1000001,
      "A": 100000001,
      "U": 1000001,
      "M": 1000001,
      "Country": null,
      "FD": 1381705200,
      "LD": 1630998000,
      "FI": 1379286000,
      "LI": 1630998000,
      "S": 0,
      "META": null
    },
    {
      "D": "1440songs.com",
      "LOS": [
        "1440songs.com"
      ],
      "Q": 1000001,
      "A": 100000001,
      "U": 1000001,
      "M": 1000001,
      "Country": null,
      "FD": 1434841200,
      "LD": 1628233200,
      "FI": 1434841200,
      "LI": 1628233200,
      "S": 0,
      "META": null
    },
    {
      "D": "15minutevacations.com",
      "LOS": [
        "15minutevacations.com"
      ],
      "Q": 1000001,
      "A": 100000001,
      "U": 1000001,
      "M": 1000001,
      "Country": null,
      "FD": 1434841200,
      "LD": 1627714800,
      "FI": 1434841200,
      "LI": 1627714800,
      "S": 0,
      "META": null
    },
    {
      "D": "15strong.tv",
      "LOS": [
        "15strong.tv"
      ],
      "Q": 1000001,
      "A": 100000001,
      "U": 1000001,
      "M": 1000001,
      "Country": null,
      "FD": 1434841200,
      "LD": 1628233200,
      "FI": 1434841200,
      "LI": 1628233200,
      "S": 0,
      "META": null
    },
    {
      "D": "171middlerd.com",
      "LOS": [
        "171middlerd.com"
      ],
      "Q": 1000001,
      "A": 100000001,
      "U": 1000001,
      "M": 1000001,
      "Country": null,
      "FD": 1434841200,
      "LD": 1628233200,
      "FI": 1434841200,
      "LI": 1628233200,
      "S": 0,
      "META": null
    },
    {
      "D": "172and472setfund.com",
      "LOS": [
        "172and472setfund.com"
      ],
      "Q": 1000001,
      "A": 100000001,
      "U": 1000001,
      "M": 1000001,
      "Country": null,
      "FD": 1434841200,
      "LD": 1635058800,
      "FI": 1434841200,
      "LI": 1635058800,
      "S": 0,
      "META": null
    },
    {
      "D": "172laborers.com",
      "LOS": [
        "172laborers.com"
      ],
      "Q": 1000001,
      "A": 100000001,
      "U": 1000001,
      "M": 1000001,
      "Country": null,
      "FD": 1434841200,
      "LD": 1628233200,
      "FI": 1434841200,
      "LI": 1628233200,
      "S": 0,
      "META": null
    },
    {
      "D": "17fights.com",
      "LOS": [
        "17fights.com"
      ],
      "Q": 1000001,
      "A": 100000001,
      "U": 1000001,
      "M": 1000001,
      "Country": null,
      "FD": 1434841200,
      "LD": 1628233200,
      "FI": 1434841200,
      "LI": 1628233200,
      "S": 0,
      "META": null
    },
    {
      "D": "17milesproperties.com",
      "LOS": [
        "17milesproperties.com"
      ],
      "Q": 1000001,
      "A": 100000001,
      "U": 1000001,
      "M": 1000001,
      "Country": null,
      "FD": 1413154800,
      "LD": 1628233200,
      "FI": 1362056400,
      "LI": 1628233200,
      "S": 0,
      "META": null
    },
    {
      "D": "1800law1010.biz",
      "LOS": [
        "1800law1010.biz"
      ],
      "Q": 1000001,
      "A": 100000001,
      "U": 1000001,
      "M": 1000001,
      "Country": null,
      "FD": 1447196400,
      "LD": 1628233200,
      "FI": 1447196400,
      "LI": 1628233200,
      "S": 0,
      "META": null
    },
    {
      "D": "1800law1010.mobi",
      "LOS": [
        "1800law1010.mobi"
      ],
      "Q": 1000001,
      "A": 100000001,
      "U": 1000001,
      "M": 1000001,
      "Country": null,
      "FD": 1434841200,
      "LD": 1628233200,
      "FI": 1434841200,
      "LI": 1628233200,
      "S": 0,
      "META": null
    },
    {
      "D": "1800law1010.tv",
      "LOS": [
        "1800law1010.tv"
      ],
      "Q": 1000001,
      "A": 100000001,
      "U": 1000001,
      "M": 1000001,
      "Country": null,
      "FD": 1434841200,
      "LD": 1628233200,
      "FI": 1434841200,
      "LI": 1628233200,
      "S": 0,
      "META": null
    },
    {
      "D": "1800mynewloan.com",
      "LOS": [
        "1800mynewloan.com"
      ],
      "Q": 1000001,
      "A": 100000001,
      "U": 1000001,
      "M": 1000001,
      "Country": null,
      "FD": 1434841200,
      "LD": 1628233200,
      "FI": 1434841200,
      "LI": 1628233200,
      "S": 0,
      "META": null
    },
    {
      "D": "1800powdercoat.com",
      "LOS": [
        "1800powdercoat.com"
      ],
      "Q": 1000001,
      "A": 100000001,
      "U": 1000001,
      "M": 1000001,
      "Country": null,
      "FD": 1434841200,
      "LD": 1628233200,
      "FI": 1434841200,
      "LI": 1628233200,
      "S": 0,
      "META": null
    },
    {
      "D": "1800starlaw.com",
      "LOS": [
        "1800starlaw.com"
      ],
      "Q": 1000001,
      "A": 100000001,
      "U": 1000001,
      "M": 1000001,
      "Country": null,
      "FD": 1434841200,
      "LD": 1628233200,
      "FI": 1434841200,
      "LI": 1628233200,
      "S": 0,
      "META": null
    },
    {
      "D": "1800fixmyappliance.com",
      "LOS": [
        "1800fixmyappliance.com"
      ],
      "Q": 1000001,
      "A": 100000001,
      "U": 1000001,
      "M": 1000001,
      "Country": null,
      "FD": 1434841200,
      "LD": 1628233200,
      "FI": 1434841200,
      "LI": 1628233200,
      "S": 0,
      "META": null
    },
    {
      "D": "1800thechurch.com",
      "LOS": [
        "1800thechurch.com"
      ],
      "Q": 1000001,
      "A": 100000001,
      "U": 1000001,
      "M": 1000001,
      "Country": null,
      "FD": 1496271600,
      "LD": 1628233200,
      "FI": 1496271600,
      "LI": 1628233200,
      "S": 0,
      "META": null
    },
    {
      "D": "180021register.com",
      "LOS": [
        "180021register.com"
      ],
      "Q": 1000001,
      "A": 100000001,
      "U": 1000001,
      "M": 1000001,
      "Country": null,
      "FD": 1434841200,
      "LD": 1628233200,
      "FI": 1434841200,
      "LI": 1628233200,
      "S": 0,
      "META": null
    },
    {
      "D": "180021register.net",
      "LOS": [
        "180021register.net"
      ],
      "Q": 1000001,
      "A": 100000001,
      "U": 1000001,
      "M": 1000001,
      "Country": null,
      "FD": 1434841200,
      "LD": 1628233200,
      "FI": 1434841200,
      "LI": 1628233200,
      "S": 0,
      "META": null
    },
    {
      "D": "180021register.org",
      "LOS": [
        "180021register.org"
      ],
      "Q": 1000001,
      "A": 100000001,
      "U": 1000001,
      "M": 1000001,
      "Country": null,
      "FD": 1434841200,
      "LD": 1628233200,
      "FI": 1434841200,
      "LI": 1628233200,
      "S": 0,
      "META": null
    },
    {
      "D": "1800painter.net",
      "LOS": [
        "1800painter.net"
      ],
      "Q": 1000001,
      "A": 100000001,
      "U": 1000001,
      "M": 1000001,
      "Country": null,
      "FD": 1434841200,
      "LD": 1628233200,
      "FI": 1434841200,
      "LI": 1628233200,
      "S": 0,
      "META": null
    },
    {
      "D": "1800register.net",
      "LOS": [
        "1800register.net"
      ],
      "Q": 1000001,
      "A": 100000001,
      "U": 1000001,
      "M": 1000001,
      "Country": null,
      "FD": 1434841200,
      "LD": 1628233200,
      "FI": 1434841200,
      "LI": 1628233200,
      "S": 0,
      "META": null
    },
    {
      "D": "1800register.org",
      "LOS": [
        "1800register.org"
      ],
      "Q": 1000001,
      "A": 100000001,
      "U": 1000001,
      "M": 1000001,
      "Country": null,
      "FD": 1434841200,
      "LD": 1628233200,
      "FI": 1434841200,
      "LI": 1628233200,
      "S": 0,
      "META": null
    },
    {
      "D": "1800narrowshoes.com",
      "LOS": [
        "1800narrowshoes.com"
      ],
      "Q": 1000001,
      "A": 100000001,
      "U": 1000001,
      "M": 1000001,
      "Country": null,
      "FD": 1434841200,
      "LD": 1628233200,
      "FI": 1434841200,
      "LI": 1628233200,
      "S": 0,
      "META": null
    },
    {
      "D": "1800narrowfeet.com",
      "LOS": [
        "1800narrowfeet.com"
      ],
      "Q": 1000001,
      "A": 100000001,
      "U": 1000001,
      "M": 1000001,
      "Country": null,
      "FD": 1434841200,
      "LD": 1628233200,
      "FI": 1434841200,
      "LI": 1628233200,
      "S": 0,
      "META": null
    },
    {
      "D": "1800callpfg.biz",
      "LOS": [
        "1800callpfg.biz"
      ],
      "Q": 1000001,
      "A": 100000001,
      "U": 1000001,
      "M": 1000001,
      "Country": null,
      "FD": 1447196400,
      "LD": 1628233200,
      "FI": 1447196400,
      "LI": 1628233200,
      "S": 0,
      "META": null
    },
    {
      "D": "1800callpfg.tv",
      "LOS": [
        "1800callpfg.tv"
      ],
      "Q": 1000001,
      "A": 100000001,
      "U": 1000001,
      "M": 1000001,
      "Country": null,
      "FD": 1434841200,
      "LD": 1628233200,
      "FI": 1434841200,
      "LI": 1628233200,
      "S": 0,
      "META": null
    },
    {
      "D": "1800444pain.com",
      "LOS": [
        "1800444pain.com"
      ],
      "Q": 1000001,
      "A": 100000001,
      "U": 1000001,
      "M": 1000001,
      "Country": null,
      "FD": 1434841200,
      "LD": 1628233200,
      "FI": 1434841200,
      "LI": 1628233200,
      "S": 0,
      "META": null
    },
    {
      "D": "1800bundle.com",
      "LOS": [
        "1800bundle.com"
      ],
      "Q": 1000001,
      "A": 100000001,
      "U": 1000001,
      "M": 1000001,
      "Country": null,
      "FD": 1434841200,
      "LD": 1628233200,
      "FI": 1434841200,
      "LI": 1628233200,
      "S": 0,
      "META": null
    },
    {
      "D": "1800rocknroll.net",
      "LOS": [
        "1800rocknroll.net"
      ],
      "Q": 1000001,
      "A": 100000001,
      "U": 1000001,
      "M": 1000001,
      "Country": null,
      "FD": 1434841200,
      "LD": 1628233200,
      "FI": 1434841200,
      "LI": 1628233200,
      "S": 0,
      "META": null
    },
    {
      "D": "1800usahelp.com",
      "LOS": [
        "1800usahelp.com"
      ],
      "Q": 1000001,
      "A": 100000001,
      "U": 1000001,
      "M": 1000001,
      "Country": null,
      "FD": 1434841200,
      "LD": 1628233200,
      "FI": 1434841200,
      "LI": 1628233200,
      "S": 0,
      "META": null
    },
    {
      "D": "1800numero1.com",
      "LOS": [
        "1800numero1.com"
      ],
      "Q": 1000001,
      "A": 100000001,
      "U": 1000001,
      "M": 1000001,
      "Country": null,
      "FD": 1434841200,
      "LD": 1628233200,
      "FI": 1434841200,
      "LI": 1628233200,
      "S": 0,
      "META": null
    },
    {
      "D": "1800sportsbook.net",
      "LOS": [
        "1800sportsbook.net"
      ],
      "Q": 1000001,
      "A": 100000001,
      "U": 1000001,
      "M": 1000001,
      "Country": null,
      "FD": 1434841200,
      "LD": 1628233200,
      "FI": 1434841200,
      "LI": 1628233200,
      "S": 0,
      "META": null
    },
    {
      "D": "1800lawyer1.com",
      "LOS": [
        "1800lawyer1.com"
      ],
      "Q": 1000001,
      "A": 100000001,
      "U": 1000001,
      "M": 1000001,
      "Country": null,
      "FD": 1434841200,
      "LD": 1628233200,
      "FI": 1434841200,
      "LI": 1628233200,
      "S": 0,
      "META": null
    },
    {
      "D": "1800603care.com",
      "LOS": [
        "1800603care.com"
      ],
      "Q": 1000001,
      "A": 100000001,
      "U": 1000001,
      "M": 1000001,
      "Country": null,
      "FD": 1434841200,
      "LD": 1628233200,
      "FI": 1434841200,
      "LI": 1628233200,
      "S": 0,
      "META": null
    },
    {
      "D": "1800medsurg.com",
      "LOS": [
        "1800medsurg.com"
      ],
      "Q": 1000001,
      "A": 100000001,
      "U": 1000001,
      "M": 1000001,
      "Country": null,
      "FD": 1434841200,
      "LD": 1628233200,
      "FI": 1434841200,
      "LI": 1628233200,
      "S": 0,
      "META": null
    },
    {
      "D": "1800network.info",
      "LOS": [
        "1800network.info"
      ],
      "Q": 1000001,
      "A": 100000001,
      "U": 1000001,
      "M": 1000001,
      "Country": null,
      "FD": 1434841200,
      "LD": 1634799600,
      "FI": 1434841200,
      "LI": 1634799600,
      "S": 0,
      "META": null
    },
    {
      "D": "1800waterheaters.net",
      "LOS": [
        "1800waterheaters.net"
      ],
      "Q": 1000001,
      "A": 100000001,
      "U": 1000001,
      "M": 1000001,
      "Country": null,
      "FD": 1434841200,
      "LD": 1628233200,
      "FI": 1434841200,
      "LI": 1628233200,
      "S": 0,
      "META": null
    },
    {
      "D": "1800wifiusa.com",
      "LOS": [
        "1800wifiusa.com"
      ],
      "Q": 1000001,
      "A": 100000001,
      "U": 1000001,
      "M": 1000001,
      "Country": null,
      "FD": 1434841200,
      "LD": 1630998000,
      "FI": 1434841200,
      "LI": 1630998000,
      "S": 0,
      "META": null
    },
    {
      "D": "1800wifiusa.net",
      "LOS": [
        "1800wifiusa.net"
      ],
      "Q": 1000001,
      "A": 100000001,
      "U": 1000001,
      "M": 1000001,
      "Country": null,
      "FD": 1434841200,
      "LD": 1628233200,
      "FI": 1434841200,
      "LI": 1628233200,
      "S": 0,
      "META": null
    },
    {
      "D": "1800benefits.info",
      "LOS": [
        "1800benefits.info"
      ],
      "Q": 1000001,
      "A": 100000001,
      "U": 1000001,
      "M": 1000001,
      "Country": null,
      "FD": 1434841200,
      "LD": 1628233200,
      "FI": 1434841200,
      "LI": 1628233200,
      "S": 0,
      "META": null
    },
    {
      "D": "1800benefits.tv",
      "LOS": [
        "1800benefits.tv"
      ],
      "Q": 1000001,
      "A": 100000001,
      "U": 1000001,
      "M": 1000001,
      "Country": null,
      "FD": 1434841200,
      "LD": 1628233200,
      "FI": 1434841200,
      "LI": 1628233200,
      "S": 0,
      "META": null
    },
    {
      "D": "1800newagainkansascity.com",
      "LOS": [
        "1800newagainkansascity.com"
      ],
      "Q": 1000001,
      "A": 100000001,
      "U": 1000001,
      "M": 1000001,
      "Country": null,
      "FD": 1434841200,
      "LD": 1628233200,
      "FI": 1434841200,
      "LI": 1628233200,
      "S": 0,
      "META": null
    },
    {
      "D": "1800mynerve.com",
      "LOS": [
        "1800mynerve.com"
      ],
      "Q": 1000001,
      "A": 100000001,
      "U": 1000001,
      "M": 1000001,
      "Country": null,
      "FD": 1434841200,
      "LD": 1628233200,
      "FI": 1434841200,
      "LI": 1628233200,
      "S": 0,
      "META": null
    },
    {
      "D": "1829club.com",
      "LOS": [
        "1829club.com"
      ],
      "Q": 1000001,
      "A": 100000001,
      "U": 1000001,
      "M": 1000001,
      "Country": null,
      "FD": 1434841200,
      "LD": 1628233200,
      "FI": 1434841200,
      "LI": 1628233200,
      "S": 0,
      "META": null
    },
    {
      "D": "1866petmeds.ca",
      "LOS": [
        "1866petmeds.ca"
      ],
      "Q": 1000001,
      "A": 100000001,
      "U": 1000001,
      "M": 1000001,
      "Country": null,
      "FD": 1434841200,
      "LD": 1628233200,
      "FI": 1434841200,
      "LI": 1628233200,
      "S": 0,
      "META": null
    },
    {
      "D": "1866register.net",
      "LOS": [
        "1866register.net"
      ],
      "Q": 1000001,
      "A": 100000001,
      "U": 1000001,
      "M": 1000001,
      "Country": null,
      "FD": 1434841200,
      "LD": 1628233200,
      "FI": 1434841200,
      "LI": 1628233200,
      "S": 0,
      "META": null
    },
    {
      "D": "1866register.org",
      "LOS": [
        "1866register.org"
      ],
      "Q": 1000001,
      "A": 100000001,
      "U": 1000001,
      "M": 1000001,
      "Country": null,
      "FD": 1434841200,
      "LD": 1628233200,
      "FI": 1434841200,
      "LI": 1628233200,
      "S": 0,
      "META": null
    },
    {
      "D": "1877register.net",
      "LOS": [
        "1877register.net"
      ],
      "Q": 1000001,
      "A": 100000001,
      "U": 1000001,
      "M": 1000001,
      "Country": null,
      "FD": 1434841200,
      "LD": 1628233200,
      "FI": 1434841200,
      "LI": 1628233200,
      "S": 0,
      "META": null
    },
    {
      "D": "1877register.org",
      "LOS": [
        "1877register.org"
      ],
      "Q": 1000001,
      "A": 100000001,
      "U": 1000001,
      "M": 1000001,
      "Country": null,
      "FD": 1434841200,
      "LD": 1628233200,
      "FI": 1434841200,
      "LI": 1628233200,
      "S": 0,
      "META": null
    },
    {
      "D": "1877reclamo.com",
      "LOS": [
        "1877reclamo.com"
      ],
      "Q": 1000001,
      "A": 100000001,
      "U": 1000001,
      "M": 1000001,
      "Country": null,
      "FD": 1434841200,
      "LD": 1635058800,
      "FI": 1434841200,
      "LI": 1635058800,
      "S": 0,
      "META": null
    },
    {
      "D": "1877farmers.com",
      "LOS": [
        "1877farmers.com"
      ],
      "Q": 1000001,
      "A": 100000001,
      "U": 1000001,
      "M": 1000001,
      "Country": null,
      "FD": 1434841200,
      "LD": 1635058800,
      "FI": 1434841200,
      "LI": 1635058800,
      "S": 0,
      "META": null
    },
    {
      "D": "1888petmeds.ca",
      "LOS": [
        "1888petmeds.ca"
      ],
      "Q": 1000001,
      "A": 100000001,
      "U": 1000001,
      "M": 1000001,
      "Country": null,
      "FD": 1434841200,
      "LD": 1628233200,
      "FI": 1434841200,
      "LI": 1628233200,
      "S": 0,
      "META": null
    },
    {
      "D": "1888-register.com",
      "LOS": [
        "1888-register.com"
      ],
      "Q": 1000001,
      "A": 100000001,
      "U": 1000001,
      "M": 1000001,
      "Country": null,
      "FD": 1434841200,
      "LD": 1628233200,
      "FI": 1434841200,
      "LI": 1628233200,
      "S": 0,
      "META": null
    },
    {
      "D": "1888-register.net",
      "LOS": [
        "1888-register.net"
      ],
      "Q": 1000001,
      "A": 100000001,
      "U": 1000001,
      "M": 1000001,
      "Country": null,
      "FD": 1434841200,
      "LD": 1628233200,
      "FI": 1434841200,
      "LI": 1628233200,
      "S": 0,
      "META": null
    },
    {
      "D": "1888-register.org",
      "LOS": [
        "1888-register.org"
      ],
      "Q": 1000001,
      "A": 100000001,
      "U": 1000001,
      "M": 1000001,
      "Country": null,
      "FD": 1434841200,
      "LD": 1628233200,
      "FI": 1434841200,
      "LI": 1628233200,
      "S": 0,
      "META": null
    },
    {
      "D": "1888register.net",
      "LOS": [
        "1888register.net"
      ],
      "Q": 1000001,
      "A": 100000001,
      "U": 1000001,
      "M": 1000001,
      "Country": null,
      "FD": 1434841200,
      "LD": 1628233200,
      "FI": 1434841200,
      "LI": 1628233200,
      "S": 0,
      "META": null
    },
    {
      "D": "1888register.org",
      "LOS": [
        "1888register.org"
      ],
      "Q": 1000001,
      "A": 100000001,
      "U": 1000001,
      "M": 1000001,
      "Country": null,
      "FD": 1434841200,
      "LD": 1628233200,
      "FI": 1434841200,
      "LI": 1628233200,
      "S": 0,
      "META": null
    },
    {
      "D": "1888gocash1.com",
      "LOS": [
        "1888gocash1.com"
      ],
      "Q": 1000001,
      "A": 100000001,
      "U": 1000001,
      "M": 1000001,
      "Country": null,
      "FD": 1434841200,
      "LD": 1628233200,
      "FI": 1434841200,
      "LI": 1628233200,
      "S": 0,
      "META": null
    },
    {
      "D": "1888chinese.com",
      "LOS": [
        "1888chinese.com"
      ],
      "Q": 1000001,
      "A": 100000001,
      "U": 1000001,
      "M": 1000001,
      "Country": null,
      "FD": 1379286000,
      "LD": 1628233200,
      "FI": 1379286000,
      "LI": 1628233200,
      "S": 0,
      "META": null
    },
    {
      "D": "1888thedentist.com",
      "LOS": [
        "1888thedentist.com"
      ],
      "Q": 1000001,
      "A": 100000001,
      "U": 1000001,
      "M": 1000001,
      "Country": null,
      "FD": 1434841200,
      "LD": 1628233200,
      "FI": 1434841200,
      "LI": 1628233200,
      "S": 0,
      "META": null
    },
    {
      "D": "18everything.com",
      "LOS": [
        "18everything.com"
      ],
      "Q": 1000001,
      "A": 100000001,
      "U": 1000001,
      "M": 1000001,
      "Country": null,
      "FD": 1434841200,
      "LD": 1628233200,
      "FI": 1434841200,
      "LI": 1628233200,
      "S": 0,
      "META": null
    },
    {
      "D": "18kfinejewelry.com",
      "LOS": [
        "18kfinejewelry.com"
      ],
      "Q": 1000001,
      "A": 100000001,
      "U": 1000001,
      "M": 1000001,
      "Country": null,
      "FD": 1434841200,
      "LD": 1628233200,
      "FI": 1434841200,
      "LI": 1628233200,
      "S": 0,
      "META": null
    },
    {
      "D": "18thletterclothing.com",
      "LOS": [
        "18thletterclothing.com"
      ],
      "Q": 1000001,
      "A": 100000001,
      "U": 1000001,
      "M": 1000001,
      "Country": null,
      "FD": 1434841200,
      "LD": 1628233200,
      "FI": 1434841200,
      "LI": 1628233200,
      "S": 0,
      "META": null
    },
    {
      "D": "190hurlbuttstreet.com",
      "LOS": [
        "190hurlbuttstreet.com"
      ],
      "Q": 1000001,
      "A": 100000001,
      "U": 1000001,
      "M": 1000001,
      "Country": null,
      "FD": 1434841200,
      "LD": 1628233200,
      "FI": 1434841200,
      "LI": 1628233200,
      "S": 0,
      "META": null
    },
    {
      "D": "1901partners.com",
      "LOS": [
        "1901partners.com"
      ],
      "Q": 1000001,
      "A": 100000001,
      "U": 1000001,
      "M": 1000001,
      "Country": null,
      "FD": 1434841200,
      "LD": 1628233200,
      "FI": 1434841200,
      "LI": 1628233200,
      "S": 0,
      "META": null
    },
    {
      "D": "1970cadillac.com",
      "LOS": [
        "1970cadillac.com"
      ],
      "Q": 1000001,
      "A": 100000001,
      "U": 1000001,
      "M": 1000001,
      "Country": null,
      "FD": 1379286000,
      "LD": 1628233200,
      "FI": 1379286000,
      "LI": 1628233200,
      "S": 0,
      "META": null
    },
    {
      "D": "1architect.net",
      "LOS": [
        "1architect.net"
      ],
      "Q": 1000001,
      "A": 100000001,
      "U": 1000001,
      "M": 1000001,
      "Country": null,
      "FD": 1434841200,
      "LD": 1628233200,
      "FI": 1434841200,
      "LI": 1628233200,
      "S": 0,
      "META": null
    },
    {
      "D": "1atoday.com",
      "LOS": [
        "1atoday.com"
      ],
      "Q": 1000001,
      "A": 100000001,
      "U": 1000001,
      "M": 1000001,
      "Country": null,
      "FD": 1434841200,
      "LD": 1628233200,
      "FI": 1434841200,
      "LI": 1628233200,
      "S": 0,
      "META": null
    },
    {
      "D": "1ausa.com",
      "LOS": [
        "1ausa.com"
      ],
      "Q": 1000001,
      "A": 100000001,
      "U": 1000001,
      "M": 1000001,
      "Country": null,
      "FD": 1434841200,
      "LD": 1628233200,
      "FI": 1434841200,
      "LI": 1628233200,
      "S": 0,
      "META": null
    },
    {
      "D": "1child1world.org",
      "LOS": [
        "1child1world.org"
      ],
      "Q": 1000001,
      "A": 100000001,
      "U": 1000001,
      "M": 1000001,
      "Country": null,
      "FD": 1434841200,
      "LD": 1628233200,
      "FI": 1434841200,
      "LI": 1628233200,
      "S": 0,
      "META": null
    },
    {
      "D": "1clickad.net",
      "LOS": [
        "1clickad.net"
      ],
      "Q": 1000001,
      "A": 100000001,
      "U": 1000001,
      "M": 1000001,
      "Country": null,
      "FD": 1434841200,
      "LD": 1628233200,
      "FI": 1434841200,
      "LI": 1628233200,
      "S": 0,
      "META": null
    },
    {
      "D": "1corin13.com",
      "LOS": [
        "1corin13.com"
      ],
      "Q": 1000001,
      "A": 100000001,
      "U": 1000001,
      "M": 1000001,
      "Country": null,
      "FD": 1434841200,
      "LD": 1628233200,
      "FI": 1434841200,
      "LI": 1628233200,
      "S": 0,
      "META": null
    },
    {
      "D": "1degreefromthed.com",
      "LOS": [
        "1degreefromthed.com"
      ],
      "Q": 1000001,
      "A": 100000001,
      "U": 1000001,
      "M": 1000001,
      "Country": null,
      "FD": 1434841200,
      "LD": 1628233200,
      "FI": 1434841200,
      "LI": 1628233200,
      "S": 0,
      "META": null
    },
    {
      "D": "1dictionary.com",
      "LOS": [
        "1dictionary.com"
      ],
      "Q": 1000001,
      "A": 100000001,
      "U": 1000001,
      "M": 1000001,
      "Country": null,
      "FD": 1434841200,
      "LD": 1628233200,
      "FI": 1434841200,
      "LI": 1628233200,
      "S": 0,
      "META": null
    },
    {
      "D": "1dictionary.net",
      "LOS": [
        "1dictionary.net"
      ],
      "Q": 1000001,
      "A": 100000001,
      "U": 1000001,
      "M": 1000001,
      "Country": null,
      "FD": 1434841200,
      "LD": 1628233200,
      "FI": 1434841200,
      "LI": 1628233200,
      "S": 0,
      "META": null
    },
    {
      "D": "1dictionary.org",
      "LOS": [
        "1dictionary.org"
      ],
      "Q": 1000001,
      "A": 100000001,
      "U": 1000001,
      "M": 1000001,
      "Country": null,
      "FD": 1434841200,
      "LD": 1628233200,
      "FI": 1434841200,
      "LI": 1628233200,
      "S": 0,
      "META": null
    },
    {
      "D": "1easymortgage.info",
      "LOS": [
        "1easymortgage.info"
      ],
      "Q": 1000001,
      "A": 100000001,
      "U": 1000001,
      "M": 1000001,
      "Country": null,
      "FD": 1434841200,
      "LD": 1628233200,
      "FI": 1434841200,
      "LI": 1628233200,
      "S": 0,
      "META": null
    },
    {
      "D": "1eightylabs.com",
      "LOS": [
        "1eightylabs.com"
      ],
      "Q": 1000001,
      "A": 100000001,
      "U": 1000001,
      "M": 1000001,
      "Country": null,
      "FD": 1434841200,
      "LD": 1628233200,
      "FI": 1434841200,
      "LI": 1632466800,
      "S": 0,
      "META": null
    },
    {
      "D": "1freename.com",
      "LOS": [
        "1freename.com"
      ],
      "Q": 1000001,
      "A": 100000001,
      "U": 1000001,
      "M": 1000001,
      "Country": null,
      "FD": 1434841200,
      "LD": 1628233200,
      "FI": 1434841200,
      "LI": 1628233200,
      "S": 0,
      "META": null
    },
    {
      "D": "1freename.net",
      "LOS": [
        "1freename.net"
      ],
      "Q": 1000001,
      "A": 100000001,
      "U": 1000001,
      "M": 1000001,
      "Country": null,
      "FD": 1434841200,
      "LD": 1628233200,
      "FI": 1434841200,
      "LI": 1628233200,
      "S": 0,
      "META": null
    },
    {
      "D": "1freename.org",
      "LOS": [
        "1freename.org"
      ],
      "Q": 1000001,
      "A": 100000001,
      "U": 1000001,
      "M": 1000001,
      "Country": null,
      "FD": 1434841200,
      "LD": 1628233200,
      "FI": 1434841200,
      "LI": 1628233200,
      "S": 0,
      "META": null
    },
    {
      "D": "1iotamail.com",
      "LOS": [
        "1iotamail.com"
      ],
      "Q": 1000001,
      "A": 100000001,
      "U": 1000001,
      "M": 1000001,
      "Country": null,
      "FD": 1434841200,
      "LD": 1628233200,
      "FI": 1434841200,
      "LI": 1628233200,
      "S": 0,
      "META": null
    },
    {
      "D": "1minutewebcast.net",
      "LOS": [
        "1minutewebcast.net"
      ],
      "Q": 1000001,
      "A": 100000001,
      "U": 1000001,
      "M": 1000001,
      "Country": null,
      "FD": 1379286000,
      "LD": 1628233200,
      "FI": 1379286000,
      "LI": 1630047600,
      "S": 0,
      "META": null
    },
    {
      "D": "1mortonsq.com",
      "LOS": [
        "1mortonsq.com"
      ],
      "Q": 1000001,
      "A": 100000001,
      "U": 1000001,
      "M": 1000001,
      "Country": null,
      "FD": 1434841200,
      "LD": 1628233200,
      "FI": 1434841200,
      "LI": 1628233200,
      "S": 0,
      "META": null
    },
    {
      "D": "1mworldsevenschampionship.com",
      "LOS": [
        "1mworldsevenschampionship.com"
      ],
      "Q": 1000001,
      "A": 100000001,
      "U": 1000001,
      "M": 1000001,
      "Country": null,
      "FD": 1434841200,
      "LD": 1628233200,
      "FI": 1434841200,
      "LI": 1628233200,
      "S": 0,
      "META": null
    },
    {
      "D": "1o1o.us",
      "LOS": [
        "1o1o.us"
      ],
      "Q": 1000001,
      "A": 100000001,
      "U": 1000001,
      "M": 1000001,
      "Country": null,
      "FD": 1434841200,
      "LD": 1628233200,
      "FI": 1434841200,
      "LI": 1628233200,
      "S": 0,
      "META": null
    },
    {
      "D": "1planeridebook.com",
      "LOS": [
        "1planeridebook.com"
      ],
      "Q": 1000001,
      "A": 100000001,
      "U": 1000001,
      "M": 1000001,
      "Country": null,
      "FD": 1434841200,
      "LD": 1628233200,
      "FI": 1434841200,
      "LI": 1628233200,
      "S": 0,
      "META": null
    },
    {
      "D": "1rater.com",
      "LOS": [
        "1rater.com"
      ],
      "Q": 1000001,
      "A": 100000001,
      "U": 1000001,
      "M": 1000001,
      "Country": null,
      "FD": 1434841200,
      "LD": 1628233200,
      "FI": 1434841200,
      "LI": 1628233200,
      "S": 0,
      "META": null
    },
    {
      "D": "1rpm.ca",
      "LOS": [
        "1rpm.ca"
      ],
      "Q": 1000001,
      "A": 100000001,
      "U": 1000001,
      "M": 1000001,
      "Country": null,
      "FD": 1434841200,
      "LD": 1628233200,
      "FI": 1434841200,
      "LI": 1628233200,
      "S": 0,
      "META": null
    },
    {
      "D": "1sixty7.com",
      "LOS": [
        "1sixty7.com"
      ],
      "Q": 1000001,
      "A": 100000001,
      "U": 1000001,
      "M": 1000001,
      "Country": null,
      "FD": 1434841200,
      "LD": 1628233200,
      "FI": 1434841200,
      "LI": 1628233200,
      "S": 0,
      "META": null
    },
    {
      "D": "1smartshopper.net",
      "LOS": [
        "1smartshopper.net"
      ],
      "Q": 1000001,
      "A": 100000001,
      "U": 1000001,
      "M": 1000001,
      "Country": null,
      "FD": 1434841200,
      "LD": 1628233200,
      "FI": 1434841200,
      "LI": 1628233200,
      "S": 0,
      "META": null
    },
    {
      "D": "1stmacau.com",
      "LOS": [
        "1stmacau.com"
      ],
      "Q": 1000001,
      "A": 100000001,
      "U": 1000001,
      "M": 1000001,
      "Country": null,
      "FD": 1434841200,
      "LD": 1628233200,
      "FI": 1434841200,
      "LI": 1632466800,
      "S": 0,
      "META": null
    },
    {
      "D": "1stalliance.us",
      "LOS": [
        "1stalliance.us"
      ],
      "Q": 1000001,
      "A": 100000001,
      "U": 1000001,
      "M": 1000001,
      "Country": null,
      "FD": 1379286000,
      "LD": 1628233200,
      "FI": 1379286000,
      "LI": 1630047600,
      "S": 0,
      "META": null
    },
    {
      "D": "1stclasscollisioncenter.com",
      "LOS": [
        "1stclasscollisioncenter.com"
      ],
      "Q": 1000001,
      "A": 31027833,
      "U": 1000001,
      "M": 1000001,
      "Country": null,
      "FD": 1379286000,
      "LD": 1628233200,
      "FI": 1379286000,
      "LI": 1630047600,
      "S": 0,
      "META": null
    },
    {
      "D": "1stdownpirates.net",
      "LOS": [
        "1stdownpirates.net"
      ],
      "Q": 1000001,
      "A": 100000001,
      "U": 1000001,
      "M": 1000001,
      "Country": null,
      "FD": 1434841200,
      "LD": 1628233200,
      "FI": 1434841200,
      "LI": 1628233200,
      "S": 0,
      "META": null
    },
    {
      "D": "1stnetshoes.com",
      "LOS": [
        "1stnetshoes.com"
      ],
      "Q": 1000001,
      "A": 100000001,
      "U": 1000001,
      "M": 1000001,
      "Country": null,
      "FD": 1434841200,
      "LD": 1628233200,
      "FI": 1434841200,
      "LI": 1628233200,
      "S": 0,
      "META": null
    },
    {
      "D": "1standmain.com",
      "LOS": [
        "1standmain.com"
      ],
      "Q": 1000001,
      "A": 100000001,
      "U": 1000001,
      "M": 1000001,
      "Country": null,
      "FD": 1434841200,
      "LD": 1628233200,
      "FI": 1434841200,
      "LI": 1628233200,
      "S": 0,
      "META": null
    },
    {
      "D": "1st-discount-golf.com",
      "LOS": [
        "1st-discount-golf.com"
      ],
      "Q": 1000001,
      "A": 100000001,
      "U": 1000001,
      "M": 1000001,
      "Country": null,
      "FD": 1434841200,
      "LD": 1628233200,
      "FI": 1434841200,
      "LI": 1628233200,
      "S": 0,
      "META": null
    },
    {
      "D": "1storyatatime.net",
      "LOS": [
        "1storyatatime.net"
      ],
      "Q": 1000001,
      "A": 100000001,
      "U": 1000001,
      "M": 1000001,
      "Country": null,
      "FD": 1434841200,
      "LD": 1628233200,
      "FI": 1434841200,
      "LI": 1628233200,
      "S": 0,
      "META": null
    },
    {
      "D": "1storyatatime.org",
      "LOS": [
        "1storyatatime.org"
      ],
      "Q": 1000001,
      "A": 100000001,
      "U": 1000001,
      "M": 1000001,
      "Country": null,
      "FD": 1434841200,
      "LD": 1628233200,
      "FI": 1434841200,
      "LI": 1628233200,
      "S": 0,
      "META": null
    },
    {
      "D": "1stpitchfilms.com",
      "LOS": [
        "1stpitchfilms.com"
      ],
      "Q": 1000001,
      "A": 100000001,
      "U": 1000001,
      "M": 1000001,
      "Country": null,
      "FD": 1379286000,
      "LD": 1628233200,
      "FI": 1379286000,
      "LI": 1628233200,
      "S": 0,
      "META": null
    },
    {
      "D": "1stpitchproductions.com",
      "LOS": [
        "1stpitchproductions.com"
      ],
      "Q": 1000001,
      "A": 100000001,
      "U": 1000001,
      "M": 1000001,
      "Country": null,
      "FD": 1379286000,
      "LD": 1628233200,
      "FI": 1379286000,
      "LI": 1628233200,
      "S": 0,
      "META": null
    },
    {
      "D": "1stteampartners.com",
      "LOS": [
        "1stteampartners.com"
      ],
      "Q": 1000001,
      "A": 100000001,
      "U": 1000001,
      "M": 1000001,
      "Country": null,
      "FD": 1393196400,
      "LD": 1628233200,
      "FI": 1389481200,
      "LI": 1628233200,
      "S": 0,
      "META": null
    },
    {
      "D": "1stfafsa.com",
      "LOS": [
        "1stfafsa.com"
      ],
      "Q": 1000001,
      "A": 100000001,
      "U": 1000001,
      "M": 1000001,
      "Country": null,
      "FD": 1434841200,
      "LD": 1628233200,
      "FI": 1434841200,
      "LI": 1628233200,
      "S": 0,
      "META": null
    },
    {
      "D": "1stopaccess.net",
      "LOS": [
        "1stopaccess.net"
      ],
      "Q": 1000001,
      "A": 100000001,
      "U": 1000001,
      "M": 1000001,
      "Country": null,
      "FD": 1434841200,
      "LD": 1628233200,
      "FI": 1434841200,
      "LI": 1628233200,
      "S": 0,
      "META": null
    },
    {
      "D": "1st-kuwaiti.com",
      "LOS": [
        "1st-kuwaiti.com"
      ],
      "Q": 1000001,
      "A": 100000001,
      "U": 1000001,
      "M": 1000001,
      "Country": null,
      "FD": 1434841200,
      "LD": 1628233200,
      "FI": 1434841200,
      "LI": 1628233200,
      "S": 0,
      "META": null
    },
    {
      "D": "1st-quality.com",
      "LOS": [
        "1st-quality.com"
      ],
      "Q": 1000001,
      "A": 100000001,
      "U": 1000001,
      "M": 1000001,
      "Country": null,
      "FD": 1434841200,
      "LD": 1628233200,
      "FI": 1434841200,
      "LI": 1628233200,
      "S": 0,
      "META": null
    },
    {
      "D": "1strealty.co",
      "LOS": [
        "1strealty.co"
      ],
      "Q": 1000001,
      "A": 100000001,
      "U": 1000001,
      "M": 1000001,
      "Country": null,
      "FD": 1434841200,
      "LD": 1628233200,
      "FI": 1434841200,
      "LI": 1628233200,
      "S": 0,
      "META": null
    },
    {
      "D": "1trade.co.uk",
      "LOS": [
        "1trade.co.uk"
      ],
      "Q": 1000001,
      "A": 100000001,
      "U": 1000001,
      "M": 1000001,
      "Country": null,
      "FD": 1434841200,
      "LD": 1628233200,
      "FI": 1434841200,
      "LI": 1628233200,
      "S": 0,
      "META": null
    },
    {
      "D": "1v1.com.ua",
      "LOS": [
        "1v1.com.ua"
      ],
      "Q": 1000001,
      "A": 100000001,
      "U": 1000001,
      "M": 1000001,
      "Country": null,
      "FD": 1628233200,
      "LD": 1628233200,
      "FI": 1600383600,
      "LI": 1628233200,
      "S": 0,
      "META": null
    },
    {
      "D": "1vote1mailbox.com",
      "LOS": [
        "1vote1mailbox.com"
      ],
      "Q": 1000001,
      "A": 100000001,
      "U": 1000001,
      "M": 1000001,
      "Country": null,
      "FD": 1434841200,
      "LD": 1628233200,
      "FI": 1434841200,
      "LI": 1628233200,
      "S": 0,
      "META": null
    },
    {
      "D": "1wbank.com",
      "LOS": [
        "1wbank.com"
      ],
      "Q": 1000001,
      "A": 100000001,
      "U": 1000001,
      "M": 1000001,
      "Country": null,
      "FD": 1434841200,
      "LD": 1635058800,
      "FI": 1434841200,
      "LI": 1635058800,
      "S": 0,
      "META": null
    },
    {
      "D": "1westgroup.com",
      "LOS": [
        "1westgroup.com"
      ],
      "Q": 1000001,
      "A": 100000001,
      "U": 1000001,
      "M": 1000001,
      "Country": null,
      "FD": 1434841200,
      "LD": 1635058800,
      "FI": 1434841200,
      "LI": 1635058800,
      "S": 0,
      "META": null
    },
    {
      "D": "1where.com",
      "LOS": [
        "1where.com"
      ],
      "Q": 1000001,
      "A": 100000001,
      "U": 1000001,
      "M": 1000001,
      "Country": null,
      "FD": 1434841200,
      "LD": 1628233200,
      "FI": 1434841200,
      "LI": 1628233200,
      "S": 0,
      "META": null
    },
    {
      "D": "1-800-21-register.com",
      "LOS": [
        "1-800-21-register.com"
      ],
      "Q": 1000001,
      "A": 100000001,
      "U": 1000001,
      "M": 1000001,
      "Country": null,
      "FD": 1434841200,
      "LD": 1628233200,
      "FI": 1434841200,
      "LI": 1628233200,
      "S": 0,
      "META": null
    },
    {
      "D": "1-800-21-register.net",
      "LOS": [
        "1-800-21-register.net"
      ],
      "Q": 1000001,
      "A": 100000001,
      "U": 1000001,
      "M": 1000001,
      "Country": null,
      "FD": 1434841200,
      "LD": 1628233200,
      "FI": 1434841200,
      "LI": 1628233200,
      "S": 0,
      "META": null
    },
    {
      "D": "1-800-21-register.org",
      "LOS": [
        "1-800-21-register.org"
      ],
      "Q": 1000001,
      "A": 100000001,
      "U": 1000001,
      "M": 1000001,
      "Country": null,
      "FD": 1434841200,
      "LD": 1628233200,
      "FI": 1434841200,
      "LI": 1628233200,
      "S": 0,
      "META": null
    },
    {
      "D": "1-800-adviser.com",
      "LOS": [
        "1-800-adviser.com"
      ],
      "Q": 1000001,
      "A": 49530604,
      "U": 1000001,
      "M": 1000001,
      "Country": null,
      "FD": 1434841200,
      "LD": 1628233200,
      "FI": 1434841200,
      "LI": 1628233200,
      "S": 0,
      "META": null
    },
    {
      "D": "1-80021register.com",
      "LOS": [
        "1-80021register.com"
      ],
      "Q": 1000001,
      "A": 100000001,
      "U": 1000001,
      "M": 1000001,
      "Country": null,
      "FD": 1434841200,
      "LD": 1628233200,
      "FI": 1434841200,
      "LI": 1628233200,
      "S": 0,
      "META": null
    },
    {
      "D": "1-80021register.net",
      "LOS": [
        "1-80021register.net"
      ],
      "Q": 1000001,
      "A": 100000001,
      "U": 1000001,
      "M": 1000001,
      "Country": null,
      "FD": 1434841200,
      "LD": 1628233200,
      "FI": 1434841200,
      "LI": 1628233200,
      "S": 0,
      "META": null
    },
    {
      "D": "1-80021register.org",
      "LOS": [
        "1-80021register.org"
      ],
      "Q": 1000001,
      "A": 100000001,
      "U": 1000001,
      "M": 1000001,
      "Country": null,
      "FD": 1434841200,
      "LD": 1628233200,
      "FI": 1434841200,
      "LI": 1628233200,
      "S": 0,
      "META": null
    },
    {
      "D": "1-800number.com",
      "LOS": [
        "1-800number.com"
      ],
      "Q": 1000001,
      "A": 100000001,
      "U": 1000001,
      "M": 1000001,
      "Country": null,
      "FD": 1395356400,
      "LD": 1635058800,
      "FI": 1362056400,
      "LI": 1635058800,
      "S": 0,
      "META": null
    },
    {
      "D": "1-800register.com",
      "LOS": [
        "1-800register.com"
      ],
      "Q": 1000001,
      "A": 100000001,
      "U": 1000001,
      "M": 1000001,
      "Country": null,
      "FD": 1434841200,
      "LD": 1628233200,
      "FI": 1434841200,
      "LI": 1628233200,
      "S": 0,
      "META": null
    },
    {
      "D": "1-800register.net",
      "LOS": [
        "1-800register.net"
      ],
      "Q": 1000001,
      "A": 100000001,
      "U": 1000001,
      "M": 1000001,
      "Country": null,
      "FD": 1434841200,
      "LD": 1628233200,
      "FI": 1434841200,
      "LI": 1628233200,
      "S": 0,
      "META": null
    },
    {
      "D": "1-800register.org",
      "LOS": [
        "1-800register.org"
      ],
      "Q": 1000001,
      "A": 100000001,
      "U": 1000001,
      "M": 1000001,
      "Country": null,
      "FD": 1434841200,
      "LD": 1628233200,
      "FI": 1434841200,
      "LI": 1628233200,
      "S": 0,
      "META": null
    },
    {
      "D": "1-866-register.com",
      "LOS": [
        "1-866-register.com"
      ],
      "Q": 1000001,
      "A": 100000001,
      "U": 1000001,
      "M": 1000001,
      "Country": null,
      "FD": 1434841200,
      "LD": 1628233200,
      "FI": 1434841200,
      "LI": 1628233200,
      "S": 0,
      "META": null
    },
    {
      "D": "1-866-register.net",
      "LOS": [
        "1-866-register.net"
      ],
      "Q": 1000001,
      "A": 100000001,
      "U": 1000001,
      "M": 1000001,
      "Country": null,
      "FD": 1434841200,
      "LD": 1628233200,
      "FI": 1434841200,
      "LI": 1628233200,
      "S": 0,
      "META": null
    },
    {
      "D": "1-866-register.org",
      "LOS": [
        "1-866-register.org"
      ],
      "Q": 1000001,
      "A": 100000001,
      "U": 1000001,
      "M": 1000001,
      "Country": null,
      "FD": 1434841200,
      "LD": 1628233200,
      "FI": 1434841200,
      "LI": 1628233200,
      "S": 0,
      "META": null
    }
  ]
}