{
  "Identifers": [
    {
      "Value": "IP-104.18.28.75",
      "Matches": [
        {
          "Domain": "519tu.com",
          "First": 1559645912268,
          "Last": 1559645912268
        },
        {
          "Domain": "cerave.com.tw",
          "First": 1560265654022,
          "Last": 1580811584314
        },
        {
          "Domain": "labcorp.com",
          "First": 1563648719375,
          "Last": 1618124400000
        },
        {
          "Domain": "shteyd.live",
          "First": 1567335925352,
          "Last": 1593184770076
        },
        {
          "Domain": "ccevav.live",
          "First": 1569479758194,
          "Last": 1595651666849
        },
        {
          "Domain": "eczamr.live",
          "First": 1570019529273,
          "Last": 1588959625585
        },
        {
          "Domain": "gwoawy.live",
          "First": 1570591772737,
          "Last": 1591458268357
        },
        {
          "Domain": "jbwmtc.live",
          "First": 1571055245473,
          "Last": 1591755111609
        },
        {
          "Domain": "lnyhal.live",
          "First": 1571515000027,
          "Last": 1592057084842
        },
        {
          "Domain": "mxkowx.live",
          "First": 1571859232960,
          "Last": 1592335540638
        },
        {
          "Domain": "pglecq.live",
          "First": 1572286239728,
          "Last": 1592693152546
        },
        {
          "Domain": "qurazi.live",
          "First": 1572471235042,
          "Last": 1592887060374
        },
        {
          "Domain": "qcxtuq.live",
          "First": 1572438772259,
          "Last": 1592870758257
        },
        {
          "Domain": "vu1kan-de1uxxe.com",
          "First": 1573666169774,
          "Last": 1599366613857
        },
        {
          "Domain": "jmrdla.live",
          "First": 1576669216909,
          "Last": 1591784439328
        },
        {
          "Domain": "iata-asd.com",
          "First": 1581877522788,
          "Last": 1610917539862
        },
        {
          "Domain": "bahissenin69.com",
          "First": 1586935124929,
          "Last": 1586935124929
        },
        {
          "Domain": "bahissenin62.com",
          "First": 1595440561827,
          "Last": 1596584994515
        },
        {
          "Domain": "woruce.live",
          "First": 1590025312279,
          "Last": 1593804753824
        },
        {
          "Domain": "mitrasns.com",
          "First": 1598301085080,
          "Last": 1632916228589
        },
        {
          "Domain": "chrisgorman.me",
          "First": 1596869930989,
          "Last": 1614038517187
        },
        {
          "Domain": "myevolutionconnex.com",
          "First": 1598370321430,
          "Last": 1633002009965
        },
        {
          "Domain": "securityhq.com",
          "First": 1606118400000,
          "Last": 1633890662459
        },
        {
          "Domain": "demo.securityhq.com",
          "First": 1598883901643,
          "Last": 1626478696075
        },
        {
          "Domain": "store.whydontwemusic.com",
          "First": 1612607495074,
          "Last": 1614672000000
        },
        {
          "Domain": "eurostore.whydontwemusic.com",
          "First": 1599485348116,
          "Last": 1614844800000
        },
        {
          "Domain": "search.chrisgorman.me",
          "First": 1614038517187,
          "Last": 1624301087773
        },
        {
          "Domain": "co.greene.oh.us",
          "First": 1601087025215,
          "Last": 1601087025215
        },
        {
          "Domain": "nationalcheddarday.com",
          "First": 1602258940556,
          "Last": 1633058356331
        },
        {
          "Domain": "mobile.brightonandhovealbion.com",
          "First": 1605159366018,
          "Last": 1628158439329
        },
        {
          "Domain": "kyklo.app",
          "First": 1607065615611,
          "Last": 1625503567034
        },
        {
          "Domain": "trial011.kyklo.app",
          "First": 1611396163946,
          "Last": 1625503567034
        },
        {
          "Domain": "trial003.kyklo.app",
          "First": 1615737915487,
          "Last": 1632253972053
        },
        {
          "Domain": "trial005.kyklo.app",
          "First": 1611396163946,
          "Last": 1625503567034
        },
        {
          "Domain": "files.labcorp.com",
          "First": 1618248439286,
          "Last": 1628095168088
        },
        {
          "Domain": "testmenu.labcorp.com",
          "First": 1612890781941,
          "Last": 1628095168088
        },
        {
          "Domain": "stepforward.labcorp.com",
          "First": 1612890781941,
          "Last": 1618248439286
        },
        {
          "Domain": "50years.labcorp.com",
          "First": 1623565825816,
          "Last": 1628095168088
        },
        {
          "Domain": "1440foundation.org",
          "First": 1611388800000,
          "Last": 1611388800000
        },
        {
          "Domain": "calvinayrefoundation.org",
          "First": 1618556400000,
          "Last": 1629196457319
        },
        {
          "Domain": "berkley.com.co",
          "First": 1623955210959,
          "Last": 1623955210959
        },
        {
          "Domain": "renters-insurance-now.com",
          "First": 1633639223078,
          "Last": 1633639223078
        }
      ]
    }
  ],
  "Errors": null
}