{
  "NextOffset": "END",
  "Results": [
    {
      "D": "kirklands.com",
      "LOS": [
        "kirklands.com"
      ],
      "Q": 584,
      "A": 337185,
      "U": 9903,
      "M": 55087,
      "Country": null,
      "FD": 1373497200,
      "LD": 1634540400,
      "FI": 1294059600,
      "LI": 1634799600,
      "S": 10586,
      "META": null
    },
    {
      "D": "navyfederal.org",
      "LOS": [
        "navyfederal.org"
      ],
      "Q": 1013,
      "A": 39532,
      "U": 5448,
      "M": 42670,
      "Country": null,
      "FD": 1372806000,
      "LD": 1633244400,
      "FI": 1294059600,
      "LI": 1634799600,
      "S": 18314,
      "META": null
    },
    {
      "D": "tigerdirect.com",
      "LOS": [
        "p.tigerdirect.com"
      ],
      "Q": 2487,
      "A": 297891,
      "U": 11751,
      "M": 10093,
      "Country": null,
      "FD": 1381705200,
      "LD": 1628060400,
      "FI": 1294059600,
      "LI": 1634799600,
      "S": 17847,
      "META": null
    },
    {
      "D": "1800flowers.com",
      "LOS": [
        "e.1800flowers.com"
      ],
      "Q": 2789,
      "A": 9294,
      "U": 12017,
      "M": 15375,
      "Country": null,
      "FD": 1381705200,
      "LD": 1634022000,
      "FI": 1294059600,
      "LI": 1634886000,
      "S": 26089,
      "META": null
    },
    {
      "D": "omahasteaks.com",
      "LOS": [
        "omahasteaks.com"
      ],
      "Q": 2925,
      "A": 20989,
      "U": 32621,
      "M": 48010,
      "Country": null,
      "FD": 1372806000,
      "LD": 1634540400,
      "FI": 1294059600,
      "LI": 1634799600,
      "S": 33516,
      "META": null
    },
    {
      "D": "timewarnercable.com",
      "LOS": [
        "timewarnercable.com"
      ],
      "Q": 2963,
      "A": 36877,
      "U": 10782,
      "M": 18452,
      "Country": null,
      "FD": 1372806000,
      "LD": 1629529200,
      "FI": 1294059600,
      "LI": 1634799600,
      "S": 29667,
      "META": null
    },
    {
      "D": "clinique.com",
      "LOS": [
        "clinique.com"
      ],
      "Q": 3722,
      "A": 301482,
      "U": 45992,
      "M": 17222,
      "Country": null,
      "FD": 1372806000,
      "LD": 1634540400,
      "FI": 1294059600,
      "LI": 1634799600,
      "S": 9969,
      "META": null
    },
    {
      "D": "bodenusa.com",
      "LOS": [
        "email.bodenusa.com"
      ],
      "Q": 3769,
      "A": 312335,
      "U": 54329,
      "M": 62199,
      "Country": null,
      "FD": 1395356400,
      "LD": 1634540400,
      "FI": 1294059600,
      "LI": 1634799600,
      "S": 19181,
      "META": null
    },
    {
      "D": "centurylink.net",
      "LOS": [
        "centurylink.net"
      ],
      "Q": 4324,
      "A": 383604,
      "U": 6079,
      "M": 111660,
      "Country": null,
      "FD": 1372806000,
      "LD": 1633244400,
      "FI": 1294059600,
      "LI": 1634799600,
      "S": 14539,
      "META": null
    },
    {
      "D": "barenecessities.com",
      "LOS": [
        "barenecessities.com"
      ],
      "Q": 4628,
      "A": 309800,
      "U": 78013,
      "M": 66009,
      "Country": null,
      "FD": 1372806000,
      "LD": 1634540400,
      "FI": 1294059600,
      "LI": 1634799600,
      "S": 12311,
      "META": null
    },
    {
      "D": "blueshieldca.com",
      "LOS": [
        "blueshieldca.com"
      ],
      "Q": 5318,
      "A": 25631,
      "U": 16439,
      "M": 41996,
      "Country": null,
      "FD": 1379286000,
      "LD": 1629183600,
      "FI": 1294059600,
      "LI": 1634799600,
      "S": 19164,
      "META": null
    },
    {
      "D": "barneys.com",
      "LOS": [
        "barneys.com"
      ],
      "Q": 5611,
      "A": 300187,
      "U": 1000001,
      "M": 10769,
      "Country": null,
      "FD": 1372806000,
      "LD": 1634540400,
      "FI": 1294059600,
      "LI": 1634799600,
      "S": 4767,
      "META": null
    },
    {
      "D": "celebrations.com",
      "LOS": [
        "email.celebrations.com"
      ],
      "Q": 6910,
      "A": 316473,
      "U": 19863,
      "M": 119408,
      "Country": null,
      "FD": 1613430000,
      "LD": 1634540400,
      "FI": 1294059600,
      "LI": 1634799600,
      "S": 6210,
      "META": null
    },
    {
      "D": "ondemand.com",
      "LOS": [
        "ondemand.com"
      ],
      "Q": 7273,
      "A": 11025,
      "U": 3198,
      "M": 34732,
      "Country": null,
      "FD": 1372806000,
      "LD": 1634540400,
      "FI": 951865200,
      "LI": 1634799600,
      "S": 17933,
      "META": null
    },
    {
      "D": "newark.com",
      "LOS": [
        "newark.com"
      ],
      "Q": 7691,
      "A": 17608,
      "U": 18495,
      "M": 21125,
      "Country": null,
      "FD": 1372806000,
      "LD": 1634540400,
      "FI": 1294059600,
      "LI": 1634799600,
      "S": 22827,
      "META": null
    },
    {
      "D": "tumi.com",
      "LOS": [
        "tumi.com"
      ],
      "Q": 10122,
      "A": 30759,
      "U": 93657,
      "M": 34171,
      "Country": null,
      "FD": 1413154800,
      "LD": 1634540400,
      "FI": 1301839200,
      "LI": 1634799600,
      "S": 69373,
      "META": null
    },
    {
      "D": "cheryls.com",
      "LOS": [
        "email.cheryls.com"
      ],
      "Q": 12642,
      "A": 1028364,
      "U": 32615,
      "M": 136629,
      "Country": null,
      "FD": 1526857200,
      "LD": 1633244400,
      "FI": 955404000,
      "LI": 1634799600,
      "S": 12819,
      "META": null
    },
    {
      "D": "nuance.com",
      "LOS": [
        "nuance.com"
      ],
      "Q": 13265,
      "A": 2647,
      "U": 1539,
      "M": 3668,
      "Country": null,
      "FD": 1491519600,
      "LD": 1634540400,
      "FI": 1034028000,
      "LI": 1634886000,
      "S": 25493,
      "META": null
    },
    {
      "D": "neimanmarcusemail.com",
      "LOS": [
        "neimanmarcusemail.com"
      ],
      "Q": 14212,
      "A": 2238027,
      "U": 14894,
      "M": 1000001,
      "Country": null,
      "FD": 1372806000,
      "LD": 1634540400,
      "FI": 1294059600,
      "LI": 1634799600,
      "S": 4375,
      "META": null
    },
    {
      "D": "certainteed.com",
      "LOS": [
        "certainteed.com"
      ],
      "Q": 14736,
      "A": 59042,
      "U": 67067,
      "M": 16096,
      "Country": null,
      "FD": 1372806000,
      "LD": 1634540400,
      "FI": 1294059600,
      "LI": 1634886000,
      "S": 27872,
      "META": null
    },
    {
      "D": "blackrock.com",
      "LOS": [
        "aladdin.blackrock.com"
      ],
      "Q": 15265,
      "A": 297041,
      "U": 15501,
      "M": 4440,
      "Country": null,
      "FD": 1588201200,
      "LD": 1628060400,
      "FI": 1294059600,
      "LI": 1634799600,
      "S": 22260,
      "META": null
    },
    {
      "D": "nationalrail.co.uk",
      "LOS": [
        "appfeeds.nationalrail.co.uk"
      ],
      "Q": 15667,
      "A": 10912,
      "U": 14272,
      "M": 5748,
      "Country": null,
      "FD": 1379286000,
      "LD": 1633244400,
      "FI": 1294059600,
      "LI": 1634626800,
      "S": 3012,
      "META": null
    },
    {
      "D": "televisa.com",
      "LOS": [
        "futfantastico.televisa.com"
      ],
      "Q": 15724,
      "A": 10569,
      "U": 20080,
      "M": 12713,
      "Country": null,
      "FD": 1490137200,
      "LD": 1633244400,
      "FI": 1294059600,
      "LI": 1634799600,
      "S": 13778,
      "META": null
    },
    {
      "D": "thepopcornfactory.com",
      "LOS": [
        "email.thepopcornfactory.com"
      ],
      "Q": 20271,
      "A": 803046,
      "U": 47431,
      "M": 244579,
      "Country": null,
      "FD": 1395356400,
      "LD": 1634022000,
      "FI": 1294059600,
      "LI": 1634799600,
      "S": 13459,
      "META": null
    },
    {
      "D": "optimumemail1.com",
      "LOS": [
        "optimumemail1.com"
      ],
      "Q": 23294,
      "A": 12288658,
      "U": 41060,
      "M": 1000001,
      "Country": null,
      "FD": 1372806000,
      "LD": 1623481200,
      "FI": 1315144800,
      "LI": 1633935600,
      "S": 367,
      "META": null
    },
    {
      "D": "condenastdigital.com",
      "LOS": [
        "ads.condenastdigital.com"
      ],
      "Q": 23679,
      "A": 526984,
      "U": 2495,
      "M": 60319,
      "Country": null,
      "FD": 1603839600,
      "LD": 1634540400,
      "FI": 1294059600,
      "LI": 1634799600,
      "S": 9912,
      "META": null
    },
    {
      "D": "northerntrust.com",
      "LOS": [
        "northerntrust.com"
      ],
      "Q": 27992,
      "A": 25866,
      "U": 26846,
      "M": 36879,
      "Country": null,
      "FD": 1372806000,
      "LD": 1633244400,
      "FI": 1294059600,
      "LI": 1634799600,
      "S": 18924,
      "META": null
    },
    {
      "D": "berkeleycollege.edu",
      "LOS": [
        "mailarc01.berkeleycollege.edu"
      ],
      "Q": 28245,
      "A": 38389,
      "U": 171736,
      "M": 55063,
      "Country": null,
      "FD": 1594335600,
      "LD": 1634540400,
      "FI": 1591052400,
      "LI": 1634799600,
      "S": 4005,
      "META": null
    },
    {
      "D": "cinepolis.com",
      "LOS": [
        "cinepolis.com"
      ],
      "Q": 28785,
      "A": 311219,
      "U": 17859,
      "M": 130922,
      "Country": null,
      "FD": 1485039600,
      "LD": 1623481200,
      "FI": 1294059600,
      "LI": 1634799600,
      "S": 2041,
      "META": null
    },
    {
      "D": "nicklauschildrens.org",
      "LOS": [
        "tracking.connect.nicklauschildrens.org"
      ],
      "Q": 30531,
      "A": 360171,
      "U": 298319,
      "M": 147905,
      "Country": null,
      "FD": 1626764400,
      "LD": 1628060400,
      "FI": 1434841200,
      "LI": 1634799600,
      "S": 20689,
      "META": null
    },
    {
      "D": "1800baskets.com",
      "LOS": [
        "1800baskets.com"
      ],
      "Q": 32723,
      "A": 2911983,
      "U": 31026,
      "M": 259385,
      "Country": null,
      "FD": 1518786000,
      "LD": 1630652400,
      "FI": 1294059600,
      "LI": 1634799600,
      "S": 13892,
      "META": null
    },
    {
      "D": "tjc.edu",
      "LOS": [
        "tjc.edu"
      ],
      "Q": 34749,
      "A": 77961,
      "U": 230915,
      "M": 166120,
      "Country": null,
      "FD": 1485298800,
      "LD": 1634540400,
      "FI": 1294059600,
      "LI": 1634799600,
      "S": 952,
      "META": null
    },
    {
      "D": "telmex.com",
      "LOS": [
        "telmex.com"
      ],
      "Q": 35833,
      "A": 29036,
      "U": 13811,
      "M": 77709,
      "Country": null,
      "FD": 1373497200,
      "LD": 1631775600,
      "FI": 1304344800,
      "LI": 1634886000,
      "S": 10498,
      "META": null
    },
    {
      "D": "csc-fsg.com",
      "LOS": [
        "da-vm213.csc-fsg.com"
      ],
      "Q": 38982,
      "A": 11807529,
      "U": 98381,
      "M": 834467,
      "Country": null,
      "FD": 1531436400,
      "LD": 1633244400,
      "FI": 1482447600,
      "LI": 1633244400,
      "S": 233,
      "META": null
    },
    {
      "D": "bna.com",
      "LOS": [
        "bna.com"
      ],
      "Q": 39673,
      "A": 296249,
      "U": 9724,
      "M": 6056,
      "Country": null,
      "FD": 1395270000,
      "LD": 1628060400,
      "FI": 1294059600,
      "LI": 1634799600,
      "S": 24949,
      "META": null
    },
    {
      "D": "travelport.com",
      "LOS": [
        "travelport.com"
      ],
      "Q": 42360,
      "A": 37375,
      "U": 29186,
      "M": 45663,
      "Country": null,
      "FD": 1485298800,
      "LD": 1634540400,
      "FI": 1294059600,
      "LI": 1634799600,
      "S": 23331,
      "META": null
    },
    {
      "D": "tous.com",
      "LOS": [
        "tous.com"
      ],
      "Q": 44864,
      "A": 34427,
      "U": 94650,
      "M": 60284,
      "Country": null,
      "FD": 1372806000,
      "LD": 1634540400,
      "FI": 1315144800,
      "LI": 1634799600,
      "S": 12575,
      "META": null
    },
    {
      "D": "courtswv.gov",
      "LOS": [
        "publicaccess.courtswv.gov/*"
      ],
      "Q": 44885,
      "A": 329466,
      "U": 204547,
      "M": 136021,
      "Country": null,
      "FD": 1379286000,
      "LD": 1634540400,
      "FI": 1323003600,
      "LI": 1634540400,
      "S": 432,
      "META": null
    },
    {
      "D": "office.co.uk",
      "LOS": [
        "email.office.co.uk"
      ],
      "Q": 50368,
      "A": 316379,
      "U": 44107,
      "M": 50313,
      "Country": null,
      "FD": 1594335600,
      "LD": 1633244400,
      "FI": 1294059600,
      "LI": 1634799600,
      "S": 8213,
      "META": null
    },
    {
      "D": "newsargus.com",
      "LOS": [
        "newsargus.com"
      ],
      "Q": 51227,
      "A": 509538,
      "U": 1000001,
      "M": 266618,
      "Country": null,
      "FD": 1472079600,
      "LD": 1633244400,
      "FI": 1074812400,
      "LI": 1634799600,
      "S": 935,
      "META": null
    },
    {
      "D": "csc.com",
      "LOS": [
        "ignasia.csc.com"
      ],
      "Q": 53253,
      "A": 298294,
      "U": 46286,
      "M": 22019,
      "Country": null,
      "FD": 1379286000,
      "LD": 1628060400,
      "FI": 1294059600,
      "LI": 1634799600,
      "S": 23371,
      "META": null
    },
    {
      "D": "bcbssc.com",
      "LOS": [
        "bcbssc.com"
      ],
      "Q": 56329,
      "A": 155846,
      "U": 37919,
      "M": 1000001,
      "Country": null,
      "FD": 1379631600,
      "LD": 1634540400,
      "FI": 1294059600,
      "LI": 1634799600,
      "S": 12603,
      "META": null
    },
    {
      "D": "cemex.com",
      "LOS": [
        "cemex.com"
      ],
      "Q": 66861,
      "A": 23676,
      "U": 49679,
      "M": 56264,
      "Country": null,
      "FD": 1488582000,
      "LD": 1623481200,
      "FI": 1294059600,
      "LI": 1634799600,
      "S": 15988,
      "META": null
    },
    {
      "D": "torontopubliclibrary.ca",
      "LOS": [
        "torontopubliclibrary.ca"
      ],
      "Q": 80006,
      "A": 300126,
      "U": 268839,
      "M": 21481,
      "Country": null,
      "FD": 1372806000,
      "LD": 1634540400,
      "FI": 1294059600,
      "LI": 1634626800,
      "S": 805,
      "META": null
    },
    {
      "D": "cushwake.com",
      "LOS": [
        "workplaceedge-uat.cushwake.com"
      ],
      "Q": 91146,
      "A": 435974,
      "U": 43088,
      "M": 116677,
      "Country": null,
      "FD": 1379286000,
      "LD": 1633244400,
      "FI": 1011826800,
      "LI": 1634799600,
      "S": 1813,
      "META": null
    },
    {
      "D": "bclc.com",
      "LOS": [
        "bclc.com"
      ],
      "Q": 94992,
      "A": 360108,
      "U": 200643,
      "M": 164631,
      "Country": null,
      "FD": 1401235200,
      "LD": 1632294000,
      "FI": 1222898400,
      "LI": 1634799600,
      "S": 6616,
      "META": null
    },
    {
      "D": "criis.com",
      "LOS": [
        "criis.com"
      ],
      "Q": 95173,
      "A": 1555249,
      "U": 1000001,
      "M": 1000001,
      "Country": null,
      "FD": 1372806000,
      "LD": 1627714800,
      "FI": 1294059600,
      "LI": 1632466800,
      "S": 0,
      "META": null
    },
    {
      "D": "burlingtoncoatfactory.com",
      "LOS": [
        "burlingtoncoatfactory.com"
      ],
      "Q": 96245,
      "A": 468805,
      "U": 1000001,
      "M": 84748,
      "Country": null,
      "FD": 1372806000,
      "LD": 1634540400,
      "FI": 1104534000,
      "LI": 1634799600,
      "S": 3700,
      "META": null
    },
    {
      "D": "boden.co.uk",
      "LOS": [
        "email.boden.co.uk"
      ],
      "Q": 102541,
      "A": 315174,
      "U": 57641,
      "M": 54335,
      "Country": null,
      "FD": 1395356400,
      "LD": 1634540400,
      "FI": 1294059600,
      "LI": 1634799600,
      "S": 22067,
      "META": null
    },
    {
      "D": "bigpond.com",
      "LOS": [
        "thub2.technicolor.cwmp.rms.bigpond.com"
      ],
      "Q": 103292,
      "A": 19227,
      "U": 46321,
      "M": 15418,
      "Country": null,
      "FD": 1381705200,
      "LD": 1633244400,
      "FI": 1294059600,
      "LI": 1634799600,
      "S": 12105,
      "META": null
    },
    {
      "D": "claro.com.pe",
      "LOS": [
        "claro.com.pe"
      ],
      "Q": 107812,
      "A": 61452,
      "U": 134837,
      "M": 188935,
      "Country": null,
      "FD": 1538521200,
      "LD": 1634540400,
      "FI": 1537830000,
      "LI": 1634799600,
      "S": 7786,
      "META": null
    },
    {
      "D": "kisti.re.kr",
      "LOS": [
        "kisti.re.kr"
      ],
      "Q": 114945,
      "A": 386064,
      "U": 203525,
      "M": 1000001,
      "Country": null,
      "FD": 1385679600,
      "LD": 1633244400,
      "FI": 1320584400,
      "LI": 1633935600,
      "S": 389,
      "META": null
    },
    {
      "D": "truist.com",
      "LOS": [
        "cx.oneteam.truist.com"
      ],
      "Q": 123342,
      "A": 369312,
      "U": 7639,
      "M": 20626,
      "Country": null,
      "FD": 1623481200,
      "LD": 1623481200,
      "FI": 1294059600,
      "LI": 1634886000,
      "S": 23036,
      "META": null
    },
    {
      "D": "ccb.com",
      "LOS": [
        "pt.lab.ccb.com/*"
      ],
      "Q": 126412,
      "A": 303270,
      "U": 18588,
      "M": 2849,
      "Country": null,
      "FD": 1531436400,
      "LD": 1634022000,
      "FI": 951865200,
      "LI": 1634799600,
      "S": 7667,
      "META": null
    },
    {
      "D": "ntxsoccer.org",
      "LOS": [
        "ntxsoccer.org"
      ],
      "Q": 134620,
      "A": 7500408,
      "U": 1000001,
      "M": 1000001,
      "Country": null,
      "FD": 1488582000,
      "LD": 1629183600,
      "FI": 1294059600,
      "LI": 1632466800,
      "S": 567,
      "META": null
    },
    {
      "D": "nec.com",
      "LOS": [
        "portal-ec.cloud-iaas.nec.com/*"
      ],
      "Q": 136729,
      "A": 128423,
      "U": 97998,
      "M": 3127,
      "Country": null,
      "FD": 1594335600,
      "LD": 1634540400,
      "FI": 979772400,
      "LI": 1634799600,
      "S": 29297,
      "META": null
    },
    {
      "D": "onthehouse.com.au",
      "LOS": [
        "insight.onthehouse.com.au"
      ],
      "Q": 145105,
      "A": 588484,
      "U": 141069,
      "M": 494377,
      "Country": null,
      "FD": 1604617200,
      "LD": 1629529200,
      "FI": 1092693600,
      "LI": 1634799600,
      "S": 2526,
      "META": null
    },
    {
      "D": "twcnews.com",
      "LOS": [
        "twcnews.com"
      ],
      "Q": 149071,
      "A": 311574,
      "U": 1000001,
      "M": 27475,
      "Country": null,
      "FD": 1485298800,
      "LD": 1634540400,
      "FI": 1387148400,
      "LI": 1634799600,
      "S": 576,
      "META": null
    },
    {
      "D": "coface.com",
      "LOS": [
        "coface.com"
      ],
      "Q": 157266,
      "A": 336382,
      "U": 103817,
      "M": 109535,
      "Country": null,
      "FD": 1372806000,
      "LD": 1628665200,
      "FI": 1226098800,
      "LI": 1634799600,
      "S": 6142,
      "META": null
    },
    {
      "D": "bumpclubandbeyond.com",
      "LOS": [
        "response.bumpclubandbeyond.com"
      ],
      "Q": 162249,
      "A": 442921,
      "U": 1000001,
      "M": 562354,
      "Country": null,
      "FD": 1618210800,
      "LD": 1628060400,
      "FI": 1328360400,
      "LI": 1634454000,
      "S": 2785,
      "META": null
    },
    {
      "D": "triumph.com",
      "LOS": [
        "triumph.com"
      ],
      "Q": 173211,
      "A": 319411,
      "U": 89876,
      "M": 17810,
      "Country": null,
      "FD": 1376002800,
      "LD": 1634540400,
      "FI": 1294059600,
      "LI": 1634799600,
      "S": 49896,
      "META": null
    },
    {
      "D": "clarochile.cl",
      "LOS": [
        "agendadc.clarochile.cl",
        "sgdtic.clarochile.cl/*"
      ],
      "Q": 174461,
      "A": 368229,
      "U": 1000001,
      "M": 330151,
      "Country": null,
      "FD": 1531436400,
      "LD": 1634540400,
      "FI": 1320584400,
      "LI": 1634799600,
      "S": 7659,
      "META": null
    },
    {
      "D": "tigerdirect.ca",
      "LOS": [
        "p.tigerdirect.ca"
      ],
      "Q": 175980,
      "A": 1074514,
      "U": 1000001,
      "M": 98632,
      "Country": null,
      "FD": 1389567600,
      "LD": 1628060400,
      "FI": 1065391200,
      "LI": 1634799600,
      "S": 0,
      "META": null
    },
    {
      "D": "bankwest.com.au",
      "LOS": [
        "bankwest.com.au"
      ],
      "Q": 176512,
      "A": 17344,
      "U": 1000001,
      "M": 98299,
      "Country": null,
      "FD": 1401235200,
      "LD": 1634540400,
      "FI": 1315749600,
      "LI": 1634799600,
      "S": 20194,
      "META": null
    },
    {
      "D": "cinemacafe.net",
      "LOS": [
        "cinemacafe.net"
      ],
      "Q": 179835,
      "A": 349746,
      "U": 100162,
      "M": 51460,
      "Country": null,
      "FD": 1485298800,
      "LD": 1633244400,
      "FI": 1315749600,
      "LI": 1634799600,
      "S": 762,
      "META": null
    },
    {
      "D": "bloomnet.net",
      "LOS": [
        "email.bloomnet.net"
      ],
      "Q": 182270,
      "A": 17730466,
      "U": 1000001,
      "M": 1000001,
      "Country": null,
      "FD": 1594335600,
      "LD": 1634540400,
      "FI": 1294059600,
      "LI": 1634799600,
      "S": 6069,
      "META": null
    },
    {
      "D": "ontheedgebrands.com",
      "LOS": [
        "ontheedgebrands.com"
      ],
      "Q": 186755,
      "A": 7041672,
      "U": 135966,
      "M": 1000001,
      "Country": null,
      "FD": 1488582000,
      "LD": 1633935600,
      "FI": 1367676000,
      "LI": 1633935600,
      "S": 224,
      "META": null
    },
    {
      "D": "carefusion.com",
      "LOS": [
        "update-emea.carefusion.com"
      ],
      "Q": 195082,
      "A": 1222798,
      "U": 6433,
      "M": 231944,
      "Country": null,
      "FD": 1531436400,
      "LD": 1634540400,
      "FI": 1320584400,
      "LI": 1634799600,
      "S": 821,
      "META": null
    },
    {
      "D": "networkrail.co.uk",
      "LOS": [
        "networkrail.co.uk"
      ],
      "Q": 199757,
      "A": 10482,
      "U": 67587,
      "M": 14833,
      "Country": null,
      "FD": 1401235200,
      "LD": 1623740400,
      "FI": 1294059600,
      "LI": 1634799600,
      "S": 6252,
      "META": null
    },
    {
      "D": "orange.eg",
      "LOS": [
        "orange.eg"
      ],
      "Q": 203248,
      "A": 74915,
      "U": 71870,
      "M": 388074,
      "Country": null,
      "FD": 1485298800,
      "LD": 1634540400,
      "FI": 1458169200,
      "LI": 1634799600,
      "S": 1010,
      "META": null
    },
    {
      "D": "natura.net",
      "LOS": [
        "colaboracao.natura.net"
      ],
      "Q": 222985,
      "A": 22709,
      "U": 117130,
      "M": 117772,
      "Country": null,
      "FD": 1393196400,
      "LD": 1634540400,
      "FI": 1294059600,
      "LI": 1634799600,
      "S": 34694,
      "META": null
    },
    {
      "D": "cybergadget.co.jp",
      "LOS": [
        "cybergadget.co.jp"
      ],
      "Q": 239974,
      "A": 541066,
      "U": 1000001,
      "M": 281153,
      "Country": null,
      "FD": 1372806000,
      "LD": 1627196400,
      "FI": 1320584400,
      "LI": 1634799600,
      "S": 0,
      "META": null
    },
    {
      "D": "nationallifegroup.com",
      "LOS": [
        "nationallifegroup.com"
      ],
      "Q": 241524,
      "A": 153448,
      "U": 1000001,
      "M": 1000001,
      "Country": null,
      "FD": 1372806000,
      "LD": 1634540400,
      "FI": 1320584400,
      "LI": 1634799600,
      "S": 516,
      "META": null
    },
    {
      "D": "netflights.com",
      "LOS": [
        "netflights.com"
      ],
      "Q": 241546,
      "A": 71447,
      "U": 133158,
      "M": 226865,
      "Country": null,
      "FD": 1372806000,
      "LD": 1634540400,
      "FI": 1294059600,
      "LI": 1634713200,
      "S": 8225,
      "META": null
    },
    {
      "D": "binions.com",
      "LOS": [
        "binions.com"
      ],
      "Q": 265472,
      "A": 499770,
      "U": 1000001,
      "M": 351494,
      "Country": null,
      "FD": 1518735600,
      "LD": 1634799600,
      "FI": 1038006000,
      "LI": 1634799600,
      "S": 0,
      "META": null
    },
    {
      "D": "telenav.com",
      "LOS": [
        "telenav.com"
      ],
      "Q": 275972,
      "A": 31847,
      "U": 32183,
      "M": 150625,
      "Country": null,
      "FD": 1373497200,
      "LD": 1634540400,
      "FI": 963266400,
      "LI": 1634799600,
      "S": 15116,
      "META": null
    },
    {
      "D": "cqu.edu.cn",
      "LOS": [
        "cqu.edu.cn"
      ],
      "Q": 278862,
      "A": 306188,
      "U": 199451,
      "M": 12537,
      "Country": null,
      "FD": 1488582000,
      "LD": 1623481200,
      "FI": 1400108400,
      "LI": 1634799600,
      "S": 300,
      "META": null
    },
    {
      "D": "cyberonics.com",
      "LOS": [
        "reimbursement.cyberonics.com"
      ],
      "Q": 278923,
      "A": 603736,
      "U": 129105,
      "M": 606670,
      "Country": null,
      "FD": 1384297200,
      "LD": 1634540400,
      "FI": 1338472800,
      "LI": 1634799600,
      "S": 567,
      "META": null
    },
    {
      "D": "betteredu.net",
      "LOS": [
        "betteredu.net"
      ],
      "Q": 297820,
      "A": 2915811,
      "U": 1000001,
      "M": 1000001,
      "Country": null,
      "FD": 1501801200,
      "LD": 1633244400,
      "FI": 1119823200,
      "LI": 1633244400,
      "S": 0,
      "META": null
    },
    {
      "D": "24jdc.us",
      "LOS": [
        "kaseya.24jdc.us"
      ],
      "Q": 304011,
      "A": 6798550,
      "U": 1000001,
      "M": 1000001,
      "Country": null,
      "FD": 1530054000,
      "LD": 1624518000,
      "FI": 1294059600,
      "LI": 1634540400,
      "S": 568,
      "META": null
    },
    {
      "D": "ooredoo.dz",
      "LOS": [
        "ooredoo.dz"
      ],
      "Q": 307605,
      "A": 80833,
      "U": 1000001,
      "M": 861177,
      "Country": null,
      "FD": 1386284400,
      "LD": 1633244400,
      "FI": 1386284400,
      "LI": 1634886000,
      "S": 28327,
      "META": null
    },
    {
      "D": "corpinter.net",
      "LOS": [
        "apim-qa.corpinter.net"
      ],
      "Q": 319350,
      "A": 56080437,
      "U": 26540,
      "M": 1000001,
      "Country": null,
      "FD": 1531436400,
      "LD": 1634540400,
      "FI": 1507244400,
      "LI": 1634799600,
      "S": 3700,
      "META": null
    },
    {
      "D": "cmsn.com",
      "LOS": [
        "cmsn.com"
      ],
      "Q": 334613,
      "A": 17417418,
      "U": 1000001,
      "M": 1000001,
      "Country": null,
      "FD": 1381705200,
      "LD": 1631170800,
      "FI": 1294059600,
      "LI": 1634799600,
      "S": 389,
      "META": null
    },
    {
      "D": "themayfairhotel.co.uk",
      "LOS": [
        "themayfairhotel.co.uk"
      ],
      "Q": 364707,
      "A": 985569,
      "U": 1000001,
      "M": 281312,
      "Country": null,
      "FD": 1372806000,
      "LD": 1634540400,
      "FI": 1315144800,
      "LI": 1634540400,
      "S": 9980,
      "META": null
    },
    {
      "D": "csgov.com",
      "LOS": [
        "steps.csgov.com/*"
      ],
      "Q": 369028,
      "A": 31964198,
      "U": 1000001,
      "M": 1000001,
      "Country": null,
      "FD": 1531436400,
      "LD": 1634540400,
      "FI": 1362056400,
      "LI": 1634540400,
      "S": 103,
      "META": null
    },
    {
      "D": "originloop.com",
      "LOS": [
        "origin-1.originloop.com"
      ],
      "Q": 372311,
      "A": 18720814,
      "U": 1000001,
      "M": 1000001,
      "Country": null,
      "FD": 1555023600,
      "LD": 1633244400,
      "FI": 1467241200,
      "LI": 1634799600,
      "S": 1243,
      "META": null
    },
    {
      "D": "ono.com",
      "LOS": [
        "83.173.144.19.static.user.ono.com"
      ],
      "Q": 393297,
      "A": 39420,
      "U": 191792,
      "M": 67011,
      "Country": null,
      "FD": 1555023600,
      "LD": 1628060400,
      "FI": 1294059600,
      "LI": 1634540400,
      "S": 7667,
      "META": null
    },
    {
      "D": "15w.com",
      "LOS": [
        "15w.com"
      ],
      "Q": 399620,
      "A": 457949,
      "U": 1000001,
      "M": 336824,
      "Country": null,
      "FD": 1510095600,
      "LD": 1633935600,
      "FI": 1069801200,
      "LI": 1633935600,
      "S": 0,
      "META": null
    },
    {
      "D": "telepacific.net",
      "LOS": [
        "65-98-224-196.static-ip.telepacific.net"
      ],
      "Q": 408763,
      "A": 2613200,
      "U": 84566,
      "M": 1000001,
      "Country": null,
      "FD": 1555023600,
      "LD": 1633244400,
      "FI": 1377212400,
      "LI": 1634799600,
      "S": 8366,
      "META": null
    },
    {
      "D": "cncn.org.cn",
      "LOS": [
        "cncn.org.cn"
      ],
      "Q": 464300,
      "A": 12651338,
      "U": 1000001,
      "M": 721703,
      "Country": null,
      "FD": 1609920000,
      "LD": 1630047600,
      "FI": 1391565887,
      "LI": 1633935600,
      "S": 0,
      "META": null
    },
    {
      "D": "bdysite.com",
      "LOS": [
        "transs.bj01.bdysite.com",
        "web1806221707294.gz01.bdysite.com/*",
        "yutailong.gz01.bdysite.com",
        "slxs9.gz01.bdysite.com",
        "web1805081700309.gz01.bdysite.com",
        "web1812102226232.gz01.bdysite.com"
      ],
      "Q": 467396,
      "A": 489691,
      "U": 173381,
      "M": 47537,
      "Country": null,
      "FD": 1531436400,
      "LD": 1634367600,
      "FI": 1462489200,
      "LI": 1634367600,
      "S": 17,
      "META": null
    },
    {
      "D": "bukop.com",
      "LOS": [
        "bukop.com"
      ],
      "Q": 472407,
      "A": 6697057,
      "U": 1000001,
      "M": 1000001,
      "Country": null,
      "FD": 1486681200,
      "LD": 1633935600,
      "FI": 1320584400,
      "LI": 1633935600,
      "S": 0,
      "META": null
    },
    {
      "D": "chuairan.com",
      "LOS": [
        "chuairan.com"
      ],
      "Q": 483527,
      "A": 46282199,
      "U": 1000001,
      "M": 1000001,
      "Country": null,
      "FD": 1585263600,
      "LD": 1633935600,
      "FI": 1456617600,
      "LI": 1633935600,
      "S": 0,
      "META": null
    },
    {
      "D": "netvisor.fi",
      "LOS": [
        "info.netvisor.fi"
      ],
      "Q": 486751,
      "A": 6954566,
      "U": 1000001,
      "M": 936768,
      "Country": null,
      "FD": 1531436400,
      "LD": 1634540400,
      "FI": 1170802800,
      "LI": 1634799600,
      "S": 6846,
      "META": null
    },
    {
      "D": "bancamediolanum.it",
      "LOS": [
        "bancamediolanum.it"
      ],
      "Q": 486900,
      "A": 39243,
      "U": 1000001,
      "M": 224097,
      "Country": null,
      "FD": 1413154800,
      "LD": 1626505200,
      "FI": 1320584400,
      "LI": 1634799600,
      "S": 280,
      "META": null
    },
    {
      "D": "bengden.com",
      "LOS": [
        "bengden.com"
      ],
      "Q": 487984,
      "A": 60832049,
      "U": 1000001,
      "M": 1000001,
      "Country": null,
      "FD": 1578351600,
      "LD": 1628060400,
      "FI": 1548630000,
      "LI": 1628060400,
      "S": 0,
      "META": null
    },
    {
      "D": "ttlsa.com",
      "LOS": [
        "ttlsa.com"
      ],
      "Q": 488412,
      "A": 3193384,
      "U": 1000001,
      "M": 211492,
      "Country": null,
      "FD": 1606809600,
      "LD": 1633935600,
      "FI": 1318975200,
      "LI": 1633935600,
      "S": 0,
      "META": null
    },
    {
      "D": "bhw.de",
      "LOS": [
        "bhw.de"
      ],
      "Q": 488718,
      "A": 7211957,
      "U": 1000001,
      "M": 447400,
      "Country": null,
      "FD": 1372806000,
      "LD": 1634540400,
      "FI": 1038178800,
      "LI": 1634886000,
      "S": 8708,
      "META": null
    },
    {
      "D": "btwifi.com",
      "LOS": [
        "btwifi.com"
      ],
      "Q": 490895,
      "A": 1084948,
      "U": 151486,
      "M": 949231,
      "Country": null,
      "FD": 1372806000,
      "LD": 1633244400,
      "FI": 1346940000,
      "LI": 1634799600,
      "S": 9373,
      "META": null
    },
    {
      "D": "cheetahmail.com",
      "LOS": [
        "redl1.cheetahmail.com",
        "redl2.cheetahmail.com",
        "redl3.cheetahmail.com"
      ],
      "Q": 494143,
      "A": 331458,
      "U": 36962,
      "M": 107968,
      "Country": null,
      "FD": 1594335600,
      "LD": 1634540400,
      "FI": 1294059600,
      "LI": 1634886000,
      "S": 12230,
      "META": null
    },
    {
      "D": "comper.com",
      "LOS": [
        "comper.com"
      ],
      "Q": 502460,
      "A": 11255628,
      "U": 1000001,
      "M": 1000001,
      "Country": null,
      "FD": 1493074800,
      "LD": 1633244400,
      "FI": 1362056400,
      "LI": 1633244400,
      "S": 221,
      "META": null
    },
    {
      "D": "bodenclothing.com.au",
      "LOS": [
        "email.bodenclothing.com.au"
      ],
      "Q": 514534,
      "A": 11739501,
      "U": 1000001,
      "M": 995477,
      "Country": null,
      "FD": 1531436400,
      "LD": 1634540400,
      "FI": 1406678400,
      "LI": 1634540400,
      "S": 17357,
      "META": null
    },
    {
      "D": "tphcm.gov.vn",
      "LOS": [
        "qlhvphunu.tphcm.gov.vn/*"
      ],
      "Q": 531637,
      "A": 99572,
      "U": 72897,
      "M": 90237,
      "Country": null,
      "FD": 1599634800,
      "LD": 1633244400,
      "FI": 1538434800,
      "LI": 1634540400,
      "S": 747,
      "META": null
    },
    {
      "D": "bancobmg.com.br",
      "LOS": [
        "bancobmg.com.br"
      ],
      "Q": 538652,
      "A": 71037,
      "U": 154549,
      "M": 334793,
      "Country": null,
      "FD": 1381705200,
      "LD": 1633244400,
      "FI": 1320584400,
      "LI": 1634886000,
      "S": 20284,
      "META": null
    },
    {
      "D": "camaramedellin.com.co",
      "LOS": [
        "dev.camaramedellin.com.co"
      ],
      "Q": 564019,
      "A": 682011,
      "U": 1000001,
      "M": 480537,
      "Country": null,
      "FD": 1531436400,
      "LD": 1634540400,
      "FI": 1315144800,
      "LI": 1634540400,
      "S": 1702,
      "META": null
    },
    {
      "D": "oocllogistics.com",
      "LOS": [
        "stsvp.oocllogistics.com"
      ],
      "Q": 606082,
      "A": 19364972,
      "U": 111391,
      "M": 1000001,
      "Country": null,
      "FD": 1531436400,
      "LD": 1634540400,
      "FI": 1191276000,
      "LI": 1634799600,
      "S": 0,
      "META": null
    },
    {
      "D": "bouyguestelecom-entreprises.fr",
      "LOS": [
        "solutionscloud-pp.bouyguestelecom-entreprises.fr"
      ],
      "Q": 613498,
      "A": 420132,
      "U": 1000001,
      "M": 808654,
      "Country": null,
      "FD": 1379286000,
      "LD": 1634540400,
      "FI": 1320584400,
      "LI": 1634886000,
      "S": 243,
      "META": null
    },
    {
      "D": "tmu.edu.vn",
      "LOS": [
        "lichtuandhtm.tmu.edu.vn",
        "dangky.tmu.edu.vn",
        "dangkydtqt.tmu.edu.vn"
      ],
      "Q": 623990,
      "A": 5739988,
      "U": 1000001,
      "M": 1000001,
      "Country": null,
      "FD": 1581030000,
      "LD": 1628146800,
      "FI": 1537830000,
      "LI": 1633935600,
      "S": 31,
      "META": null
    },
    {
      "D": "chibardun.net",
      "LOS": [
        "chi-dal-dhcpatriot-atm6-ws-264.dsl.chibardun.net"
      ],
      "Q": 634802,
      "A": 16204757,
      "U": 1000001,
      "M": 1000001,
      "Country": null,
      "FD": 1564354800,
      "LD": 1634022000,
      "FI": 1459292400,
      "LI": 1634799600,
      "S": 0,
      "META": null
    },
    {
      "D": "nabooda-auto.com",
      "LOS": [
        "yourporsche.nabooda-auto.com"
      ],
      "Q": 669220,
      "A": 16867365,
      "U": 1000001,
      "M": 1000001,
      "Country": null,
      "FD": 1617174000,
      "LD": 1633244400,
      "FI": 1356958800,
      "LI": 1633244400,
      "S": 5374,
      "META": null
    },
    {
      "D": "bollore.com",
      "LOS": [
        "mailmba.ke.bollore.com"
      ],
      "Q": 675799,
      "A": 392807,
      "U": 169147,
      "M": 247291,
      "Country": null,
      "FD": 1531436400,
      "LD": 1634540400,
      "FI": 1328360400,
      "LI": 1634799600,
      "S": 552,
      "META": null
    },
    {
      "D": "nationalspotexchange.com",
      "LOS": [
        "nationalspotexchange.com"
      ],
      "Q": 750138,
      "A": 2528689,
      "U": 1000001,
      "M": 1000001,
      "Country": null,
      "FD": 1372806000,
      "LD": 1634799600,
      "FI": 1320584400,
      "LI": 1634799600,
      "S": 0,
      "META": null
    },
    {
      "D": "cgfm.mil.co",
      "LOS": [
        "dcca.cgfm.mil.co"
      ],
      "Q": 759444,
      "A": 617724,
      "U": 1000001,
      "M": 506445,
      "Country": null,
      "FD": 1569193200,
      "LD": 1634540400,
      "FI": 1333634400,
      "LI": 1634540400,
      "S": 0,
      "META": null
    },
    {
      "D": "ntc.net.np",
      "LOS": [
        "ntc.net.np"
      ],
      "Q": 768015,
      "A": 699056,
      "U": 211644,
      "M": 238600,
      "Country": null,
      "FD": 1485298800,
      "LD": 1634540400,
      "FI": 971820000,
      "LI": 1634799600,
      "S": 0,
      "META": null
    },
    {
      "D": "bvdaihoc.com.vn",
      "LOS": [
        "bvdaihoc.com.vn"
      ],
      "Q": 878550,
      "A": 1113764,
      "U": 1000001,
      "M": 1000001,
      "Country": null,
      "FD": 1606809600,
      "LD": 1630047600,
      "FI": 1132786800,
      "LI": 1633244400,
      "S": 0,
      "META": null
    },
    {
      "D": "bokadesign.com",
      "LOS": [
        "bokadesign.com"
      ],
      "Q": 977199,
      "A": 16510751,
      "U": 1000001,
      "M": 1000001,
      "Country": null,
      "FD": 1507244400,
      "LD": 1623567600,
      "FI": 1488322800,
      "LI": 1633244400,
      "S": 0,
      "META": null
    },
    {
      "D": "bf.com.cn",
      "LOS": [
        "bf.com.cn/*"
      ],
      "Q": 1000001,
      "A": 25645164,
      "U": 1000001,
      "M": 1000001,
      "Country": null,
      "FD": 1596092400,
      "LD": 1628146800,
      "FI": 1537830000,
      "LI": 1628146800,
      "S": 0,
      "META": null
    },
    {
      "D": "k6.com",
      "LOS": [
        "k6.com"
      ],
      "Q": 1000001,
      "A": 83661957,
      "U": 1000001,
      "M": 1000001,
      "Country": null,
      "FD": 1529017200,
      "LD": 1633244400,
      "FI": 1470870000,
      "LI": 1633244400,
      "S": 0,
      "META": null
    },
    {
      "D": "oc.org",
      "LOS": [
        "ocm.oc.org"
      ],
      "Q": 1000001,
      "A": 412246,
      "U": 1000001,
      "M": 781154,
      "Country": null,
      "FD": 1617174000,
      "LD": 1623567600,
      "FI": 951984000,
      "LI": 1634626800,
      "S": 287,
      "META": null
    },
    {
      "D": "th.com",
      "LOS": [
        "bblam05.ksc.th.com"
      ],
      "Q": 1000001,
      "A": 615507,
      "U": 106199,
      "M": 66549,
      "Country": null,
      "FD": 1600239600,
      "LD": 1633244400,
      "FI": 1458169200,
      "LI": 1634799600,
      "S": 12630,
      "META": null
    },
    {
      "D": "1001007.com",
      "LOS": [
        "1001007.com"
      ],
      "Q": 1000001,
      "A": 62774732,
      "U": 1000001,
      "M": 1000001,
      "Country": null,
      "FD": 1555023600,
      "LD": 1628146800,
      "FI": 1447196400,
      "LI": 1633244400,
      "S": 0,
      "META": null
    },
    {
      "D": "100c.club",
      "LOS": [
        "100c.club"
      ],
      "Q": 1000001,
      "A": 100000001,
      "U": 1000001,
      "M": 1000001,
      "Country": null,
      "FD": 1596178800,
      "LD": 1633244400,
      "FI": 1559516400,
      "LI": 1633244400,
      "S": 0,
      "META": null
    },
    {
      "D": "1001w.cn",
      "LOS": [
        "1001w.cn"
      ],
      "Q": 1000001,
      "A": 81252285,
      "U": 1000001,
      "M": 1000001,
      "Country": null,
      "FD": 1502233200,
      "LD": 1628146800,
      "FI": 1479855600,
      "LI": 1628146800,
      "S": 0,
      "META": null
    },
    {
      "D": "100vac.com",
      "LOS": [
        "100vac.com"
      ],
      "Q": 1000001,
      "A": 100000001,
      "U": 1000001,
      "M": 1000001,
      "Country": null,
      "FD": 1568502000,
      "LD": 1623567600,
      "FI": 1537830000,
      "LI": 1628146800,
      "S": 0,
      "META": null
    },
    {
      "D": "100svip.com",
      "LOS": [
        "100svip.com"
      ],
      "Q": 1000001,
      "A": 81795849,
      "U": 1000001,
      "M": 1000001,
      "Country": null,
      "FD": 1527894000,
      "LD": 1628146800,
      "FI": 1527807600,
      "LI": 1633244400,
      "S": 0,
      "META": null
    },
    {
      "D": "100guolu.com",
      "LOS": [
        "100guolu.com"
      ],
      "Q": 1000001,
      "A": 100000001,
      "U": 1000001,
      "M": 1000001,
      "Country": null,
      "FD": 1574118000,
      "LD": 1628146800,
      "FI": 1537830000,
      "LI": 1628146800,
      "S": 0,
      "META": null
    },
    {
      "D": "100daylamb.com",
      "LOS": [
        "100daylamb.com"
      ],
      "Q": 1000001,
      "A": 75145193,
      "U": 1000001,
      "M": 1000001,
      "Country": null,
      "FD": 1546038000,
      "LD": 1628146800,
      "FI": 1543532400,
      "LI": 1628146800,
      "S": 0,
      "META": null
    },
    {
      "D": "100loutong.com",
      "LOS": [
        "100loutong.com"
      ],
      "Q": 1000001,
      "A": 32396900,
      "U": 1000001,
      "M": 1000001,
      "Country": null,
      "FD": 1600383600,
      "LD": 1633244400,
      "FI": 1600383600,
      "LI": 1633244400,
      "S": 57,
      "META": null
    },
    {
      "D": "10010store.com",
      "LOS": [
        "10010store.com"
      ],
      "Q": 1000001,
      "A": 100000001,
      "U": 1000001,
      "M": 1000001,
      "Country": null,
      "FD": 1627714800,
      "LD": 1627714800,
      "FI": 1627714800,
      "LI": 1627714800,
      "S": 0,
      "META": null
    },
    {
      "D": "10000love.com",
      "LOS": [
        "10000love.com"
      ],
      "Q": 1000001,
      "A": 59597454,
      "U": 1000001,
      "M": 1000001,
      "Country": null,
      "FD": 1590102000,
      "LD": 1623567600,
      "FI": 1537830000,
      "LI": 1628146800,
      "S": 0,
      "META": null
    },
    {
      "D": "1005ye.com",
      "LOS": [
        "1005ye.com"
      ],
      "Q": 1000001,
      "A": 63793548,
      "U": 1000001,
      "M": 1000001,
      "Country": null,
      "FD": 1499295600,
      "LD": 1628146800,
      "FI": 1467241200,
      "LI": 1628146800,
      "S": 0,
      "META": null
    },
    {
      "D": "100yu.cc",
      "LOS": [
        "100yu.cc"
      ],
      "Q": 1000001,
      "A": 100000001,
      "U": 1000001,
      "M": 1000001,
      "Country": null,
      "FD": 1512342000,
      "LD": 1633244400,
      "FI": 1511132400,
      "LI": 1633244400,
      "S": 0,
      "META": null
    },
    {
      "D": "101001000.net",
      "LOS": [
        "101001000.net"
      ],
      "Q": 1000001,
      "A": 100000001,
      "U": 1000001,
      "M": 1000001,
      "Country": null,
      "FD": 1546038000,
      "LD": 1628146800,
      "FI": 1447196400,
      "LI": 1628146800,
      "S": 0,
      "META": null
    },
    {
      "D": "101010100.com",
      "LOS": [
        "101010100.com"
      ],
      "Q": 1000001,
      "A": 100000001,
      "U": 1000001,
      "M": 1000001,
      "Country": null,
      "FD": 1600383600,
      "LD": 1623567600,
      "FI": 1600383600,
      "LI": 1628146800,
      "S": 0,
      "META": null
    },
    {
      "D": "1018wedding.com",
      "LOS": [
        "1018wedding.com"
      ],
      "Q": 1000001,
      "A": 100000001,
      "U": 1000001,
      "M": 1000001,
      "Country": null,
      "FD": 1596178800,
      "LD": 1628146800,
      "FI": 1566774000,
      "LI": 1628146800,
      "S": 0,
      "META": null
    },
    {
      "D": "10101010sy.com",
      "LOS": [
        "10101010sy.com"
      ],
      "Q": 1000001,
      "A": 81795979,
      "U": 1000001,
      "M": 1000001,
      "Country": null,
      "FD": 1546038000,
      "LD": 1628146800,
      "FI": 1389481200,
      "LI": 1628146800,
      "S": 0,
      "META": null
    },
    {
      "D": "101bxg.com",
      "LOS": [
        "101bxg.com"
      ],
      "Q": 1000001,
      "A": 100000001,
      "U": 1000001,
      "M": 1000001,
      "Country": null,
      "FD": 1599721200,
      "LD": 1628146800,
      "FI": 1411862400,
      "LI": 1628146800,
      "S": 0,
      "META": null
    },
    {
      "D": "1024kb.com",
      "LOS": [
        "1024kb.com"
      ],
      "Q": 1000001,
      "A": 100000001,
      "U": 1000001,
      "M": 1000001,
      "Country": null,
      "FD": 1546038000,
      "LD": 1628146800,
      "FI": 1512342000,
      "LI": 1633244400,
      "S": 0,
      "META": null
    },
    {
      "D": "105139.com",
      "LOS": [
        "105139.com"
      ],
      "Q": 1000001,
      "A": 61020033,
      "U": 1000001,
      "M": 1000001,
      "Country": null,
      "FD": 1600383600,
      "LD": 1628146800,
      "FI": 1600383600,
      "LI": 1628146800,
      "S": 0,
      "META": null
    },
    {
      "D": "10620000.cn",
      "LOS": [
        "10620000.cn"
      ],
      "Q": 1000001,
      "A": 100000001,
      "U": 1000001,
      "M": 1000001,
      "Country": null,
      "FD": 1507244400,
      "LD": 1628146800,
      "FI": 1447196400,
      "LI": 1633244400,
      "S": 0,
      "META": null
    },
    {
      "D": "10620000.com",
      "LOS": [
        "10620000.com"
      ],
      "Q": 1000001,
      "A": 100000001,
      "U": 1000001,
      "M": 1000001,
      "Country": null,
      "FD": 1507244400,
      "LD": 1633244400,
      "FI": 1447196400,
      "LI": 1633244400,
      "S": 0,
      "META": null
    },
    {
      "D": "106s.com",
      "LOS": [
        "106s.com"
      ],
      "Q": 1000001,
      "A": 45576346,
      "U": 1000001,
      "M": 1000001,
      "Country": null,
      "FD": 1596178800,
      "LD": 1628146800,
      "FI": 1566774000,
      "LI": 1628146800,
      "S": 0,
      "META": null
    },
    {
      "D": "10693.cn",
      "LOS": [
        "10693.cn"
      ],
      "Q": 1000001,
      "A": 100000001,
      "U": 1000001,
      "M": 1000001,
      "Country": null,
      "FD": 1623567600,
      "LD": 1628146800,
      "FI": 1389481200,
      "LI": 1628146800,
      "S": 0,
      "META": null
    },
    {
      "D": "108ke.com",
      "LOS": [
        "108ke.com"
      ],
      "Q": 1000001,
      "A": 100000001,
      "U": 1000001,
      "M": 1000001,
      "Country": null,
      "FD": 1596178800,
      "LD": 1628146800,
      "FI": 1362056400,
      "LI": 1632466800,
      "S": 0,
      "META": null
    },
    {
      "D": "10plus.cc",
      "LOS": [
        "10plus.cc"
      ],
      "Q": 1000001,
      "A": 100000001,
      "U": 1000001,
      "M": 1000001,
      "Country": null,
      "FD": 1596178800,
      "LD": 1633244400,
      "FI": 1518735600,
      "LI": 1633244400,
      "S": 0,
      "META": null
    },
    {
      "D": "110huansuo.com",
      "LOS": [
        "110huansuo.com"
      ],
      "Q": 1000001,
      "A": 79346056,
      "U": 1000001,
      "M": 1000001,
      "Country": null,
      "FD": 1496530800,
      "LD": 1628146800,
      "FI": 1447196400,
      "LI": 1628146800,
      "S": 0,
      "META": null
    },
    {
      "D": "112.run",
      "LOS": [
        "112.run"
      ],
      "Q": 1000001,
      "A": 100000001,
      "U": 1000001,
      "M": 1000001,
      "Country": null,
      "FD": 1600383600,
      "LD": 1628146800,
      "FI": 1600383600,
      "LI": 1628146800,
      "S": 0,
      "META": null
    },
    {
      "D": "114my.net",
      "LOS": [
        "114my.net"
      ],
      "Q": 1000001,
      "A": 11000180,
      "U": 1000001,
      "M": 99905,
      "Country": null,
      "FD": 1599721200,
      "LD": 1633935600,
      "FI": 1197932400,
      "LI": 1633935600,
      "S": 0,
      "META": null
    },
    {
      "D": "114my.top",
      "LOS": [
        "xapp.114my.top"
      ],
      "Q": 1000001,
      "A": 59286900,
      "U": 1000001,
      "M": 1000001,
      "Country": null,
      "FD": 1612944000,
      "LD": 1623567600,
      "FI": 1511132400,
      "LI": 1633244400,
      "S": 0,
      "META": null
    },
    {
      "D": "115999.com",
      "LOS": [
        "115999.com"
      ],
      "Q": 1000001,
      "A": 76266213,
      "U": 1000001,
      "M": 1000001,
      "Country": null,
      "FD": 1583622000,
      "LD": 1628146800,
      "FI": 1488322800,
      "LI": 1628146800,
      "S": 0,
      "META": null
    },
    {
      "D": "119sysx.com",
      "LOS": [
        "119sysx.com"
      ],
      "Q": 1000001,
      "A": 100000001,
      "U": 1000001,
      "M": 1000001,
      "Country": null,
      "FD": 1559516400,
      "LD": 1628146800,
      "FI": 1527807600,
      "LI": 1628146800,
      "S": 0,
      "META": null
    },
    {
      "D": "119xk.com",
      "LOS": [
        "119xk.com"
      ],
      "Q": 1000001,
      "A": 100000001,
      "U": 1000001,
      "M": 1000001,
      "Country": null,
      "FD": 1586559600,
      "LD": 1628146800,
      "FI": 1547334000,
      "LI": 1628146800,
      "S": 0,
      "META": null
    },
    {
      "D": "119szc.com",
      "LOS": [
        "119szc.com"
      ],
      "Q": 1000001,
      "A": 100000001,
      "U": 1000001,
      "M": 1000001,
      "Country": null,
      "FD": 1568502000,
      "LD": 1628146800,
      "FI": 1566774000,
      "LI": 1628146800,
      "S": 0,
      "META": null
    },
    {
      "D": "11deyi.com",
      "LOS": [
        "chat.11deyi.com/*"
      ],
      "Q": 1000001,
      "A": 100000001,
      "U": 1000001,
      "M": 1000001,
      "Country": null,
      "FD": 1588114800,
      "LD": 1633244400,
      "FI": 1469746800,
      "LI": 1633244400,
      "S": 0,
      "META": null
    },
    {
      "D": "11xun.com",
      "LOS": [
        "m.11xun.com"
      ],
      "Q": 1000001,
      "A": 100000001,
      "U": 1000001,
      "M": 1000001,
      "Country": null,
      "FD": 1588114800,
      "LD": 1633244400,
      "FI": 1356958800,
      "LI": 1633244400,
      "S": 0,
      "META": null
    },
    {
      "D": "12023.cn",
      "LOS": [
        "12023.cn"
      ],
      "Q": 1000001,
      "A": 100000001,
      "U": 1000001,
      "M": 1000001,
      "Country": null,
      "FD": 1627714800,
      "LD": 1627714800,
      "FI": 1627714800,
      "LI": 1627714800,
      "S": 0,
      "META": null
    },
    {
      "D": "12090.net",
      "LOS": [
        "12090.net"
      ],
      "Q": 1000001,
      "A": 100000001,
      "U": 1000001,
      "M": 1000001,
      "Country": null,
      "FD": 1600383600,
      "LD": 1628146800,
      "FI": 1600383600,
      "LI": 1628146800,
      "S": 0,
      "META": null
    },
    {
      "D": "120luopan.com",
      "LOS": [
        "120luopan.com"
      ],
      "Q": 1000001,
      "A": 100000001,
      "U": 1000001,
      "M": 1000001,
      "Country": null,
      "FD": 1496530800,
      "LD": 1628146800,
      "FI": 1458514800,
      "LI": 1628146800,
      "S": 0,
      "META": null
    },
    {
      "D": "120kid.net",
      "LOS": [
        "120kid.net"
      ],
      "Q": 1000001,
      "A": 100000001,
      "U": 1000001,
      "M": 1000001,
      "Country": null,
      "FD": 1599721200,
      "LD": 1628146800,
      "FI": 1566774000,
      "LI": 1628146800,
      "S": 0,
      "META": null
    },
    {
      "D": "120kid.cn",
      "LOS": [
        "120kid.cn"
      ],
      "Q": 1000001,
      "A": 100000001,
      "U": 1000001,
      "M": 1000001,
      "Country": null,
      "FD": 1583622000,
      "LD": 1628146800,
      "FI": 1583190000,
      "LI": 1628146800,
      "S": 0,
      "META": null
    },
    {
      "D": "120whjijiu.com",
      "LOS": [
        "120whjijiu.com"
      ],
      "Q": 1000001,
      "A": 100000001,
      "U": 1000001,
      "M": 1000001,
      "Country": null,
      "FD": 1563663600,
      "LD": 1628146800,
      "FI": 1537830000,
      "LI": 1628146800,
      "S": 0,
      "META": null
    },
    {
      "D": "120emc.com",
      "LOS": [
        "120emc.com"
      ],
      "Q": 1000001,
      "A": 100000001,
      "U": 1000001,
      "M": 1000001,
      "Country": null,
      "FD": 1583622000,
      "LD": 1623567600,
      "FI": 1566774000,
      "LI": 1628146800,
      "S": 0,
      "META": null
    },
    {
      "D": "120zixun.com",
      "LOS": [
        "dingyue.120zixun.com"
      ],
      "Q": 1000001,
      "A": 64306094,
      "U": 1000001,
      "M": 1000001,
      "Country": null,
      "FD": 1587855600,
      "LD": 1633244400,
      "FI": 1512342000,
      "LI": 1633244400,
      "S": 0,
      "META": null
    },
    {
      "D": "12164.net",
      "LOS": [
        "12164.net"
      ],
      "Q": 1000001,
      "A": 100000001,
      "U": 1000001,
      "M": 1000001,
      "Country": null,
      "FD": 1600383600,
      "LD": 1628146800,
      "FI": 1600383600,
      "LI": 1628146800,
      "S": 0,
      "META": null
    },
    {
      "D": "12169.com.cn",
      "LOS": [
        "12169.com.cn"
      ],
      "Q": 1000001,
      "A": 35380454,
      "U": 1000001,
      "M": 1000001,
      "Country": null,
      "FD": 1612944000,
      "LD": 1628146800,
      "FI": 1600383600,
      "LI": 1628146800,
      "S": 0,
      "META": null
    },
    {
      "D": "12366.gd.cn",
      "LOS": [
        "12366.gd.cn"
      ],
      "Q": 1000001,
      "A": 100000001,
      "U": 1000001,
      "M": 1000001,
      "Country": null,
      "FD": 1612944000,
      "LD": 1628146800,
      "FI": 1527807600,
      "LI": 1628146800,
      "S": 0,
      "META": null
    },
    {
      "D": "1238499.com",
      "LOS": [
        "1238499.com"
      ],
      "Q": 1000001,
      "A": 100000001,
      "U": 1000001,
      "M": 1000001,
      "Country": null,
      "FD": 1539558000,
      "LD": 1628146800,
      "FI": 1458514800,
      "LI": 1628146800,
      "S": 0,
      "META": null
    },
    {
      "D": "123mdn.com",
      "LOS": [
        "123mdn.com"
      ],
      "Q": 1000001,
      "A": 100000001,
      "U": 1000001,
      "M": 1000001,
      "Country": null,
      "FD": 1627714800,
      "LD": 1627714800,
      "FI": 1611475200,
      "LI": 1627714800,
      "S": 0,
      "META": null
    },
    {
      "D": "123hl.cn",
      "LOS": [
        "123hl.cn"
      ],
      "Q": 1000001,
      "A": 31518461,
      "U": 1000001,
      "M": 1000001,
      "Country": null,
      "FD": 1488582000,
      "LD": 1633244400,
      "FI": 1362056400,
      "LI": 1633244400,
      "S": 0,
      "META": null
    },
    {
      "D": "123creations.com",
      "LOS": [
        "mail.123creations.com",
        "pop.123creations.com",
        "smtp.123creations.com"
      ],
      "Q": 1000001,
      "A": 51678890,
      "U": 1000001,
      "M": 1000001,
      "Country": null,
      "FD": 1624518000,
      "LD": 1634540400,
      "FI": 1362056400,
      "LI": 1634540400,
      "S": 1217,
      "META": null
    },
    {
      "D": "123sssss.com",
      "LOS": [
        "123sssss.com"
      ],
      "Q": 1000001,
      "A": 81802856,
      "U": 1000001,
      "M": 1000001,
      "Country": null,
      "FD": 1590102000,
      "LD": 1627714800,
      "FI": 1566774000,
      "LI": 1628233200,
      "S": 0,
      "META": null
    },
    {
      "D": "12366sz.com",
      "LOS": [
        "12366sz.com"
      ],
      "Q": 1000001,
      "A": 100000001,
      "U": 1000001,
      "M": 1000001,
      "Country": null,
      "FD": 1627714800,
      "LD": 1628233200,
      "FI": 1547334000,
      "LI": 1628233200,
      "S": 0,
      "META": null
    },
    {
      "D": "123artful.com",
      "LOS": [
        "123artful.com"
      ],
      "Q": 1000001,
      "A": 45707315,
      "U": 1000001,
      "M": 1000001,
      "Country": null,
      "FD": 1633244400,
      "LD": 1633244400,
      "FI": 1479250800,
      "LI": 1633244400,
      "S": 14,
      "META": null
    },
    {
      "D": "123yy.top",
      "LOS": [
        "123yy.top"
      ],
      "Q": 1000001,
      "A": 88164013,
      "U": 1000001,
      "M": 1000001,
      "Country": null,
      "FD": 1568502000,
      "LD": 1628233200,
      "FI": 1519513200,
      "LI": 1628233200,
      "S": 0,
      "META": null
    },
    {
      "D": "127408.com",
      "LOS": [
        "127408.com"
      ],
      "Q": 1000001,
      "A": 100000001,
      "U": 1000001,
      "M": 1000001,
      "Country": null,
      "FD": 1539558000,
      "LD": 1628233200,
      "FI": 1520290800,
      "LI": 1628233200,
      "S": 0,
      "META": null
    },
    {
      "D": "12761.cn",
      "LOS": [
        "12761.cn"
      ],
      "Q": 1000001,
      "A": 100000001,
      "U": 1000001,
      "M": 1000001,
      "Country": null,
      "FD": 1583622000,
      "LD": 1623567600,
      "FI": 1566774000,
      "LI": 1623567600,
      "S": 0,
      "META": null
    },
    {
      "D": "12edit-hosting.de",
      "LOS": [
        "12edit-hosting.de"
      ],
      "Q": 1000001,
      "A": 69905772,
      "U": 1000001,
      "M": 1000001,
      "Country": null,
      "FD": 1510095600,
      "LD": 1633244400,
      "FI": 1507244400,
      "LI": 1633244400,
      "S": 0,
      "META": null
    },
    {
      "D": "12ger.com",
      "LOS": [
        "12ger.com"
      ],
      "Q": 1000001,
      "A": 100000001,
      "U": 1000001,
      "M": 1000001,
      "Country": null,
      "FD": 1623567600,
      "LD": 1628233200,
      "FI": 1362056400,
      "LI": 1628233200,
      "S": 0,
      "META": null
    },
    {
      "D": "12jinzai.com",
      "LOS": [
        "12jinzai.com"
      ],
      "Q": 1000001,
      "A": 100000001,
      "U": 1000001,
      "M": 1000001,
      "Country": null,
      "FD": 1458601200,
      "LD": 1628233200,
      "FI": 1458514800,
      "LI": 1628233200,
      "S": 0,
      "META": null
    },
    {
      "D": "12yue.com",
      "LOS": [
        "12yue.com"
      ],
      "Q": 1000001,
      "A": 100000001,
      "U": 1000001,
      "M": 1000001,
      "Country": null,
      "FD": 1600383600,
      "LD": 1628233200,
      "FI": 1600383600,
      "LI": 1628233200,
      "S": 0,
      "META": null
    },
    {
      "D": "13062831000.com",
      "LOS": [
        "13062831000.com"
      ],
      "Q": 1000001,
      "A": 100000001,
      "U": 1000001,
      "M": 1000001,
      "Country": null,
      "FD": 1627714800,
      "LD": 1627714800,
      "FI": 1627714800,
      "LI": 1627714800,
      "S": 0,
      "META": null
    },
    {
      "D": "13032411668.com",
      "LOS": [
        "13032411668.com"
      ],
      "Q": 1000001,
      "A": 100000001,
      "U": 1000001,
      "M": 1000001,
      "Country": null,
      "FD": 1554505200,
      "LD": 1628233200,
      "FI": 1554505200,
      "LI": 1628233200,
      "S": 0,
      "META": null
    },
    {
      "D": "13066648584.com",
      "LOS": [
        "13066648584.com"
      ],
      "Q": 1000001,
      "A": 100000001,
      "U": 1000001,
      "M": 1000001,
      "Country": null,
      "FD": 1568502000,
      "LD": 1628233200,
      "FI": 1566774000,
      "LI": 1628233200,
      "S": 0,
      "META": null
    },
    {
      "D": "13014595685.com",
      "LOS": [
        "13014595685.com"
      ],
      "Q": 1000001,
      "A": 100000001,
      "U": 1000001,
      "M": 1000001,
      "Country": null,
      "FD": 1510095600,
      "LD": 1628233200,
      "FI": 1507158000,
      "LI": 1628233200,
      "S": 0,
      "META": null
    },
    {
      "D": "13019334486.com",
      "LOS": [
        "13019334486.com"
      ],
      "Q": 1000001,
      "A": 100000001,
      "U": 1000001,
      "M": 1000001,
      "Country": null,
      "FD": 1600383600,
      "LD": 1623567600,
      "FI": 1600383600,
      "LI": 1628233200,
      "S": 0,
      "META": null
    },
    {
      "D": "13011570888.net",
      "LOS": [
        "13011570888.net"
      ],
      "Q": 1000001,
      "A": 100000001,
      "U": 1000001,
      "M": 1000001,
      "Country": null,
      "FD": 1600383600,
      "LD": 1628233200,
      "FI": 1600383600,
      "LI": 1628233200,
      "S": 0,
      "META": null
    },
    {
      "D": "13121646515.com",
      "LOS": [
        "13121646515.com"
      ],
      "Q": 1000001,
      "A": 100000001,
      "U": 1000001,
      "M": 1000001,
      "Country": null,
      "FD": 1546038000,
      "LD": 1628233200,
      "FI": 1527807600,
      "LI": 1628233200,
      "S": 0,
      "META": null
    },
    {
      "D": "13102615288.com",
      "LOS": [
        "13102615288.com"
      ],
      "Q": 1000001,
      "A": 100000001,
      "U": 1000001,
      "M": 1000001,
      "Country": null,
      "FD": 1579734000,
      "LD": 1628233200,
      "FI": 1566774000,
      "LI": 1628233200,
      "S": 0,
      "META": null
    },
    {
      "D": "13138808190.com",
      "LOS": [
        "13138808190.com"
      ],
      "Q": 1000001,
      "A": 100000001,
      "U": 1000001,
      "M": 1000001,
      "Country": null,
      "FD": 1627714800,
      "LD": 1627714800,
      "FI": 1616137200,
      "LI": 1627714800,
      "S": 0,
      "META": null
    },
    {
      "D": "13123866699.com",
      "LOS": [
        "13123866699.com"
      ],
      "Q": 1000001,
      "A": 100000001,
      "U": 1000001,
      "M": 1000001,
      "Country": null,
      "FD": 1568502000,
      "LD": 1623567600,
      "FI": 1566774000,
      "LI": 1628233200,
      "S": 0,
      "META": null
    },
    {
      "D": "1314xy.top",
      "LOS": [
        "1314xy.top"
      ],
      "Q": 1000001,
      "A": 100000001,
      "U": 1000001,
      "M": 1000001,
      "Country": null,
      "FD": 1568502000,
      "LD": 1628233200,
      "FI": 1566774000,
      "LI": 1628233200,
      "S": 0,
      "META": null
    },
    {
      "D": "13299119907.com",
      "LOS": [
        "13299119907.com"
      ],
      "Q": 1000001,
      "A": 100000001,
      "U": 1000001,
      "M": 1000001,
      "Country": null,
      "FD": 1618297200,
      "LD": 1628233200,
      "FI": 1600383600,
      "LI": 1628233200,
      "S": 0,
      "META": null
    },
    {
      "D": "13252838889.com",
      "LOS": [
        "13252838889.com"
      ],
      "Q": 1000001,
      "A": 100000001,
      "U": 1000001,
      "M": 1000001,
      "Country": null,
      "FD": 1568502000,
      "LD": 1628233200,
      "FI": 1566774000,
      "LI": 1628233200,
      "S": 0,
      "META": null
    },
    {
      "D": "132616huishou.com",
      "LOS": [
        "132616huishou.com"
      ],
      "Q": 1000001,
      "A": 100000001,
      "U": 1000001,
      "M": 1000001,
      "Country": null,
      "FD": 1600383600,
      "LD": 1628233200,
      "FI": 1600383600,
      "LI": 1628233200,
      "S": 0,
      "META": null
    },
    {
      "D": "13342355505.com",
      "LOS": [
        "13342355505.com"
      ],
      "Q": 1000001,
      "A": 100000001,
      "U": 1000001,
      "M": 1000001,
      "Country": null,
      "FD": 1546038000,
      "LD": 1628233200,
      "FI": 1527807600,
      "LI": 1628233200,
      "S": 0,
      "META": null
    },
    {
      "D": "13396336534.com",
      "LOS": [
        "13396336534.com"
      ],
      "Q": 1000001,
      "A": 100000001,
      "U": 1000001,
      "M": 1000001,
      "Country": null,
      "FD": 1600383600,
      "LD": 1627714800,
      "FI": 1600383600,
      "LI": 1628233200,
      "S": 0,
      "META": null
    },
    {
      "D": "13304000889.com",
      "LOS": [
        "13304000889.com"
      ],
      "Q": 1000001,
      "A": 100000001,
      "U": 1000001,
      "M": 1000001,
      "Country": null,
      "FD": 1600383600,
      "LD": 1628233200,
      "FI": 1600383600,
      "LI": 1628233200,
      "S": 0,
      "META": null
    },
    {
      "D": "13434163416.com",
      "LOS": [
        "13434163416.com"
      ],
      "Q": 1000001,
      "A": 100000001,
      "U": 1000001,
      "M": 1000001,
      "Country": null,
      "FD": 1588374000,
      "LD": 1623567600,
      "FI": 1566774000,
      "LI": 1633244400,
      "S": 0,
      "META": null
    },
    {
      "D": "13472798587.com",
      "LOS": [
        "13472798587.com"
      ],
      "Q": 1000001,
      "A": 70286243,
      "U": 1000001,
      "M": 1000001,
      "Country": null,
      "FD": 1579734000,
      "LD": 1623567600,
      "FI": 1578006000,
      "LI": 1628233200,
      "S": 0,
      "META": null
    },
    {
      "D": "13598192715.com",
      "LOS": [
        "13598192715.com"
      ],
      "Q": 1000001,
      "A": 100000001,
      "U": 1000001,
      "M": 1000001,
      "Country": null,
      "FD": 1618297200,
      "LD": 1623567600,
      "FI": 1611648000,
      "LI": 1628233200,
      "S": 0,
      "META": null
    },
    {
      "D": "13585980819.com",
      "LOS": [
        "13585980819.com/*"
      ],
      "Q": 1000001,
      "A": 100000001,
      "U": 1000001,
      "M": 1000001,
      "Country": null,
      "FD": 1600383600,
      "LD": 1628233200,
      "FI": 1600383600,
      "LI": 1628233200,
      "S": 0,
      "META": null
    },
    {
      "D": "135-120-220.com",
      "LOS": [
        "135-120-220.com"
      ],
      "Q": 1000001,
      "A": 16514104,
      "U": 1000001,
      "M": 1000001,
      "Country": null,
      "FD": 1595113200,
      "LD": 1634799600,
      "FI": 1566774000,
      "LI": 1634799600,
      "S": 0,
      "META": null
    },
    {
      "D": "13552079970.com",
      "LOS": [
        "13552079970.com"
      ],
      "Q": 1000001,
      "A": 100000001,
      "U": 1000001,
      "M": 1000001,
      "Country": null,
      "FD": 1627714800,
      "LD": 1627714800,
      "FI": 1627714800,
      "LI": 1627714800,
      "S": 0,
      "META": null
    },
    {
      "D": "13544438875.com",
      "LOS": [
        "13544438875.com"
      ],
      "Q": 1000001,
      "A": 100000001,
      "U": 1000001,
      "M": 1000001,
      "Country": null,
      "FD": 1568502000,
      "LD": 1628233200,
      "FI": 1566774000,
      "LI": 1628233200,
      "S": 0,
      "META": null
    },
    {
      "D": "13605747310.com",
      "LOS": [
        "13605747310.com"
      ],
      "Q": 1000001,
      "A": 100000001,
      "U": 1000001,
      "M": 1000001,
      "Country": null,
      "FD": 1574118000,
      "LD": 1623567600,
      "FI": 1566774000,
      "LI": 1628233200,
      "S": 0,
      "META": null
    },
    {
      "D": "13671222728.com",
      "LOS": [
        "13671222728.com/*"
      ],
      "Q": 1000001,
      "A": 100000001,
      "U": 1000001,
      "M": 1000001,
      "Country": null,
      "FD": 1600383600,
      "LD": 1628233200,
      "FI": 1600383600,
      "LI": 1628233200,
      "S": 0,
      "META": null
    },
    {
      "D": "13603488249.com",
      "LOS": [
        "13603488249.com"
      ],
      "Q": 1000001,
      "A": 100000001,
      "U": 1000001,
      "M": 1000001,
      "Country": null,
      "FD": 1499295600,
      "LD": 1628233200,
      "FI": 1447196400,
      "LI": 1628233200,
      "S": 0,
      "META": null
    },
    {
      "D": "13620018261.com",
      "LOS": [
        "13620018261.com"
      ],
      "Q": 1000001,
      "A": 77442442,
      "U": 1000001,
      "M": 1000001,
      "Country": null,
      "FD": 1596178800,
      "LD": 1628233200,
      "FI": 1566774000,
      "LI": 1628233200,
      "S": 0,
      "META": null
    },
    {
      "D": "13605493186.com",
      "LOS": [
        "13605493186.com"
      ],
      "Q": 1000001,
      "A": 100000001,
      "U": 1000001,
      "M": 1000001,
      "Country": null,
      "FD": 1568502000,
      "LD": 1628233200,
      "FI": 1566774000,
      "LI": 1628233200,
      "S": 0,
      "META": null
    },
    {
      "D": "13681838194.com",
      "LOS": [
        "13681838194.com/*"
      ],
      "Q": 1000001,
      "A": 100000001,
      "U": 1000001,
      "M": 1000001,
      "Country": null,
      "FD": 1627714800,
      "LD": 1627714800,
      "FI": 1608883200,
      "LI": 1627714800,
      "S": 0,
      "META": null
    },
    {
      "D": "13716109301.com",
      "LOS": [
        "13716109301.com/*"
      ],
      "Q": 1000001,
      "A": 100000001,
      "U": 1000001,
      "M": 1000001,
      "Country": null,
      "FD": 1627714800,
      "LD": 1627714800,
      "FI": 1627714800,
      "LI": 1627714800,
      "S": 0,
      "META": null
    },
    {
      "D": "13726390015.com",
      "LOS": [
        "13726390015.com"
      ],
      "Q": 1000001,
      "A": 69894086,
      "U": 1000001,
      "M": 1000001,
      "Country": null,
      "FD": 1600383600,
      "LD": 1628233200,
      "FI": 1600383600,
      "LI": 1628233200,
      "S": 0,
      "META": null
    },
    {
      "D": "13722212220.com",
      "LOS": [
        "13722212220.com"
      ],
      "Q": 1000001,
      "A": 100000001,
      "U": 1000001,
      "M": 1000001,
      "Country": null,
      "FD": 1507244400,
      "LD": 1628233200,
      "FI": 1460415600,
      "LI": 1628233200,
      "S": 0,
      "META": null
    },
    {
      "D": "13765807335.com",
      "LOS": [
        "13765807335.com"
      ],
      "Q": 1000001,
      "A": 35762453,
      "U": 1000001,
      "M": 286553,
      "Country": null,
      "FD": 1568502000,
      "LD": 1633935600,
      "FI": 1547334000,
      "LI": 1633935600,
      "S": 0,
      "META": null
    },
    {
      "D": "13715284047.com",
      "LOS": [
        "13715284047.com"
      ],
      "Q": 1000001,
      "A": 100000001,
      "U": 1000001,
      "M": 1000001,
      "Country": null,
      "FD": 1600383600,
      "LD": 1623567600,
      "FI": 1600383600,
      "LI": 1628233200,
      "S": 0,
      "META": null
    },
    {
      "D": "13703272152.com",
      "LOS": [
        "13703272152.com"
      ],
      "Q": 1000001,
      "A": 57098088,
      "U": 1000001,
      "M": 1000001,
      "Country": null,
      "FD": 1600383600,
      "LD": 1627714800,
      "FI": 1600383600,
      "LI": 1628233200,
      "S": 0,
      "META": null
    },
    {
      "D": "13722883355.com",
      "LOS": [
        "13722883355.com"
      ],
      "Q": 1000001,
      "A": 100000001,
      "U": 1000001,
      "M": 1000001,
      "Country": null,
      "FD": 1595401200,
      "LD": 1628233200,
      "FI": 1443312000,
      "LI": 1628233200,
      "S": 0,
      "META": null
    },
    {
      "D": "13703199962.com",
      "LOS": [
        "13703199962.com"
      ],
      "Q": 1000001,
      "A": 100000001,
      "U": 1000001,
      "M": 1000001,
      "Country": null,
      "FD": 1574118000,
      "LD": 1628233200,
      "FI": 1566774000,
      "LI": 1628233200,
      "S": 0,
      "META": null
    },
    {
      "D": "13700003966.com",
      "LOS": [
        "13700003966.com"
      ],
      "Q": 1000001,
      "A": 100000001,
      "U": 1000001,
      "M": 1000001,
      "Country": null,
      "FD": 1579734000,
      "LD": 1628233200,
      "FI": 1379286000,
      "LI": 1628233200,
      "S": 0,
      "META": null
    },
    {
      "D": "13711269466.cc",
      "LOS": [
        "13711269466.cc"
      ],
      "Q": 1000001,
      "A": 100000001,
      "U": 1000001,
      "M": 1000001,
      "Country": null,
      "FD": 1618297200,
      "LD": 1623567600,
      "FI": 1566774000,
      "LI": 1628233200,
      "S": 0,
      "META": null
    },
    {
      "D": "13898307616.com",
      "LOS": [
        "13898307616.com"
      ],
      "Q": 1000001,
      "A": 100000001,
      "U": 1000001,
      "M": 1000001,
      "Country": null,
      "FD": 1568502000,
      "LD": 1628233200,
      "FI": 1566774000,
      "LI": 1630047600,
      "S": 0,
      "META": null
    },
    {
      "D": "13889812348.cn",
      "LOS": [
        "13889812348.cn"
      ],
      "Q": 1000001,
      "A": 100000001,
      "U": 1000001,
      "M": 1000001,
      "Country": null,
      "FD": 1600383600,
      "LD": 1628233200,
      "FI": 1600383600,
      "LI": 1628233200,
      "S": 0,
      "META": null
    },
    {
      "D": "13844371756.cn",
      "LOS": [
        "13844371756.cn"
      ],
      "Q": 1000001,
      "A": 100000001,
      "U": 1000001,
      "M": 1000001,
      "Country": null,
      "FD": 1568502000,
      "LD": 1628233200,
      "FI": 1566774000,
      "LI": 1628233200,
      "S": 0,
      "META": null
    },
    {
      "D": "13897929568.com",
      "LOS": [
        "13897929568.com"
      ],
      "Q": 1000001,
      "A": 100000001,
      "U": 1000001,
      "M": 1000001,
      "Country": null,
      "FD": 1600383600,
      "LD": 1628233200,
      "FI": 1600383600,
      "LI": 1628233200,
      "S": 0,
      "META": null
    },
    {
      "D": "13897989068.com",
      "LOS": [
        "13897989068.com"
      ],
      "Q": 1000001,
      "A": 100000001,
      "U": 1000001,
      "M": 1000001,
      "Country": null,
      "FD": 1600383600,
      "LD": 1627714800,
      "FI": 1600383600,
      "LI": 1628233200,
      "S": 0,
      "META": null
    },
    {
      "D": "13811526680.com",
      "LOS": [
        "13811526680.com"
      ],
      "Q": 1000001,
      "A": 100000001,
      "U": 1000001,
      "M": 1000001,
      "Country": null,
      "FD": 1546038000,
      "LD": 1628233200,
      "FI": 1527807600,
      "LI": 1628233200,
      "S": 0,
      "META": null
    },
    {
      "D": "13802025387.com",
      "LOS": [
        "13802025387.com"
      ],
      "Q": 1000001,
      "A": 100000001,
      "U": 1000001,
      "M": 1000001,
      "Country": null,
      "FD": 1600383600,
      "LD": 1623567600,
      "FI": 1600383600,
      "LI": 1630047600,
      "S": 0,
      "META": null
    },
    {
      "D": "13804001791.com",
      "LOS": [
        "13804001791.com"
      ],
      "Q": 1000001,
      "A": 100000001,
      "U": 1000001,
      "M": 1000001,
      "Country": null,
      "FD": 1546038000,
      "LD": 1623567600,
      "FI": 1527807600,
      "LI": 1628233200,
      "S": 0,
      "META": null
    },
    {
      "D": "13801281091.com",
      "LOS": [
        "13801281091.com"
      ],
      "Q": 1000001,
      "A": 100000001,
      "U": 1000001,
      "M": 1000001,
      "Country": null,
      "FD": 1600383600,
      "LD": 1628233200,
      "FI": 1600383600,
      "LI": 1628233200,
      "S": 0,
      "META": null
    },
    {
      "D": "13931603601.com",
      "LOS": [
        "13931603601.com"
      ],
      "Q": 1000001,
      "A": 100000001,
      "U": 1000001,
      "M": 1000001,
      "Country": null,
      "FD": 1499295600,
      "LD": 1628233200,
      "FI": 1467241200,
      "LI": 1628233200,
      "S": 0,
      "META": null
    },
    {
      "D": "13939520520.com",
      "LOS": [
        "13939520520.com"
      ],
      "Q": 1000001,
      "A": 100000001,
      "U": 1000001,
      "M": 1000001,
      "Country": null,
      "FD": 1568502000,
      "LD": 1628233200,
      "FI": 1566774000,
      "LI": 1628233200,
      "S": 0,
      "META": null
    },
    {
      "D": "13998296522.com",
      "LOS": [
        "13998296522.com"
      ],
      "Q": 1000001,
      "A": 100000001,
      "U": 1000001,
      "M": 1000001,
      "Country": null,
      "FD": 1546038000,
      "LD": 1628233200,
      "FI": 1458514800,
      "LI": 1628233200,
      "S": 0,
      "META": null
    },
    {
      "D": "13998395239.com",
      "LOS": [
        "13998395239.com"
      ],
      "Q": 1000001,
      "A": 81805304,
      "U": 1000001,
      "M": 1000001,
      "Country": null,
      "FD": 1510095600,
      "LD": 1628233200,
      "FI": 1458514800,
      "LI": 1628233200,
      "S": 0,
      "META": null
    },
    {
      "D": "13940109940.com",
      "LOS": [
        "13940109940.com"
      ],
      "Q": 1000001,
      "A": 100000001,
      "U": 1000001,
      "M": 1000001,
      "Country": null,
      "FD": 1488582000,
      "LD": 1628233200,
      "FI": 1479855600,
      "LI": 1628233200,
      "S": 0,
      "META": null
    },
    {
      "D": "139648.com",
      "LOS": [
        "139648.com"
      ],
      "Q": 1000001,
      "A": 100000001,
      "U": 1000001,
      "M": 1000001,
      "Country": null,
      "FD": 1587250800,
      "LD": 1627714800,
      "FI": 1527375600,
      "LI": 1628233200,
      "S": 0,
      "META": null
    },
    {
      "D": "13904023949.com",
      "LOS": [
        "13904023949.com"
      ],
      "Q": 1000001,
      "A": 81805196,
      "U": 1000001,
      "M": 1000001,
      "Country": null,
      "FD": 1512342000,
      "LD": 1628233200,
      "FI": 1482620400,
      "LI": 1628233200,
      "S": 0,
      "META": null
    },
    {
      "D": "13930027750.com",
      "LOS": [
        "13930027750.com"
      ],
      "Q": 1000001,
      "A": 100000001,
      "U": 1000001,
      "M": 1000001,
      "Country": null,
      "FD": 1568502000,
      "LD": 1623567600,
      "FI": 1566774000,
      "LI": 1628233200,
      "S": 0,
      "META": null
    },
    {
      "D": "13931917357.com",
      "LOS": [
        "13931917357.com"
      ],
      "Q": 1000001,
      "A": 100000001,
      "U": 1000001,
      "M": 1000001,
      "Country": null,
      "FD": 1600383600,
      "LD": 1628233200,
      "FI": 1600383600,
      "LI": 1628233200,
      "S": 0,
      "META": null
    },
    {
      "D": "13904431161.com",
      "LOS": [
        "13904431161.com"
      ],
      "Q": 1000001,
      "A": 100000001,
      "U": 1000001,
      "M": 1000001,
      "Country": null,
      "FD": 1579734000,
      "LD": 1627714800,
      "FI": 1458514800,
      "LI": 1628233200,
      "S": 0,
      "META": null
    },
    {
      "D": "13904904462.com",
      "LOS": [
        "13904904462.com"
      ],
      "Q": 1000001,
      "A": 100000001,
      "U": 1000001,
      "M": 1000001,
      "Country": null,
      "FD": 1488582000,
      "LD": 1628233200,
      "FI": 1461452400,
      "LI": 1628233200,
      "S": 0,
      "META": null
    },
    {
      "D": "13918224863.com",
      "LOS": [
        "13918224863.com"
      ],
      "Q": 1000001,
      "A": 18123283,
      "U": 1000001,
      "M": 1000001,
      "Country": null,
      "FD": 1555023600,
      "LD": 1628233200,
      "FI": 1547334000,
      "LI": 1628233200,
      "S": 0,
      "META": null
    },
    {
      "D": "13903115169.com",
      "LOS": [
        "13903115169.com"
      ],
      "Q": 1000001,
      "A": 100000001,
      "U": 1000001,
      "M": 1000001,
      "Country": null,
      "FD": 1600383600,
      "LD": 1628233200,
      "FI": 1587366000,
      "LI": 1628233200,
      "S": 0,
      "META": null
    },
    {
      "D": "13940004278.com",
      "LOS": [
        "13940004278.com"
      ],
      "Q": 1000001,
      "A": 100000001,
      "U": 1000001,
      "M": 1000001,
      "Country": null,
      "FD": 1559516400,
      "LD": 1628233200,
      "FI": 1527807600,
      "LI": 1628233200,
      "S": 0,
      "META": null
    },
    {
      "D": "13904904186.com",
      "LOS": [
        "13904904186.com"
      ],
      "Q": 1000001,
      "A": 100000001,
      "U": 1000001,
      "M": 1000001,
      "Country": null,
      "FD": 1539558000,
      "LD": 1628233200,
      "FI": 1518476400,
      "LI": 1628233200,
      "S": 0,
      "META": null
    },
    {
      "D": "1391086.com",
      "LOS": [
        "1391086.com"
      ],
      "Q": 1000001,
      "A": 81805211,
      "U": 1000001,
      "M": 1000001,
      "Country": null,
      "FD": 1488582000,
      "LD": 1628233200,
      "FI": 1488322800,
      "LI": 1628233200,
      "S": 0,
      "META": null
    },
    {
      "D": "13v.net",
      "LOS": [
        "13v.net"
      ],
      "Q": 1000001,
      "A": 100000001,
      "U": 1000001,
      "M": 1000001,
      "Country": null,
      "FD": 1596178800,
      "LD": 1628233200,
      "FI": 1547334000,
      "LI": 1633244400,
      "S": 0,
      "META": null
    },
    {
      "D": "13xyx.com",
      "LOS": [
        "13xyx.com"
      ],
      "Q": 1000001,
      "A": 100000001,
      "U": 1000001,
      "M": 1000001,
      "Country": null,
      "FD": 1502233200,
      "LD": 1628233200,
      "FI": 1458514800,
      "LI": 1633244400,
      "S": 0,
      "META": null
    },
    {
      "D": "141444444.com",
      "LOS": [
        "141444444.com"
      ],
      "Q": 1000001,
      "A": 100000001,
      "U": 1000001,
      "M": 1000001,
      "Country": null,
      "FD": 1488582000,
      "LD": 1628233200,
      "FI": 1467241200,
      "LI": 1628233200,
      "S": 0,
      "META": null
    },
    {
      "D": "15072514444.com",
      "LOS": [
        "15072514444.com"
      ],
      "Q": 1000001,
      "A": 100000001,
      "U": 1000001,
      "M": 1000001,
      "Country": null,
      "FD": 1488582000,
      "LD": 1628233200,
      "FI": 1474930800,
      "LI": 1628233200,
      "S": 0,
      "META": null
    },
    {
      "D": "15030779658.com",
      "LOS": [
        "15030779658.com"
      ],
      "Q": 1000001,
      "A": 100000001,
      "U": 1000001,
      "M": 1000001,
      "Country": null,
      "FD": 1539558000,
      "LD": 1628233200,
      "FI": 1527807600,
      "LI": 1628233200,
      "S": 0,
      "META": null
    }
  ]
}