{
  "Identifers": [
    {
      "Value": "IP-35.208.0.58",
      "Matches": [
        {
          "Domain": "underthetreearts.com",
          "First": 1579080388765,
          "Last": 1634768437311
        },
        {
          "Domain": "upinngil.com",
          "First": 1579095877209,
          "Last": 1634778312547
        },
        {
          "Domain": "whatsuphendersonvillenc.com",
          "First": 1579337867051,
          "Last": 1586349128342
        },
        {
          "Domain": "wessweb.info",
          "First": 1579327150865,
          "Last": 1595015690332
        },
        {
          "Domain": "whatsupspartanburg.com",
          "First": 1579338391272,
          "Last": 1586345979187
        },
        {
          "Domain": "whatsupeastalabama.com",
          "First": 1579337450444,
          "Last": 1590012953844
        },
        {
          "Domain": "whatsupgreenvillesc.com",
          "First": 1579337922948,
          "Last": 1586345902670
        },
        {
          "Domain": "wmtechnicalservices.com",
          "First": 1579375977098,
          "Last": 1634971675771
        },
        {
          "Domain": "zoelife.xyz",
          "First": 1579649564348,
          "Last": 1583563425489
        },
        {
          "Domain": "millerpaint.com",
          "First": 1579724994182,
          "Last": 1605130251250
        },
        {
          "Domain": "moebandy.com",
          "First": 1579744786051,
          "Last": 1632929449272
        },
        {
          "Domain": "18wheelfunding.xyz",
          "First": 1579810854486,
          "Last": 1590122981857
        },
        {
          "Domain": "5starwi-fi.com",
          "First": 1579939476581,
          "Last": 1590153112545
        },
        {
          "Domain": "7figuresconsulting.com",
          "First": 1579972646978,
          "Last": 1628408451874
        },
        {
          "Domain": "abs-us.com",
          "First": 1580049462449,
          "Last": 1628444139391
        },
        {
          "Domain": "abs-ind.com",
          "First": 1580048209746,
          "Last": 1628444086588
        },
        {
          "Domain": "abs-crm.com",
          "First": 1580048988069,
          "Last": 1587413437492
        },
        {
          "Domain": "aluminumenemy.com",
          "First": 1580208594835,
          "Last": 1608655839998
        },
        {
          "Domain": "alysonarnold.com",
          "First": 1580212095568,
          "Last": 1628581332853
        },
        {
          "Domain": "aroostookshoppingnews.com",
          "First": 1580323505611,
          "Last": 1608738450071
        },
        {
          "Domain": "bicyclesofshelbync.com",
          "First": 1580550342081,
          "Last": 1588725257917
        },
        {
          "Domain": "bolings.com",
          "First": 1580623785516,
          "Last": 1635126154171
        },
        {
          "Domain": "chuhaniuk.ca",
          "First": 1580849617029,
          "Last": 1629550650386
        },
        {
          "Domain": "cjjudo.com",
          "First": 1580868286651,
          "Last": 1611302400000
        },
        {
          "Domain": "covalent-health.com",
          "First": 1580949923411,
          "Last": 1629903875703
        },
        {
          "Domain": "mkds-training.com",
          "First": 1580946770906,
          "Last": 1632919220990
        },
        {
          "Domain": "dalberghetti.com",
          "First": 1581045968248,
          "Last": 1630013957202
        },
        {
          "Domain": "driscoll66.com",
          "First": 1581240341079,
          "Last": 1610697600000
        },
        {
          "Domain": "hygeiahealthmarket.com",
          "First": 1581867968598,
          "Last": 1631640904154
        },
        {
          "Domain": "inveraryresort.com",
          "First": 1581934041965,
          "Last": 1584938176099
        },
        {
          "Domain": "modmg.com",
          "First": 1582367954980,
          "Last": 1592277047966
        },
        {
          "Domain": "muscowpetungtrust.com",
          "First": 1582411335692,
          "Last": 1611820800000
        },
        {
          "Domain": "novascotiameetings.com",
          "First": 1582509103747,
          "Last": 1589521810876
        },
        {
          "Domain": "orders.net.in",
          "First": 1582587335855,
          "Last": 1633242176955
        },
        {
          "Domain": "pawtuxetmarket.com",
          "First": 1582634819829,
          "Last": 1633288134811
        },
        {
          "Domain": "powertown.org",
          "First": 1582707904039,
          "Last": 1611896636694
        },
        {
          "Domain": "protransport-1.com",
          "First": 1582721468331,
          "Last": 1633449709348
        },
        {
          "Domain": "rachaelmccaskill.com",
          "First": 1582769175941,
          "Last": 1633526280810
        },
        {
          "Domain": "runningnw.com",
          "First": 1582872811221,
          "Last": 1633789707053
        },
        {
          "Domain": "sanctuaryherbs.com",
          "First": 1582898376274,
          "Last": 1633832252817
        },
        {
          "Domain": "saskatoon50plushockey.com",
          "First": 1582903792489,
          "Last": 1633846023345
        },
        {
          "Domain": "saskatoonmastershockey.com",
          "First": 1582903792489,
          "Last": 1633846023345
        },
        {
          "Domain": "saskatoonsmash.com",
          "First": 1582904159910,
          "Last": 1603020133644
        },
        {
          "Domain": "saspa.ca",
          "First": 1582904333768,
          "Last": 1633846617875
        },
        {
          "Domain": "trader43.com",
          "First": 1583212446336,
          "Last": 1593505568728
        },
        {
          "Domain": "atsambulance.com",
          "First": 1583939139834,
          "Last": 1595146943054
        },
        {
          "Domain": "greenfield4sc.org",
          "First": 1584709358833,
          "Last": 1584709358833
        },
        {
          "Domain": "prnambulance.com",
          "First": 1585750993421,
          "Last": 1633423969679
        },
        {
          "Domain": "amgdevsites.com",
          "First": 1588537267958,
          "Last": 1628597621911
        },
        {
          "Domain": "bicyclesofshelby.com",
          "First": 1588723773491,
          "Last": 1590500251888
        },
        {
          "Domain": "blueskysfarm.com",
          "First": 1588742939294,
          "Last": 1629066103950
        },
        {
          "Domain": "brosfly.info",
          "First": 1588759874942,
          "Last": 1629129538068
        },
        {
          "Domain": "cantontxedc.com",
          "First": 1588781539710,
          "Last": 1629210475810
        },
        {
          "Domain": "capebretonresorts.com",
          "First": 1588784517147,
          "Last": 1588784517147
        },
        {
          "Domain": "capebretonlifestyles.com",
          "First": 1588785551553,
          "Last": 1588785551553
        },
        {
          "Domain": "capebretoncountryclub.ca",
          "First": 1588786847632,
          "Last": 1588786847632
        },
        {
          "Domain": "capebretoncountryclub.com",
          "First": 1588786847632,
          "Last": 1588786847632
        },
        {
          "Domain": "carolinacbdhempire.net",
          "First": 1588790074146,
          "Last": 1588790074146
        },
        {
          "Domain": "centuryambulance.com",
          "First": 1588807105398,
          "Last": 1629403761493
        },
        {
          "Domain": "college-ticket.com",
          "First": 1588841821162,
          "Last": 1629804834504
        },
        {
          "Domain": "contemporaryceremonies.com",
          "First": 1588850620289,
          "Last": 1629852711407
        },
        {
          "Domain": "countering-ied.com",
          "First": 1588860322483,
          "Last": 1629901110277
        },
        {
          "Domain": "counterthreatsolution.com",
          "First": 1588860432874,
          "Last": 1629901456416
        },
        {
          "Domain": "counterthreatsolutions.com",
          "First": 1588862471614,
          "Last": 1629902676237
        },
        {
          "Domain": "desmondarnold.com",
          "First": 1588908134304,
          "Last": 1630167080701
        },
        {
          "Domain": "doghollow.com",
          "First": 1588931109554,
          "Last": 1630327633616
        },
        {
          "Domain": "doghollowpress.com",
          "First": 1588931615460,
          "Last": 1630328399760
        },
        {
          "Domain": "dreepatersonmusic.com",
          "First": 1588939202019,
          "Last": 1606438356907
        },
        {
          "Domain": "familytreeschoolage.com",
          "First": 1589013786097,
          "Last": 1630700072710
        },
        {
          "Domain": "fremontrossitercenter.com",
          "First": 1589056805789,
          "Last": 1630941743472
        },
        {
          "Domain": "friendsofthepawtuxet.org",
          "First": 1589059720879,
          "Last": 1630950467423
        },
        {
          "Domain": "funetworking.com",
          "First": 1589064276515,
          "Last": 1630967677378
        },
        {
          "Domain": "gmpartnership.org",
          "First": 1589095987556,
          "Last": 1631133211896
        },
        {
          "Domain": "grannymurray.com",
          "First": 1589106188126,
          "Last": 1631204224524
        },
        {
          "Domain": "greenleafheart.com",
          "First": 1589113332593,
          "Last": 1631256177091
        },
        {
          "Domain": "heavenindiana.com",
          "First": 1589141803811,
          "Last": 1631462382339
        },
        {
          "Domain": "heart-italia.it",
          "First": 1589141721660,
          "Last": 1631461608310
        },
        {
          "Domain": "historiccolourcollection.com",
          "First": 1589154507725,
          "Last": 1631553286697
        },
        {
          "Domain": "ilovecapebreton.com",
          "First": 1589191891036,
          "Last": 1589191891036
        },
        {
          "Domain": "inverarybaddeck.com",
          "First": 1589211239794,
          "Last": 1589211239794
        },
        {
          "Domain": "jahneen.com",
          "First": 1589231077698,
          "Last": 1631898784300
        },
        {
          "Domain": "jahneen.net",
          "First": 1589231879952,
          "Last": 1631898784300
        },
        {
          "Domain": "jeannineotis.com",
          "First": 1589238023232,
          "Last": 1631928214522
        },
        {
          "Domain": "joshmostel.com",
          "First": 1589255494355,
          "Last": 1601553518735
        },
        {
          "Domain": "katieandconorgodutch.com",
          "First": 1589277106829,
          "Last": 1607020664366
        },
        {
          "Domain": "larrymarshall.net",
          "First": 1589320018606,
          "Last": 1632287308495
        },
        {
          "Domain": "leedproduct.com",
          "First": 1589329606339,
          "Last": 1632316332137
        },
        {
          "Domain": "lgcyhomes.com",
          "First": 1589340494183,
          "Last": 1592018139228
        },
        {
          "Domain": "librosadomicilioguatemala.com",
          "First": 1589340764668,
          "Last": 1632345634726
        },
        {
          "Domain": "littlebearlakeresort.com",
          "First": 1589352946505,
          "Last": 1632403077150
        },
        {
          "Domain": "mandmvending.ca",
          "First": 1589391238731,
          "Last": 1632718616644
        },
        {
          "Domain": "martimalloy.com",
          "First": 1589396810309,
          "Last": 1589396810309
        },
        {
          "Domain": "mkdefenceandsecurity.com",
          "First": 1589442147121,
          "Last": 1632919217931
        },
        {
          "Domain": "mkdtraining.com",
          "First": 1589442326857,
          "Last": 1632919220990
        },
        {
          "Domain": "moosehornlodge.ca",
          "First": 1589457026493,
          "Last": 1632940295233
        },
        {
          "Domain": "mymillerpaint.com",
          "First": 1589476965621,
          "Last": 1607363584357
        },
        {
          "Domain": "mymusicianshelper.com",
          "First": 1589477275825,
          "Last": 1633030592096
        },
        {
          "Domain": "paintkahuna.co",
          "First": 1589560006277,
          "Last": 1592556530738
        },
        {
          "Domain": "petxpro.com",
          "First": 1589585576041,
          "Last": 1626132381120
        },
        {
          "Domain": "pawtuxetvillagefarmersmarket.com",
          "First": 1589574463609,
          "Last": 1633288134811
        },
        {
          "Domain": "outsphera.it",
          "First": 1589555641074,
          "Last": 1633255843373
        },
        {
          "Domain": "outsphera.net",
          "First": 1589555641074,
          "Last": 1633256736725
        },
        {
          "Domain": "outsphera.com",
          "First": 1589555641074,
          "Last": 1633257211838
        },
        {
          "Domain": "prioritymarketing.digital",
          "First": 1589626751663,
          "Last": 1633422523120
        },
        {
          "Domain": "querymedia.com",
          "First": 1589645291197,
          "Last": 1633515985907
        },
        {
          "Domain": "rainydayjewelry.com",
          "First": 1589652370453,
          "Last": 1633535340114
        },
        {
          "Domain": "rendezvoustfma.com",
          "First": 1589670841176,
          "Last": 1633638663165
        },
        {
          "Domain": "rockdr.info",
          "First": 1589687663056,
          "Last": 1626375024451
        },
        {
          "Domain": "rossitersoutheast.com",
          "First": 1589694676954,
          "Last": 1633767447858
        },
        {
          "Domain": "sainiventures.com",
          "First": 1589707730973,
          "Last": 1626432696180
        },
        {
          "Domain": "salvaunbambino.it",
          "First": 1589708217468,
          "Last": 1633819856174
        },
        {
          "Domain": "saskpartyonthepond.com",
          "First": 1589720821123,
          "Last": 1633845915162
        },
        {
          "Domain": "smallcircle.org",
          "First": 1589771082064,
          "Last": 1634078919683
        },
        {
          "Domain": "thepianobugcyberinstituteofmusic.com",
          "First": 1589877568442,
          "Last": 1634519564124
        },
        {
          "Domain": "trophycustomhomes.com",
          "First": 1589926168554,
          "Last": 1593525667915
        },
        {
          "Domain": "thepianobug.com",
          "First": 1589890018001,
          "Last": 1634563140264
        },
        {
          "Domain": "thejonesboys.info",
          "First": 1589892413458,
          "Last": 1627667098546
        },
        {
          "Domain": "therossiterstretching.com",
          "First": 1589880466663,
          "Last": 1634533714969
        },
        {
          "Domain": "timetravelnexus.com",
          "First": 1589898298179,
          "Last": 1634593050874
        },
        {
          "Domain": "thetele.coach",
          "First": 1589877304041,
          "Last": 1627649917162
        },
        {
          "Domain": "theycallmeoystergirl.com",
          "First": 1589887059574,
          "Last": 1634548431959
        },
        {
          "Domain": "trachpowerskating.com",
          "First": 1589918801246,
          "Last": 1634684802070
        },
        {
          "Domain": "thevoo.net",
          "First": 1589882902398,
          "Last": 1634543449367
        },
        {
          "Domain": "therossitersystem.com",
          "First": 1589871430724,
          "Last": 1634509407473
        },
        {
          "Domain": "underthetreemusiccompany.com",
          "First": 1589942244173,
          "Last": 1634768238190
        },
        {
          "Domain": "vanessaquery.com",
          "First": 1589961339842,
          "Last": 1634800271377
        },
        {
          "Domain": "underthetreeart.com",
          "First": 1589944964409,
          "Last": 1634767902409
        },
        {
          "Domain": "whatsupmarietta.com",
          "First": 1590008399766,
          "Last": 1593773621461
        },
        {
          "Domain": "whatsupvaldosta.com",
          "First": 1590008399766,
          "Last": 1593773621461
        },
        {
          "Domain": "whatsupcharlotte.com",
          "First": 1590010839277,
          "Last": 1593774881435
        },
        {
          "Domain": "whatsupmacon.com",
          "First": 1590010638343,
          "Last": 1590010638343
        },
        {
          "Domain": "whatsuplagrange.com",
          "First": 1590008246086,
          "Last": 1590008246086
        },
        {
          "Domain": "westbaylandtrust.org",
          "First": 1590010515486,
          "Last": 1634946095600
        },
        {
          "Domain": "whatsupcharleston.com",
          "First": 1590008162915,
          "Last": 1593771731931
        },
        {
          "Domain": "whatsuphendersonville.com",
          "First": 1590011274283,
          "Last": 1593773689278
        },
        {
          "Domain": "whatsuppeachtreecity.com",
          "First": 1590010965209,
          "Last": 1593774904478
        },
        {
          "Domain": "whatsupdothan.com",
          "First": 1590011830015,
          "Last": 1590011830015
        },
        {
          "Domain": "danscourses.com",
          "First": 1590880950452,
          "Last": 1635140405294
        },
        {
          "Domain": "historiccolorcollection.com",
          "First": 1591550144734,
          "Last": 1631553286697
        },
        {
          "Domain": "leedproducts.com",
          "First": 1591996503740,
          "Last": 1632317405472
        },
        {
          "Domain": "lemonadestandrecords.com",
          "First": 1592002636982,
          "Last": 1632324842126
        },
        {
          "Domain": "twotabers.com",
          "First": 1593550282730,
          "Last": 1634735040753
        },
        {
          "Domain": "7figuresbookkeeping.com",
          "First": 1596227953211,
          "Last": 1628408451874
        },
        {
          "Domain": "bobbingham.us",
          "First": 1596688920318,
          "Last": 1629069586414
        },
        {
          "Domain": "foster.prioritymarketing.digital",
          "First": 1598678551396,
          "Last": 1633421889159
        },
        {
          "Domain": "target.prioritymarketing.digital",
          "First": 1598678551396,
          "Last": 1633422523120
        },
        {
          "Domain": "dent.prioritymarketing.digital",
          "First": 1598678551396,
          "Last": 1633422523120
        },
        {
          "Domain": "donate.prioritymarketing.digital",
          "First": 1598678551396,
          "Last": 1633422523120
        },
        {
          "Domain": "beta.prioritymarketing.digital",
          "First": 1598678551396,
          "Last": 1633422523120
        },
        {
          "Domain": "vcc.prioritymarketing.digital",
          "First": 1598678551396,
          "Last": 1633422523120
        },
        {
          "Domain": "avowprv.prioritymarketing.digital",
          "First": 1598678551396,
          "Last": 1633422523120
        },
        {
          "Domain": "tools.prioritymarketing.digital",
          "First": 1598678551396,
          "Last": 1633422523120
        },
        {
          "Domain": "coc.prioritymarketing.digital",
          "First": 1598678551396,
          "Last": 1633422523120
        },
        {
          "Domain": "roof.prioritymarketing.digital",
          "First": 1598678551396,
          "Last": 1633422523120
        },
        {
          "Domain": "chiro.prioritymarketing.digital",
          "First": 1598678551396,
          "Last": 1633422523120
        },
        {
          "Domain": "lmhsf.prioritymarketing.digital",
          "First": 1598678551396,
          "Last": 1633422523120
        },
        {
          "Domain": "chbb.prioritymarketing.digital",
          "First": 1598678551396,
          "Last": 1633422523120
        },
        {
          "Domain": "cpb.prioritymarketing.digital",
          "First": 1598678551396,
          "Last": 1633422523120
        },
        {
          "Domain": "imag.prioritymarketing.digital",
          "First": 1598678551396,
          "Last": 1633422523120
        },
        {
          "Domain": "feat.prioritymarketing.digital",
          "First": 1598678551396,
          "Last": 1633422523120
        },
        {
          "Domain": "calusa.prioritymarketing.digital",
          "First": 1598678551396,
          "Last": 1633422523120
        },
        {
          "Domain": "flp.prioritymarketing.digital",
          "First": 1598678551396,
          "Last": 1633422523120
        },
        {
          "Domain": "strategicbodyworksolutions.com",
          "First": 1599037757670,
          "Last": 1634326085838
        },
        {
          "Domain": "thefarmfest.com",
          "First": 1599192249895,
          "Last": 1634555653418
        },
        {
          "Domain": "aro.prioritymarketing.digital",
          "First": 1602685215432,
          "Last": 1633422523120
        },
        {
          "Domain": "hopehospice.prioritymarketing.digital",
          "First": 1602685215432,
          "Last": 1633422523120
        },
        {
          "Domain": "repo.prioritymarketing.digital",
          "First": 1602685215432,
          "Last": 1633422523120
        },
        {
          "Domain": "hopehcs.prioritymarketing.digital",
          "First": 1602685215432,
          "Last": 1633422523120
        },
        {
          "Domain": "agritourismreview.com",
          "First": 1604284470417,
          "Last": 1628504921261
        },
        {
          "Domain": "womensministrytoolbox.com",
          "First": 1605144142201,
          "Last": 1635197228721
        },
        {
          "Domain": "cbdety.com",
          "First": 1606073984071,
          "Last": 1606073984071
        },
        {
          "Domain": "b2g.prioritymarketing.digital",
          "First": 1607568800978,
          "Last": 1633422523120
        },
        {
          "Domain": "usados.librosadomicilioguatemala.com",
          "First": 1611440993413,
          "Last": 1632345634726
        },
        {
          "Domain": "staging6.mkds-training.com",
          "First": 1611606831519,
          "Last": 1611606831519
        },
        {
          "Domain": "staging7.mkds-training.com",
          "First": 1611606831519,
          "Last": 1632919220990
        },
        {
          "Domain": "shop.moebandy.com",
          "First": 1611615796149,
          "Last": 1632929449272
        },
        {
          "Domain": "communitysettlements.mpi360.com",
          "First": 1611634944943,
          "Last": 1632961072648
        },
        {
          "Domain": "elearning.outsphera.it",
          "First": 1611815002135,
          "Last": 1633255843373
        },
        {
          "Domain": "p1ambulance.com",
          "First": 1611817075213,
          "Last": 1633261663780
        },
        {
          "Domain": "thedogstop.petxpro.com",
          "First": 1611855792883,
          "Last": 1626132381120
        },
        {
          "Domain": "tdspacks.petxpro.com",
          "First": 1611855792883,
          "Last": 1611855792883
        },
        {
          "Domain": "prm.prioritymarketing.digital",
          "First": 1611907703058,
          "Last": 1633422523120
        },
        {
          "Domain": "test.runningnw.com",
          "First": 1612018083230,
          "Last": 1633789707053
        },
        {
          "Domain": "staging1.league.saskatoonmastershockey.com",
          "First": 1612043051151,
          "Last": 1633846023345
        },
        {
          "Domain": "league.saskatoonmastershockey.com",
          "First": 1612043051151,
          "Last": 1633846023345
        },
        {
          "Domain": "60plus.saskatoon50plushockey.com",
          "First": 1612043051151,
          "Last": 1633846023345
        },
        {
          "Domain": "aveda.therossitersystem.com",
          "First": 1612295287165,
          "Last": 1634509407473
        },
        {
          "Domain": "member.therossitersystem.com",
          "First": 1612295287165,
          "Last": 1634509407473
        },
        {
          "Domain": "connect.thetele.coach",
          "First": 1612301244603,
          "Last": 1627649917162
        },
        {
          "Domain": "techniques.therossiterstretching.com",
          "First": 1612316213333,
          "Last": 1634533714969
        },
        {
          "Domain": "v1.therossiterstretching.com",
          "First": 1612316213333,
          "Last": 1612316213333
        },
        {
          "Domain": "applinks.therossiterstretching.com",
          "First": 1612316213333,
          "Last": 1634533714969
        },
        {
          "Domain": "exesuite.thepianobug.com",
          "First": 1612337294079,
          "Last": 1612337294079
        },
        {
          "Domain": "tl.wmtechnicalservices.com",
          "First": 1612632374462,
          "Last": 1627905685843
        },
        {
          "Domain": "staging3.tl.wmtechnicalservices.com",
          "First": 1612632374462,
          "Last": 1627905685843
        },
        {
          "Domain": "ilearn.abs-ind.com",
          "First": 1613243388091,
          "Last": 1628444086588
        },
        {
          "Domain": "canton.amgdevsites.com",
          "First": 1613414833939,
          "Last": 1628597621911
        },
        {
          "Domain": "prn.amgdevsites.com",
          "First": 1613414833939,
          "Last": 1628597621911
        },
        {
          "Domain": "protransport-1.amgdevsites.com",
          "First": 1613414833939,
          "Last": 1628597621911
        },
        {
          "Domain": "thefarmfest.amgdevsites.com",
          "First": 1613414833939,
          "Last": 1628597621911
        },
        {
          "Domain": "ats.amgdevsites.com",
          "First": 1613414833939,
          "Last": 1628597621911
        },
        {
          "Domain": "century.amgdevsites.com",
          "First": 1613414833939,
          "Last": 1628597621911
        },
        {
          "Domain": "hopeshine.prioritymarketing.digital",
          "First": 1616804425515,
          "Last": 1633422523120
        },
        {
          "Domain": "beta.thetele.coach",
          "First": 1614499200000,
          "Last": 1627649917162
        },
        {
          "Domain": "sunshineace.prioritymarketing.digital",
          "First": 1614240000000,
          "Last": 1614240000000
        },
        {
          "Domain": "prueba.librosadomicilioguatemala.com",
          "First": 1621683482008,
          "Last": 1632345634726
        },
        {
          "Domain": "panel.librosadomicilioguatemala.com",
          "First": 1621683482008,
          "Last": 1632345634726
        },
        {
          "Domain": "staging3.mkds-training.com",
          "First": 1621944917846,
          "Last": 1632919220990
        },
        {
          "Domain": "staging55.ptp.prioritymarketing.digital",
          "First": 1622399785148,
          "Last": 1633422523120
        },
        {
          "Domain": "cyp.prioritymarketing.digital",
          "First": 1622399785148,
          "Last": 1633422523120
        },
        {
          "Domain": "hcn.prioritymarketing.digital",
          "First": 1622399785148,
          "Last": 1633422523120
        },
        {
          "Domain": "peaktime.sainiventures.com",
          "First": 1622596787755,
          "Last": 1626432696180
        },
        {
          "Domain": "outspherait.outsphera.com",
          "First": 1626058427761,
          "Last": 1633257211838
        },
        {
          "Domain": "salvaunbambino.outsphera.com",
          "First": 1626058427761,
          "Last": 1633257211838
        },
        {
          "Domain": "e-learning.outsphera.it",
          "First": 1626058427761,
          "Last": 1633256736725
        },
        {
          "Domain": "heart-italia.outsphera.com",
          "First": 1626058427761,
          "Last": 1633257211838
        },
        {
          "Domain": "bricks.prioritymarketing.digital",
          "First": 1626215832596,
          "Last": 1633422523120
        },
        {
          "Domain": "learn.prioritymarketing.digital",
          "First": 1626215832596,
          "Last": 1633422523120
        },
        {
          "Domain": "webconfdemo.thetele.coach",
          "First": 1627649917162,
          "Last": 1627649917162
        },
        {
          "Domain": "doghollow.theycallmeoystergirl.com",
          "First": 1627659876991,
          "Last": 1634548431959
        },
        {
          "Domain": "jeannineotis.theycallmeoystergirl.com",
          "First": 1627659876991,
          "Last": 1634548431959
        },
        {
          "Domain": "larrymarshall.theycallmeoystergirl.com",
          "First": 1627659876991,
          "Last": 1634548431959
        },
        {
          "Domain": "chuhaniuk.wmtechnicalservices.com",
          "First": 1627902131751,
          "Last": 1634971675771
        },
        {
          "Domain": "muscowpetungtrust.wmtechnicalservices.com",
          "First": 1627902131751,
          "Last": 1627905685843
        },
        {
          "Domain": "machamphotos.wmtechnicalservices.com",
          "First": 1627902131751,
          "Last": 1634971675771
        },
        {
          "Domain": "moosehornlodge.wmtechnicalservices.com",
          "First": 1627902131751,
          "Last": 1627905685843
        },
        {
          "Domain": "mandmvending.wmtechnicalservices.com",
          "First": 1627902131751,
          "Last": 1634971675771
        },
        {
          "Domain": "saskatoonsmash.wmtechnicalservices.com",
          "First": 1627902131751,
          "Last": 1627905685843
        },
        {
          "Domain": "saspa.wmtechnicalservices.com",
          "First": 1627902131751,
          "Last": 1634971675771
        },
        {
          "Domain": "saskatoon50plushockey.wmtechnicalservices.com",
          "First": 1627902131751,
          "Last": 1634971675771
        },
        {
          "Domain": "saskatoonberrieshockey.wmtechnicalservices.com",
          "First": 1627902131751,
          "Last": 1627905685843
        },
        {
          "Domain": "be-safe.abs-us.com",
          "First": 1628444131611,
          "Last": 1628444139391
        },
        {
          "Domain": "danscourses.dalberghetti.com",
          "First": 1630013884888,
          "Last": 1630013957202
        },
        {
          "Domain": "mkds-events.mkds-training.com",
          "First": 1632919220990,
          "Last": 1632919220990
        },
        {
          "Domain": "staging.moebandy.com",
          "First": 1632929130472,
          "Last": 1632929449272
        },
        {
          "Domain": "iel.prioritymarketing.digital",
          "First": 1633422523120,
          "Last": 1633422523120
        },
        {
          "Domain": "visage.prioritymarketing.digital",
          "First": 1633422523120,
          "Last": 1633422523120
        },
        {
          "Domain": "vineyard.prioritymarketing.digital",
          "First": 1633422523120,
          "Last": 1633422523120
        },
        {
          "Domain": "hopebox.prioritymarketing.digital",
          "First": 1633422523120,
          "Last": 1633422523120
        },
        {
          "Domain": "sandbox.prioritymarketing.digital",
          "First": 1633422523120,
          "Last": 1633422523120
        },
        {
          "Domain": "eliteroof.prioritymarketing.digital",
          "First": 1633422523120,
          "Last": 1633422523120
        },
        {
          "Domain": "pmbeta.prioritymarketing.digital",
          "First": 1633422523120,
          "Last": 1633422523120
        },
        {
          "Domain": "seoplayroom.prioritymarketing.digital",
          "First": 1633422523120,
          "Last": 1633422523120
        },
        {
          "Domain": "staging66.peg.prioritymarketing.digital",
          "First": 1633422523120,
          "Last": 1633422523120
        },
        {
          "Domain": "rsx.prioritymarketing.digital",
          "First": 1633422523120,
          "Last": 1633422523120
        },
        {
          "Domain": "tnt.prioritymarketing.digital",
          "First": 1633422523120,
          "Last": 1633422523120
        },
        {
          "Domain": "cow.prioritymarketing.digital",
          "First": 1633422523120,
          "Last": 1633422523120
        },
        {
          "Domain": "fjch.prioritymarketing.digital",
          "First": 1633422523120,
          "Last": 1633422523120
        },
        {
          "Domain": "hill.prioritymarketing.digital",
          "First": 1633422523120,
          "Last": 1633422523120
        },
        {
          "Domain": "peg.prioritymarketing.digital",
          "First": 1633422523120,
          "Last": 1633422523120
        },
        {
          "Domain": "arh.prioritymarketing.digital",
          "First": 1633422523120,
          "Last": 1633422523120
        },
        {
          "Domain": "global.prioritymarketing.digital",
          "First": 1633422523120,
          "Last": 1633422523120
        },
        {
          "Domain": "fyz.prioritymarketing.digital",
          "First": 1633422523120,
          "Last": 1633422523120
        },
        {
          "Domain": "querymedia.theycallmeoystergirl.com",
          "First": 1634548431959,
          "Last": 1634548431959
        },
        {
          "Domain": "thevoo.theycallmeoystergirl.com",
          "First": 1634548431959,
          "Last": 1634548431959
        },
        {
          "Domain": "universalhoney.wmtechnicalservices.com",
          "First": 1634971675771,
          "Last": 1634971675771
        }
      ]
    }
  ],
  "Errors": null
}