{
  "Relationships": [
    {
      "Domain": "southwestairlines.com",
      "Identifiers": [
        {
          "Type": "ip",
          "Value": "208.94.152.100",
          "First": 1345212000000,
          "Last": 1347544800000,
          "Matches": []
        },
        {
          "Type": "ip",
          "Value": "64.124.14.63",
          "First": 1348149600000,
          "Last": 1387458000000,
          "Matches": []
        },
        {
          "Type": "ip",
          "Value": "23.61.194.211",
          "First": 1502751600000,
          "Last": 1502751600000,
          "Matches": []
        },
        {
          "Type": "ip",
          "Value": "23.61.194.243",
          "First": 1502751600000,
          "Last": 1502751600000,
          "Matches": []
        },
        {
          "Type": "ip",
          "Value": "96.16.98.71",
          "First": 1503356400000,
          "Last": 1503356400000,
          "Matches": []
        },
        {
          "Type": "ip",
          "Value": "118.214.160.249",
          "First": 1503356400000,
          "Last": 1503356400000,
          "Matches": []
        },
        {
          "Type": "ip",
          "Value": "23.7.245.11",
          "First": 1504566000000,
          "Last": 1508799600000,
          "Matches": []
        },
        {
          "Type": "ip",
          "Value": "23.7.245.18",
          "First": 1504566000000,
          "Last": 1508799600000,
          "Matches": []
        },
        {
          "Type": "ip",
          "Value": "23.59.190.32",
          "First": 1506985200000,
          "Last": 1519081200000,
          "Matches": []
        },
        {
          "Type": "ip",
          "Value": "23.59.190.19",
          "First": 1506985200000,
          "Last": 1519081200000,
          "Matches": []
        },
        {
          "Type": "ip",
          "Value": "66.61.160.235",
          "First": 1507590000000,
          "Last": 1507590000000,
          "Matches": []
        },
        {
          "Type": "ip",
          "Value": "66.61.175.106",
          "First": 1507590000000,
          "Last": 1507590000000,
          "Matches": []
        },
        {
          "Type": "ip",
          "Value": "96.17.151.175",
          "First": 1507590000000,
          "Last": 1507590000000,
          "Matches": []
        },
        {
          "Type": "ip",
          "Value": "96.17.151.10",
          "First": 1507590000000,
          "Last": 1507590000000,
          "Matches": []
        },
        {
          "Type": "ip",
          "Value": "redirects.southwest.com.edgesuite.net.",
          "First": 1507590000000,
          "Last": 1519945200000,
          "Matches": []
        },
        {
          "Type": "ip",
          "Value": "a1260.b.akamai.net.",
          "First": 1507590000000,
          "Last": 1519945200000,
          "Matches": []
        },
        {
          "Type": "ip",
          "Value": "92.123.72.182",
          "First": 1508281200000,
          "Last": 1519686000000,
          "Matches": []
        },
        {
          "Type": "ip",
          "Value": "92.123.72.137",
          "First": 1508281200000,
          "Last": 1519686000000,
          "Matches": []
        },
        {
          "Type": "ip",
          "Value": "23.200.86.175",
          "First": 1508281200000,
          "Last": 1510009200000,
          "Matches": []
        },
        {
          "Type": "ip",
          "Value": "23.200.86.183",
          "First": 1508281200000,
          "Last": 1510009200000,
          "Matches": []
        },
        {
          "Type": "ip",
          "Value": "184.25.56.133",
          "First": 1508799600000,
          "Last": 1508799600000,
          "Matches": []
        },
        {
          "Type": "ip",
          "Value": "184.25.56.148",
          "First": 1508799600000,
          "Last": 1508799600000,
          "Matches": []
        },
        {
          "Type": "ip",
          "Value": "104.86.110.42",
          "First": 1509490800000,
          "Last": 1509490800000,
          "Matches": []
        },
        {
          "Type": "ip",
          "Value": "104.86.110.16",
          "First": 1509490800000,
          "Last": 1509490800000,
          "Matches": []
        },
        {
          "Type": "ip",
          "Value": "88.221.134.226",
          "First": 1510009200000,
          "Last": 1516662000000,
          "Matches": []
        },
        {
          "Type": "ip",
          "Value": "88.221.134.225",
          "First": 1510009200000,
          "Last": 1516662000000,
          "Matches": []
        },
        {
          "Type": "ip",
          "Value": "80.239.216.34",
          "First": 1510614000000,
          "Last": 1510614000000,
          "Matches": []
        },
        {
          "Type": "ip",
          "Value": "2.22.146.42",
          "First": 1510614000000,
          "Last": 1510614000000,
          "Matches": []
        },
        {
          "Type": "ip",
          "Value": "2.22.146.91",
          "First": 1510614000000,
          "Last": 1510614000000,
          "Matches": []
        },
        {
          "Type": "ip",
          "Value": "80.239.216.33",
          "First": 1510614000000,
          "Last": 1510614000000,
          "Matches": []
        },
        {
          "Type": "ip",
          "Value": "104.85.166.60",
          "First": 1511218800000,
          "Last": 1511218800000,
          "Matches": []
        },
        {
          "Type": "ip",
          "Value": "104.85.166.50",
          "First": 1511218800000,
          "Last": 1511218800000,
          "Matches": []
        },
        {
          "Type": "ip",
          "Value": "23.10.251.33",
          "First": 1511823600000,
          "Last": 1511823600000,
          "Matches": []
        },
        {
          "Type": "ip",
          "Value": "23.10.251.19",
          "First": 1511823600000,
          "Last": 1511823600000,
          "Matches": []
        },
        {
          "Type": "ip",
          "Value": "95.100.156.106",
          "First": 1511823600000,
          "Last": 1519686000000,
          "Matches": []
        },
        {
          "Type": "ip",
          "Value": "95.100.156.155",
          "First": 1511823600000,
          "Last": 1519686000000,
          "Matches": []
        },
        {
          "Type": "ip",
          "Value": "104.96.220.154",
          "First": 1513033200000,
          "Last": 1516057200000,
          "Matches": []
        },
        {
          "Type": "ip",
          "Value": "104.96.220.114",
          "First": 1513033200000,
          "Last": 1517266800000,
          "Matches": []
        },
        {
          "Type": "ip",
          "Value": "184.26.136.138",
          "First": 1513033200000,
          "Last": 1519945200000,
          "Matches": []
        },
        {
          "Type": "ip",
          "Value": "184.26.136.122",
          "First": 1513033200000,
          "Last": 1519945200000,
          "Matches": []
        },
        {
          "Type": "ip",
          "Value": "104.96.220.137",
          "First": 1513638000000,
          "Last": 1517266800000,
          "Matches": []
        },
        {
          "Type": "ip",
          "Value": "67.135.105.19",
          "First": 1513638000000,
          "Last": 1515193200000,
          "Matches": []
        },
        {
          "Type": "ip",
          "Value": "67.135.105.11",
          "First": 1513638000000,
          "Last": 1515193200000,
          "Matches": []
        },
        {
          "Type": "ip",
          "Value": "2.18.212.9",
          "First": 1514242800000,
          "Last": 1514242800000,
          "Matches": []
        },
        {
          "Type": "ip",
          "Value": "2.18.212.40",
          "First": 1514242800000,
          "Last": 1514242800000,
          "Matches": []
        },
        {
          "Type": "ip",
          "Value": "63.243.228.59",
          "First": 1514847600000,
          "Last": 1514847600000,
          "Matches": []
        },
        {
          "Type": "ip",
          "Value": "63.243.228.42",
          "First": 1514847600000,
          "Last": 1514847600000,
          "Matches": []
        },
        {
          "Type": "ip",
          "Value": "104.104.244.80",
          "First": 1516057200000,
          "Last": 1516057200000,
          "Matches": []
        },
        {
          "Type": "ip",
          "Value": "104.104.244.25",
          "First": 1516057200000,
          "Last": 1516057200000,
          "Matches": []
        },
        {
          "Type": "ip",
          "Value": "184.24.97.208",
          "First": 1517266800000,
          "Last": 1517266800000,
          "Matches": []
        },
        {
          "Type": "ip",
          "Value": "184.24.97.210",
          "First": 1517266800000,
          "Last": 1517266800000,
          "Matches": []
        },
        {
          "Type": "ip",
          "Value": "23.219.88.40",
          "First": 1517871600000,
          "Last": 1519945200000,
          "Matches": []
        },
        {
          "Type": "ip",
          "Value": "23.219.88.49",
          "First": 1517871600000,
          "Last": 1519945200000,
          "Matches": []
        },
        {
          "Type": "ip",
          "Value": "104.96.220.122",
          "First": 1518217200000,
          "Last": 1518217200000,
          "Matches": []
        },
        {
          "Type": "ip",
          "Value": "104.96.220.162",
          "First": 1518217200000,
          "Last": 1518217200000,
          "Matches": []
        },
        {
          "Type": "ip",
          "Value": "104.91.166.184",
          "First": 1518217200000,
          "Last": 1518217200000,
          "Matches": []
        },
        {
          "Type": "ip",
          "Value": "104.91.166.226",
          "First": 1518217200000,
          "Last": 1518217200000,
          "Matches": []
        },
        {
          "Type": "ip",
          "Value": "95.101.82.35",
          "First": 1589788238419,
          "Last": 1589788238419,
          "Matches": []
        },
        {
          "Type": "ip",
          "Value": "2.21.75.41",
          "First": 1593254974825,
          "Last": 1593254974825,
          "Matches": []
        },
        {
          "Type": "ip",
          "Value": "184.51.146.154",
          "First": 1599665085015,
          "Last": 1599665085015,
          "Matches": []
        },
        {
          "Type": "ip",
          "Value": "23.6.117.16",
          "First": 1605111476991,
          "Last": 1605111476991,
          "Matches": []
        },
        {
          "Type": "ip",
          "Value": "23.67.243.178",
          "First": 1623523323352,
          "Last": 1623523323352,
          "Matches": []
        },
        {
          "Type": "ip",
          "Value": "23.199.65.192",
          "First": 1628089934337,
          "Last": 1628089934337,
          "Matches": []
        }
      ]
    }
  ],
  "Errors": []
}