{
  "Relationships": [
    {
      "Domain": "suntrust.com",
      "Identifiers": [
        {
          "Type": "ip",
          "Value": "167.181.46.72",
          "First": 1345212000000,
          "Last": 1635104903443,
          "Matches": []
        },
        {
          "Type": "sitecatalyst",
          "Value": "suntrustprod",
          "First": 1464151617153,
          "Last": 1607788926108,
          "Matches": [
            {
              "Domain": "onlinebanking.suntrust.com",
              "First": 1464152332565,
              "Last": 1486626349432,
              "Overlap": true
            },
            {
              "Domain": "suntrustrh.com",
              "First": 1464152099108,
              "Last": 1538625859190,
              "Overlap": true
            },
            {
              "Domain": "suntrustmortgage.com",
              "First": 1464153467393,
              "Last": 1481871762745,
              "Overlap": true
            },
            {
              "Domain": "lightstream.com",
              "First": 1469767471710,
              "Last": 1623128802750,
              "Overlap": true
            },
            {
              "Domain": "joshua-feldman.com",
              "First": 1477545963404,
              "Last": 1477545963404,
              "Overlap": true
            },
            {
              "Domain": "mortgagesforphysicians.com",
              "First": 1484614200233,
              "Last": 1484614200233,
              "Overlap": true
            },
            {
              "Domain": "momentumonup.com",
              "First": 1509789708487,
              "Last": 1594614928753,
              "Overlap": true
            },
            {
              "Domain": "es.momentumonup.com",
              "First": 1509789708487,
              "Last": 1514105980433,
              "Overlap": true
            },
            {
              "Domain": "cohenfinancial.com",
              "First": 1531984613720,
              "Last": 1584224431733,
              "Overlap": true
            },
            {
              "Domain": "cre.suntrustrh.com",
              "First": 1599668370451,
              "Last": 1628102757311,
              "Overlap": true
            }
          ]
        },
        {
          "Type": "google-analytics",
          "Value": "36859378",
          "First": 1477545760806,
          "Last": 1504166662873,
          "Matches": [
            {
              "Domain": "microsoft-careers.com",
              "First": 1356958800000,
              "Last": 1404309600000,
              "Overlap": false
            },
            {
              "Domain": "adp-jobs.com",
              "First": 1359637200000,
              "Last": 1371650400000,
              "Overlap": false
            },
            {
              "Domain": "careers.safg.com",
              "First": 1364302800000,
              "Last": 1364302800000,
              "Overlap": false
            },
            {
              "Domain": "salonjobs.greatclips.com",
              "First": 1364302800000,
              "Last": 1364302800000,
              "Overlap": false
            },
            {
              "Domain": "jobs.sgsna.com",
              "First": 1364302800000,
              "Last": 1381669200000,
              "Overlap": false
            },
            {
              "Domain": "jobs.pizzahut.com",
              "First": 1364302800000,
              "Last": 1381669200000,
              "Overlap": false
            },
            {
              "Domain": "sprint.jobs",
              "First": 1356958800000,
              "Last": 1482879600000,
              "Overlap": true
            },
            {
              "Domain": "careers.welchallyn.com",
              "First": 1364302800000,
              "Last": 1479855600000,
              "Overlap": true
            },
            {
              "Domain": "bestbuy-jobs.com",
              "First": 1359637200000,
              "Last": 1452085200000,
              "Overlap": false
            },
            {
              "Domain": "jobs.tacobell.com",
              "First": 1364302800000,
              "Last": 1381669200000,
              "Overlap": false
            },
            {
              "Domain": "microsoft-store-careers.com",
              "First": 1356958800000,
              "Last": 1404309600000,
              "Overlap": false
            },
            {
              "Domain": "medstar-jobs.com",
              "First": 1356958800000,
              "Last": 1465858800000,
              "Overlap": false
            },
            {
              "Domain": "healthpartners-jobs.com",
              "First": 1356958800000,
              "Last": 1427893200000,
              "Overlap": false
            },
            {
              "Domain": "careers.informatica.com",
              "First": 1364302800000,
              "Last": 1381669200000,
              "Overlap": false
            },
            {
              "Domain": "careers.greendot.com",
              "First": 1364302800000,
              "Last": 1381669200000,
              "Overlap": false
            },
            {
              "Domain": "careers.bonton.com",
              "First": 1364302800000,
              "Last": 1381669200000,
              "Overlap": false
            },
            {
              "Domain": "careers.spectrum-health.org",
              "First": 1364302800000,
              "Last": 1381669200000,
              "Overlap": false
            },
            {
              "Domain": "novonordisk-jobs.com",
              "First": 1356958800000,
              "Last": 1454504400000,
              "Overlap": false
            },
            {
              "Domain": "jobs.gm.com",
              "First": 1364302800000,
              "Last": 1381669200000,
              "Overlap": false
            },
            {
              "Domain": "nursing-rehab-jobs.com",
              "First": 1359637200000,
              "Last": 1456923600000,
              "Overlap": false
            },
            {
              "Domain": "avanade-jobs.com",
              "First": 1356958800000,
              "Last": 1415278800000,
              "Overlap": false
            },
            {
              "Domain": "jobs.jcp.com",
              "First": 1364302800000,
              "Last": 1381669200000,
              "Overlap": false
            },
            {
              "Domain": "jobs.hasbro.com",
              "First": 1364302800000,
              "Last": 1469766305440,
              "Overlap": false
            },
            {
              "Domain": "jobs.bilingualrecruiters.com",
              "First": 1364302800000,
              "Last": 1364302800000,
              "Overlap": false
            },
            {
              "Domain": "jobs.integritystaffing.com",
              "First": 1364302800000,
              "Last": 1381669200000,
              "Overlap": false
            },
            {
              "Domain": "jobs.ipafamily.com",
              "First": 1364302800000,
              "Last": 1364302800000,
              "Overlap": false
            },
            {
              "Domain": "jobs.coventryhealthcare.com",
              "First": 1364302800000,
              "Last": 1364302800000,
              "Overlap": false
            },
            {
              "Domain": "jobs.yoh.com",
              "First": 1364302800000,
              "Last": 1481029376601,
              "Overlap": true
            },
            {
              "Domain": "jobs.activenetwork.com",
              "First": 1364302800000,
              "Last": 1381669200000,
              "Overlap": false
            },
            {
              "Domain": "jobs.deluxe.com",
              "First": 1364302800000,
              "Last": 1381669200000,
              "Overlap": false
            },
            {
              "Domain": "jobs.mcgladrey.com",
              "First": 1364302800000,
              "Last": 1381669200000,
              "Overlap": false
            },
            {
              "Domain": "jobs.methodisthealthsystem.org",
              "First": 1364302800000,
              "Last": 1381669200000,
              "Overlap": false
            },
            {
              "Domain": "jobs.danaher.com",
              "First": 1364302800000,
              "Last": 1364302800000,
              "Overlap": false
            },
            {
              "Domain": "jobs.northhighland.com",
              "First": 1364302800000,
              "Last": 1381669200000,
              "Overlap": false
            },
            {
              "Domain": "jobs.cunamutual.com",
              "First": 1364302800000,
              "Last": 1381669200000,
              "Overlap": false
            },
            {
              "Domain": "jobs.alliedbarton.com",
              "First": 1364302800000,
              "Last": 1381669200000,
              "Overlap": false
            },
            {
              "Domain": "jobs.agilitymgmt.com",
              "First": 1364302800000,
              "Last": 1381669200000,
              "Overlap": false
            },
            {
              "Domain": "jobs.bechtel.com",
              "First": 1364302800000,
              "Last": 1381669200000,
              "Overlap": false
            },
            {
              "Domain": "jobs.lifetimefitness.com",
              "First": 1364302800000,
              "Last": 1381669200000,
              "Overlap": false
            },
            {
              "Domain": "jobs.xcelenergy.com",
              "First": 1364302800000,
              "Last": 1507244400000,
              "Overlap": true
            },
            {
              "Domain": "jobs.epicor.com",
              "First": 1364302800000,
              "Last": 1364302800000,
              "Overlap": false
            },
            {
              "Domain": "careers.futurestep.com",
              "First": 1364302800000,
              "Last": 1381669200000,
              "Overlap": false
            },
            {
              "Domain": "careers.atterro.com",
              "First": 1364302800000,
              "Last": 1381669200000,
              "Overlap": false
            },
            {
              "Domain": "careers.caci.com",
              "First": 1364302800000,
              "Last": 1476629463771,
              "Overlap": false
            },
            {
              "Domain": "careers.hmhco.com",
              "First": 1364302800000,
              "Last": 1381669200000,
              "Overlap": false
            },
            {
              "Domain": "careers.boozallen.com",
              "First": 1364302800000,
              "Last": 1381669200000,
              "Overlap": false
            },
            {
              "Domain": "jobs.successfactors.com",
              "First": 1364302800000,
              "Last": 1381669200000,
              "Overlap": false
            },
            {
              "Domain": "careers.centura.org",
              "First": 1364302800000,
              "Last": 1468379514388,
              "Overlap": false
            },
            {
              "Domain": "jobs.kpmgcareers.com",
              "First": 1359637200000,
              "Last": 1396443600000,
              "Overlap": false
            },
            {
              "Domain": "jobs.interstatehotels.com",
              "First": 1364302800000,
              "Last": 1381669200000,
              "Overlap": false
            },
            {
              "Domain": "jobs.bloomberg.com",
              "First": 1364302800000,
              "Last": 1381669200000,
              "Overlap": false
            },
            {
              "Domain": "jobs.hanover.com",
              "First": 1364302800000,
              "Last": 1364302800000,
              "Overlap": false
            },
            {
              "Domain": "jobs.celgene.com",
              "First": 1364302800000,
              "Last": 1458565200000,
              "Overlap": false
            },
            {
              "Domain": "crossmark.jobs",
              "First": 1359637200000,
              "Last": 1378389600000,
              "Overlap": false
            },
            {
              "Domain": "careers.enterpriseproducts.com",
              "First": 1364302800000,
              "Last": 1381669200000,
              "Overlap": false
            },
            {
              "Domain": "careers.srcinc.com",
              "First": 1364302800000,
              "Last": 1472487004748,
              "Overlap": false
            },
            {
              "Domain": "chs-jobs.com",
              "First": 1364302800000,
              "Last": 1364302800000,
              "Overlap": false
            },
            {
              "Domain": "stryker-careers.com",
              "First": 1356958800000,
              "Last": 1415278800000,
              "Overlap": false
            },
            {
              "Domain": "kfc-jobs.com",
              "First": 1356958800000,
              "Last": 1386248400000,
              "Overlap": false
            },
            {
              "Domain": "valleyhealthnurse-jobs.com",
              "First": 1364302800000,
              "Last": 1491692400000,
              "Overlap": true
            },
            {
              "Domain": "jobs.vwr.com",
              "First": 1364302800000,
              "Last": 1462834800000,
              "Overlap": false
            },
            {
              "Domain": "jobs.texashealth.org",
              "First": 1364302800000,
              "Last": 1381669200000,
              "Overlap": false
            },
            {
              "Domain": "mayo-clinic-jobs.com",
              "First": 1356958800000,
              "Last": 1472487004748,
              "Overlap": false
            },
            {
              "Domain": "careers.manitowoc.com",
              "First": 1381669200000,
              "Last": 1381669200000,
              "Overlap": false
            },
            {
              "Domain": "careers.mater.org.au",
              "First": 1381669200000,
              "Last": 1514202677300,
              "Overlap": true
            },
            {
              "Domain": "careers.mcafee.com",
              "First": 1381669200000,
              "Last": 1381669200000,
              "Overlap": false
            },
            {
              "Domain": "careers.gatesfoundation.org",
              "First": 1381669200000,
              "Last": 1475535600000,
              "Overlap": false
            },
            {
              "Domain": "careers.dowagro.com",
              "First": 1381669200000,
              "Last": 1381669200000,
              "Overlap": false
            },
            {
              "Domain": "careers.henryford.com",
              "First": 1381669200000,
              "Last": 1472487004748,
              "Overlap": false
            },
            {
              "Domain": "careers.golder.com",
              "First": 1381669200000,
              "Last": 1528513644689,
              "Overlap": true
            },
            {
              "Domain": "careers.expedia.com",
              "First": 1381669200000,
              "Last": 1381669200000,
              "Overlap": false
            },
            {
              "Domain": "careers.exeloncorp.com",
              "First": 1381669200000,
              "Last": 1381669200000,
              "Overlap": false
            },
            {
              "Domain": "clevelandclinic-jobs.com",
              "First": 1356958800000,
              "Last": 1454504400000,
              "Overlap": false
            },
            {
              "Domain": "careers.christianacare.org",
              "First": 1381669200000,
              "Last": 1488582000000,
              "Overlap": true
            },
            {
              "Domain": "careers.carolinashealthcare.org",
              "First": 1381669200000,
              "Last": 1467357225560,
              "Overlap": false
            },
            {
              "Domain": "careers.bluecrossmn.com",
              "First": 1381669200000,
              "Last": 1504244234380,
              "Overlap": true
            },
            {
              "Domain": "careers.armstrong.com",
              "First": 1381669200000,
              "Last": 1458565200000,
              "Overlap": false
            },
            {
              "Domain": "careers.tjx.com",
              "First": 1381669200000,
              "Last": 1502242713564,
              "Overlap": true
            },
            {
              "Domain": "careers.regionshospital.com",
              "First": 1381669200000,
              "Last": 1381669200000,
              "Overlap": false
            },
            {
              "Domain": "careers.travelers.com",
              "First": 1381669200000,
              "Last": 1479855600000,
              "Overlap": true
            },
            {
              "Domain": "careers.24hourfitness.com",
              "First": 1381669200000,
              "Last": 1381669200000,
              "Overlap": false
            },
            {
              "Domain": "jobs.bonsecours.com",
              "First": 1381669200000,
              "Last": 1381669200000,
              "Overlap": false
            },
            {
              "Domain": "careers.agcocorp.com",
              "First": 1381669200000,
              "Last": 1472487004748,
              "Overlap": false
            },
            {
              "Domain": "jobs.kinross.com",
              "First": 1381669200000,
              "Last": 1381669200000,
              "Overlap": false
            },
            {
              "Domain": "jobs.josbank.com",
              "First": 1364302800000,
              "Last": 1364302800000,
              "Overlap": false
            },
            {
              "Domain": "jobs.jnj.com",
              "First": 1381669200000,
              "Last": 1381669200000,
              "Overlap": false
            },
            {
              "Domain": "jobs.basf.us",
              "First": 1381669200000,
              "Last": 1507244400000,
              "Overlap": true
            },
            {
              "Domain": "jobs.bce.ca",
              "First": 1381669200000,
              "Last": 1499301061522,
              "Overlap": true
            },
            {
              "Domain": "jobs.akamai.com",
              "First": 1381669200000,
              "Last": 1462834800000,
              "Overlap": false
            },
            {
              "Domain": "jobs.americanexpress.com",
              "First": 1381669200000,
              "Last": 1381669200000,
              "Overlap": false
            },
            {
              "Domain": "jobs.alliancedata.com",
              "First": 1381669200000,
              "Last": 1381669200000,
              "Overlap": false
            },
            {
              "Domain": "jobs.bombardier.com",
              "First": 1381669200000,
              "Last": 1512012404608,
              "Overlap": true
            },
            {
              "Domain": "jobs.bms.com",
              "First": 1381669200000,
              "Last": 1381669200000,
              "Overlap": false
            },
            {
              "Domain": "jobs.bnymellon.com",
              "First": 1381669200000,
              "Last": 1381669200000,
              "Overlap": false
            },
            {
              "Domain": "jobs.freshandeasy.com",
              "First": 1381669200000,
              "Last": 1381669200000,
              "Overlap": false
            },
            {
              "Domain": "jobs.broadcom.com",
              "First": 1381669200000,
              "Last": 1458565200000,
              "Overlap": false
            },
            {
              "Domain": "jobs.ecolab.com",
              "First": 1381669200000,
              "Last": 1381669200000,
              "Overlap": false
            },
            {
              "Domain": "jobs.gecareers.com",
              "First": 1381669200000,
              "Last": 1469766305440,
              "Overlap": false
            },
            {
              "Domain": "jobs.genpt.com",
              "First": 1381669200000,
              "Last": 1381669200000,
              "Overlap": false
            },
            {
              "Domain": "jobs.drc.com",
              "First": 1381669200000,
              "Last": 1381669200000,
              "Overlap": false
            },
            {
              "Domain": "jobs.cgi.com",
              "First": 1381669200000,
              "Last": 1381669200000,
              "Overlap": false
            },
            {
              "Domain": "jobs.goodlifefitness.com",
              "First": 1381669200000,
              "Last": 1481036979025,
              "Overlap": true
            },
            {
              "Domain": "jobs.comerica.com",
              "First": 1381669200000,
              "Last": 1381669200000,
              "Overlap": false
            },
            {
              "Domain": "jobs.compassgroupcareers.com",
              "First": 1381669200000,
              "Last": 1458565200000,
              "Overlap": false
            },
            {
              "Domain": "jobs.harman.com",
              "First": 1381669200000,
              "Last": 1514202987791,
              "Overlap": true
            },
            {
              "Domain": "jobs.crowehorwath.com",
              "First": 1381669200000,
              "Last": 1381669200000,
              "Overlap": false
            },
            {
              "Domain": "jobs.hcr-manorcare.com",
              "First": 1381669200000,
              "Last": 1458565200000,
              "Overlap": false
            },
            {
              "Domain": "jobs.hdsupply.com",
              "First": 1381669200000,
              "Last": 1458565200000,
              "Overlap": false
            },
            {
              "Domain": "jobs.healtheast.org",
              "First": 1381669200000,
              "Last": 1462543200000,
              "Overlap": false
            },
            {
              "Domain": "jobs.thomsonreuters.com",
              "First": 1381669200000,
              "Last": 1381669200000,
              "Overlap": false
            },
            {
              "Domain": "jobs.saic.com",
              "First": 1381669200000,
              "Last": 1507244400000,
              "Overlap": true
            },
            {
              "Domain": "jobs.scottrade.com",
              "First": 1381669200000,
              "Last": 1381669200000,
              "Overlap": false
            },
            {
              "Domain": "jobs.rackspace.com",
              "First": 1381669200000,
              "Last": 1381669200000,
              "Overlap": false
            },
            {
              "Domain": "jobs.trizetto.com",
              "First": 1381669200000,
              "Last": 1528298427961,
              "Overlap": true
            },
            {
              "Domain": "jobs.rgf-hr.com.sg",
              "First": 1381669200000,
              "Last": 1381669200000,
              "Overlap": false
            },
            {
              "Domain": "jobs.rogers.com",
              "First": 1381669200000,
              "Last": 1381669200000,
              "Overlap": false
            },
            {
              "Domain": "jobs.unisys.com",
              "First": 1381669200000,
              "Last": 1381669200000,
              "Overlap": false
            },
            {
              "Domain": "jobs.umm.edu",
              "First": 1381669200000,
              "Last": 1475535600000,
              "Overlap": false
            },
            {
              "Domain": "jobs.utmbhealth.com",
              "First": 1381669200000,
              "Last": 1381669200000,
              "Overlap": false
            },
            {
              "Domain": "jobs.supermedia.com",
              "First": 1381669200000,
              "Last": 1381669200000,
              "Overlap": false
            },
            {
              "Domain": "jobs.syngenta.com",
              "First": 1381669200000,
              "Last": 1465858800000,
              "Overlap": false
            },
            {
              "Domain": "jobs.virginiamason.org",
              "First": 1381669200000,
              "Last": 1381669200000,
              "Overlap": false
            },
            {
              "Domain": "jobs.vmware.com",
              "First": 1381669200000,
              "Last": 1381669200000,
              "Overlap": false
            },
            {
              "Domain": "jobs.kpmgcareers.co.uk",
              "First": 1381669200000,
              "Last": 1514147159032,
              "Overlap": true
            },
            {
              "Domain": "jobs.masco.com",
              "First": 1381669200000,
              "Last": 1381669200000,
              "Overlap": false
            },
            {
              "Domain": "jobs.merck.com",
              "First": 1381669200000,
              "Last": 1473759214457,
              "Overlap": false
            },
            {
              "Domain": "jobs.nytco.com",
              "First": 1381669200000,
              "Last": 1381669200000,
              "Overlap": false
            },
            {
              "Domain": "jobs.oakley.com",
              "First": 1381669200000,
              "Last": 1477544345182,
              "Overlap": false
            },
            {
              "Domain": "jobs.libertydiversified.com",
              "First": 1381669200000,
              "Last": 1482879600000,
              "Overlap": true
            },
            {
              "Domain": "uscellular.jobs",
              "First": 1372773600000,
              "Last": 1427893200000,
              "Overlap": false
            },
            {
              "Domain": "ssmhealthcare-jobs.com",
              "First": 1356958800000,
              "Last": 1391691600000,
              "Overlap": false
            },
            {
              "Domain": "yumsuccess-jobs.com",
              "First": 1356958800000,
              "Last": 1443621600000,
              "Overlap": false
            },
            {
              "Domain": "careers.dswinc.com",
              "First": 1458565200000,
              "Last": 1475535600000,
              "Overlap": false
            },
            {
              "Domain": "careers.goodstart.org.au",
              "First": 1458565200000,
              "Last": 1499301061522,
              "Overlap": true
            },
            {
              "Domain": "burberrycareers.com",
              "First": 1399471200000,
              "Last": 1472487004748,
              "Overlap": false
            },
            {
              "Domain": "careers.marathonoil.com",
              "First": 1458565200000,
              "Last": 1507244400000,
              "Overlap": true
            },
            {
              "Domain": "careers.cintas.com",
              "First": 1458565200000,
              "Last": 1507244400000,
              "Overlap": true
            },
            {
              "Domain": "careers.tsocorp.com",
              "First": 1458565200000,
              "Last": 1507244400000,
              "Overlap": true
            },
            {
              "Domain": "careers.williams-sonomainc.com",
              "First": 1458565200000,
              "Last": 1507244400000,
              "Overlap": true
            },
            {
              "Domain": "empleo.manpower.com.mx",
              "First": 1458565200000,
              "Last": 1462834800000,
              "Overlap": false
            },
            {
              "Domain": "jameshardie.jobs2web.com",
              "First": 1458565200000,
              "Last": 1631459505043,
              "Overlap": true
            },
            {
              "Domain": "hourlyjobs.compassgroupcareers.com",
              "First": 1458565200000,
              "Last": 1464168393519,
              "Overlap": false
            },
            {
              "Domain": "jobs.seasons.org",
              "First": 1458565200000,
              "Last": 1514136752166,
              "Overlap": true
            },
            {
              "Domain": "jobs.arkema-americas.com",
              "First": 1458565200000,
              "Last": 1507244400000,
              "Overlap": true
            },
            {
              "Domain": "jobs.harley-davidson.com",
              "First": 1458565200000,
              "Last": 1477436400000,
              "Overlap": false
            },
            {
              "Domain": "jobs.heineken.co.uk",
              "First": 1458565200000,
              "Last": 1499301061522,
              "Overlap": true
            },
            {
              "Domain": "jobs.loves.com",
              "First": 1458565200000,
              "Last": 1472487004748,
              "Overlap": false
            },
            {
              "Domain": "jobs.msd.com",
              "First": 1458565200000,
              "Last": 1505084400000,
              "Overlap": true
            },
            {
              "Domain": "jobs.suntrust.com",
              "First": 1458565200000,
              "Last": 1507244400000,
              "Overlap": true
            },
            {
              "Domain": "jobs.visa.com",
              "First": 1458565200000,
              "Last": 1479855600000,
              "Overlap": true
            },
            {
              "Domain": "jobs.kroger.com",
              "First": 1458565200000,
              "Last": 1467350838702,
              "Overlap": false
            },
            {
              "Domain": "jobs.transcanada.com",
              "First": 1458565200000,
              "Last": 1524494245756,
              "Overlap": true
            },
            {
              "Domain": "chp.tbe.taleo.net",
              "First": 1458565200000,
              "Last": 1475535600000,
              "Overlap": false
            },
            {
              "Domain": "jobs.voith.com",
              "First": 1462543200000,
              "Last": 1514226555017,
              "Overlap": true
            },
            {
              "Domain": "careers.sandisk.com",
              "First": 1462543200000,
              "Last": 1462543200000,
              "Overlap": false
            },
            {
              "Domain": "jobs.micron.com",
              "First": 1462543200000,
              "Last": 1462543200000,
              "Overlap": false
            },
            {
              "Domain": "greatsecurityjobs.com",
              "First": 1356958800000,
              "Last": 1365080400000,
              "Overlap": false
            },
            {
              "Domain": "integrityjobsindy.com",
              "First": 1356958800000,
              "Last": 1365080400000,
              "Overlap": false
            },
            {
              "Domain": "atk-jobs.com",
              "First": 1356958800000,
              "Last": 1372773600000,
              "Overlap": false
            },
            {
              "Domain": "urs-jobs.com",
              "First": 1356958800000,
              "Last": 1356958800000,
              "Overlap": false
            },
            {
              "Domain": "tacobell-jobs.com",
              "First": 1356958800000,
              "Last": 1386248400000,
              "Overlap": false
            },
            {
              "Domain": "allstate-jobs.com",
              "First": 1356958800000,
              "Last": 1356958800000,
              "Overlap": false
            },
            {
              "Domain": "daiichisankyo-jobs.com",
              "First": 1356958800000,
              "Last": 1372773600000,
              "Overlap": false
            },
            {
              "Domain": "realpizzahutjobs.com",
              "First": 1359637200000,
              "Last": 1386248400000,
              "Overlap": false
            },
            {
              "Domain": "gm-jobs.com",
              "First": 1359637200000,
              "Last": 1427893200000,
              "Overlap": false
            },
            {
              "Domain": "vwrsp-jobs.com",
              "First": 1359637200000,
              "Last": 1368021600000,
              "Overlap": false
            },
            {
              "Domain": "jcpcareers.com",
              "First": 1386248400000,
              "Last": 1409752800000,
              "Overlap": false
            },
            {
              "Domain": "gatefoundation.net",
              "First": 1464161956105,
              "Last": 1468390782544,
              "Overlap": false
            },
            {
              "Domain": "jobs.bnsf.com",
              "First": 1472487004748,
              "Last": 1502242713564,
              "Overlap": true
            },
            {
              "Domain": "wssupplychain.applicantstack.com",
              "First": 1477436400000,
              "Last": 1505084400000,
              "Overlap": true
            },
            {
              "Domain": "careers.weathergroup.com",
              "First": 1482879600000,
              "Last": 1514144198259,
              "Overlap": true
            },
            {
              "Domain": "bellpmp.com",
              "First": 1486663770140,
              "Last": 1498657827202,
              "Overlap": true
            },
            {
              "Domain": "trade.amx.com",
              "First": 1498643625991,
              "Last": 1498646554730,
              "Overlap": true
            },
            {
              "Domain": "4londonjobs.co.uk",
              "First": 1499429786911,
              "Last": 1499429786911,
              "Overlap": true
            },
            {
              "Domain": "harman.com",
              "First": 1500974059554,
              "Last": 1554981098809,
              "Overlap": true
            },
            {
              "Domain": "trizettoprovider.com",
              "First": 1501006874678,
              "Last": 1514216786596,
              "Overlap": true
            },
            {
              "Domain": "empleos.femsa.com",
              "First": 1507244400000,
              "Last": 1507244400000,
              "Overlap": false
            },
            {
              "Domain": "transcanadaemplois.com",
              "First": 1524494245756,
              "Last": 1524494245756,
              "Overlap": false
            },
            {
              "Domain": "mater.org.au",
              "First": 1526595652426,
              "Last": 1574076721171,
              "Overlap": false
            },
            {
              "Domain": "kpmgcareers.co.uk",
              "First": 1527853663973,
              "Last": 1535786635527,
              "Overlap": false
            },
            {
              "Domain": "jobs.panalpina.com",
              "First": 1528273466741,
              "Last": 1528273466741,
              "Overlap": false
            },
            {
              "Domain": "weathergroup.com",
              "First": 1530156106184,
              "Last": 1535614647404,
              "Overlap": false
            },
            {
              "Domain": "golder.com",
              "First": 1531699890211,
              "Last": 1535789332412,
              "Overlap": false
            },
            {
              "Domain": "saic.com",
              "First": 1539492348290,
              "Last": 1539492348290,
              "Overlap": false
            },
            {
              "Domain": "femsa.com",
              "First": 1556644992702,
              "Last": 1584578345304,
              "Overlap": false
            },
            {
              "Domain": "jobs.transystems.com",
              "First": 1623516315085,
              "Last": 1623516315085,
              "Overlap": false
            }
          ]
        },
        {
          "Type": "ip",
          "Value": "www.suntrust.com.edgekey.net.",
          "First": 1507590000000,
          "Last": 1513033200000,
          "Matches": []
        },
        {
          "Type": "ip",
          "Value": "e7422.a.akamaiedge.net.",
          "First": 1507590000000,
          "Last": 1513033200000,
          "Matches": []
        },
        {
          "Type": "ip",
          "Value": "104.107.1.249",
          "First": 1507590000000,
          "Last": 1507590000000,
          "Matches": []
        },
        {
          "Type": "ip",
          "Value": "23.6.66.150",
          "First": 1508281200000,
          "Last": 1512601200000,
          "Matches": []
        },
        {
          "Type": "ip",
          "Value": "104.96.245.155",
          "First": 1508799600000,
          "Last": 1508799600000,
          "Matches": []
        },
        {
          "Type": "google-analytics",
          "Value": "106356849",
          "First": 1509784574780,
          "Last": 1574053012034,
          "Matches": [
            {
              "Domain": "jobs.suntrust.com",
              "First": 1509781554934,
              "Last": 1635104903443,
              "Overlap": true
            },
            {
              "Domain": "cre.suntrustrh.com",
              "First": 1514180597340,
              "Last": 1514180597340,
              "Overlap": true
            },
            {
              "Domain": "careers.truist.com",
              "First": 1623552284906,
              "Last": 1635134559580,
              "Overlap": false
            }
          ]
        },
        {
          "Type": "ip",
          "Value": "23.13.167.234",
          "First": 1510009200000,
          "Last": 1510009200000,
          "Matches": []
        },
        {
          "Type": "ip",
          "Value": "23.6.103.234",
          "First": 1510614000000,
          "Last": 1510614000000,
          "Matches": []
        },
        {
          "Type": "ip",
          "Value": "23.40.210.63",
          "First": 1513033200000,
          "Last": 1513033200000,
          "Matches": []
        },
        {
          "Type": "ip",
          "Value": "52.85.201.91",
          "First": 1513638000000,
          "Last": 1513638000000,
          "Matches": []
        },
        {
          "Type": "ip",
          "Value": "52.85.201.143",
          "First": 1513638000000,
          "Last": 1513638000000,
          "Matches": []
        },
        {
          "Type": "ip",
          "Value": "52.85.201.239",
          "First": 1513638000000,
          "Last": 1513638000000,
          "Matches": []
        },
        {
          "Type": "ip",
          "Value": "52.85.201.249",
          "First": 1513638000000,
          "Last": 1513638000000,
          "Matches": []
        },
        {
          "Type": "ip",
          "Value": "52.85.201.65",
          "First": 1513638000000,
          "Last": 1513638000000,
          "Matches": []
        },
        {
          "Type": "ip",
          "Value": "52.85.201.106",
          "First": 1513638000000,
          "Last": 1514242800000,
          "Matches": []
        },
        {
          "Type": "ip",
          "Value": "52.85.201.84",
          "First": 1513638000000,
          "Last": 1513638000000,
          "Matches": []
        },
        {
          "Type": "ip",
          "Value": "52.85.201.209",
          "First": 1513638000000,
          "Last": 1513638000000,
          "Matches": []
        },
        {
          "Type": "ip",
          "Value": "d3vnho2mavxjnb.cloudfront.net.",
          "First": 1513638000000,
          "Last": 1519945200000,
          "Matches": []
        },
        {
          "Type": "ip",
          "Value": "52.85.201.182",
          "First": 1514242800000,
          "Last": 1514242800000,
          "Matches": []
        },
        {
          "Type": "ip",
          "Value": "52.85.201.140",
          "First": 1514242800000,
          "Last": 1514242800000,
          "Matches": []
        },
        {
          "Type": "ip",
          "Value": "52.85.201.103",
          "First": 1514242800000,
          "Last": 1514242800000,
          "Matches": []
        },
        {
          "Type": "ip",
          "Value": "52.85.201.112",
          "First": 1514242800000,
          "Last": 1514242800000,
          "Matches": []
        },
        {
          "Type": "ip",
          "Value": "52.85.201.42",
          "First": 1514242800000,
          "Last": 1514242800000,
          "Matches": []
        },
        {
          "Type": "ip",
          "Value": "52.85.201.236",
          "First": 1514242800000,
          "Last": 1514242800000,
          "Matches": []
        },
        {
          "Type": "ip",
          "Value": "52.85.201.232",
          "First": 1514242800000,
          "Last": 1514242800000,
          "Matches": []
        },
        {
          "Type": "ip",
          "Value": "52.85.201.200",
          "First": 1514847600000,
          "Last": 1514847600000,
          "Matches": []
        },
        {
          "Type": "ip",
          "Value": "52.85.201.247",
          "First": 1514847600000,
          "Last": 1514847600000,
          "Matches": []
        },
        {
          "Type": "ip",
          "Value": "52.85.201.58",
          "First": 1514847600000,
          "Last": 1517266800000,
          "Matches": []
        },
        {
          "Type": "ip",
          "Value": "52.85.201.240",
          "First": 1514847600000,
          "Last": 1514847600000,
          "Matches": []
        },
        {
          "Type": "ip",
          "Value": "52.85.201.177",
          "First": 1514847600000,
          "Last": 1514847600000,
          "Matches": []
        },
        {
          "Type": "ip",
          "Value": "52.85.201.170",
          "First": 1514847600000,
          "Last": 1514847600000,
          "Matches": []
        },
        {
          "Type": "ip",
          "Value": "52.85.201.34",
          "First": 1514847600000,
          "Last": 1514847600000,
          "Matches": []
        },
        {
          "Type": "ip",
          "Value": "52.85.201.29",
          "First": 1514847600000,
          "Last": 1514847600000,
          "Matches": []
        },
        {
          "Type": "ip",
          "Value": "13.33.151.19",
          "First": 1515193200000,
          "Last": 1515193200000,
          "Matches": []
        },
        {
          "Type": "ip",
          "Value": "13.33.151.143",
          "First": 1515193200000,
          "Last": 1515193200000,
          "Matches": []
        },
        {
          "Type": "ip",
          "Value": "13.33.151.218",
          "First": 1515193200000,
          "Last": 1515193200000,
          "Matches": []
        },
        {
          "Type": "ip",
          "Value": "13.33.151.63",
          "First": 1515193200000,
          "Last": 1515193200000,
          "Matches": []
        },
        {
          "Type": "ip",
          "Value": "13.33.151.65",
          "First": 1515193200000,
          "Last": 1515193200000,
          "Matches": []
        },
        {
          "Type": "ip",
          "Value": "13.33.151.14",
          "First": 1515193200000,
          "Last": 1515193200000,
          "Matches": []
        },
        {
          "Type": "ip",
          "Value": "13.33.151.101",
          "First": 1515193200000,
          "Last": 1515193200000,
          "Matches": []
        },
        {
          "Type": "ip",
          "Value": "13.33.151.153",
          "First": 1515193200000,
          "Last": 1515193200000,
          "Matches": []
        },
        {
          "Type": "ip",
          "Value": "54.230.148.16",
          "First": 1516057200000,
          "Last": 1516057200000,
          "Matches": []
        },
        {
          "Type": "ip",
          "Value": "54.230.148.24",
          "First": 1516057200000,
          "Last": 1516057200000,
          "Matches": []
        },
        {
          "Type": "ip",
          "Value": "54.230.148.147",
          "First": 1516057200000,
          "Last": 1516057200000,
          "Matches": []
        },
        {
          "Type": "ip",
          "Value": "54.230.148.143",
          "First": 1516057200000,
          "Last": 1516057200000,
          "Matches": []
        },
        {
          "Type": "ip",
          "Value": "54.230.148.79",
          "First": 1516057200000,
          "Last": 1516057200000,
          "Matches": []
        },
        {
          "Type": "ip",
          "Value": "54.230.148.28",
          "First": 1516057200000,
          "Last": 1516057200000,
          "Matches": []
        },
        {
          "Type": "ip",
          "Value": "54.230.148.44",
          "First": 1516057200000,
          "Last": 1516057200000,
          "Matches": []
        },
        {
          "Type": "ip",
          "Value": "54.230.148.241",
          "First": 1516057200000,
          "Last": 1516057200000,
          "Matches": []
        },
        {
          "Type": "ip",
          "Value": "52.84.27.81",
          "First": 1516662000000,
          "Last": 1516662000000,
          "Matches": []
        },
        {
          "Type": "ip",
          "Value": "52.84.27.98",
          "First": 1516662000000,
          "Last": 1516662000000,
          "Matches": []
        },
        {
          "Type": "ip",
          "Value": "52.84.27.122",
          "First": 1516662000000,
          "Last": 1516662000000,
          "Matches": []
        },
        {
          "Type": "ip",
          "Value": "52.84.27.13",
          "First": 1516662000000,
          "Last": 1516662000000,
          "Matches": []
        },
        {
          "Type": "ip",
          "Value": "52.84.27.106",
          "First": 1516662000000,
          "Last": 1516662000000,
          "Matches": []
        },
        {
          "Type": "ip",
          "Value": "52.84.27.194",
          "First": 1516662000000,
          "Last": 1516662000000,
          "Matches": []
        },
        {
          "Type": "ip",
          "Value": "52.84.27.75",
          "First": 1516662000000,
          "Last": 1516662000000,
          "Matches": []
        },
        {
          "Type": "ip",
          "Value": "52.84.27.190",
          "First": 1516662000000,
          "Last": 1516662000000,
          "Matches": []
        },
        {
          "Type": "ip",
          "Value": "52.85.201.137",
          "First": 1517266800000,
          "Last": 1517266800000,
          "Matches": []
        },
        {
          "Type": "ip",
          "Value": "52.85.201.89",
          "First": 1517266800000,
          "Last": 1517266800000,
          "Matches": []
        },
        {
          "Type": "ip",
          "Value": "52.85.201.38",
          "First": 1517266800000,
          "Last": 1517266800000,
          "Matches": []
        },
        {
          "Type": "ip",
          "Value": "52.85.201.136",
          "First": 1517266800000,
          "Last": 1517266800000,
          "Matches": []
        },
        {
          "Type": "ip",
          "Value": "52.85.201.131",
          "First": 1517266800000,
          "Last": 1517266800000,
          "Matches": []
        },
        {
          "Type": "ip",
          "Value": "52.85.201.33",
          "First": 1517266800000,
          "Last": 1517266800000,
          "Matches": []
        },
        {
          "Type": "ip",
          "Value": "52.85.201.122",
          "First": 1517266800000,
          "Last": 1517266800000,
          "Matches": []
        },
        {
          "Type": "ip",
          "Value": "13.33.151.200",
          "First": 1517871600000,
          "Last": 1517871600000,
          "Matches": []
        },
        {
          "Type": "ip",
          "Value": "13.33.151.185",
          "First": 1517871600000,
          "Last": 1517871600000,
          "Matches": []
        },
        {
          "Type": "ip",
          "Value": "13.33.151.27",
          "First": 1517871600000,
          "Last": 1517871600000,
          "Matches": []
        },
        {
          "Type": "ip",
          "Value": "13.33.151.12",
          "First": 1517871600000,
          "Last": 1517871600000,
          "Matches": []
        },
        {
          "Type": "ip",
          "Value": "13.33.151.48",
          "First": 1517871600000,
          "Last": 1517871600000,
          "Matches": []
        },
        {
          "Type": "ip",
          "Value": "13.33.151.79",
          "First": 1517871600000,
          "Last": 1517871600000,
          "Matches": []
        },
        {
          "Type": "ip",
          "Value": "13.33.151.220",
          "First": 1517871600000,
          "Last": 1517871600000,
          "Matches": []
        },
        {
          "Type": "ip",
          "Value": "13.33.151.224",
          "First": 1517871600000,
          "Last": 1517871600000,
          "Matches": []
        },
        {
          "Type": "ip",
          "Value": "54.230.19.32",
          "First": 1518217200000,
          "Last": 1518217200000,
          "Matches": []
        },
        {
          "Type": "ip",
          "Value": "54.230.19.93",
          "First": 1518217200000,
          "Last": 1518217200000,
          "Matches": []
        },
        {
          "Type": "ip",
          "Value": "54.230.19.34",
          "First": 1518217200000,
          "Last": 1518217200000,
          "Matches": []
        },
        {
          "Type": "ip",
          "Value": "54.230.19.203",
          "First": 1518217200000,
          "Last": 1518217200000,
          "Matches": []
        },
        {
          "Type": "ip",
          "Value": "54.230.19.197",
          "First": 1518217200000,
          "Last": 1518217200000,
          "Matches": []
        },
        {
          "Type": "ip",
          "Value": "54.230.19.76",
          "First": 1518217200000,
          "Last": 1518217200000,
          "Matches": []
        },
        {
          "Type": "ip",
          "Value": "54.230.19.204",
          "First": 1518217200000,
          "Last": 1518217200000,
          "Matches": []
        },
        {
          "Type": "ip",
          "Value": "54.230.19.59",
          "First": 1518217200000,
          "Last": 1518217200000,
          "Matches": []
        },
        {
          "Type": "ip",
          "Value": "52.84.16.145",
          "First": 1519081200000,
          "Last": 1519081200000,
          "Matches": []
        },
        {
          "Type": "ip",
          "Value": "52.84.16.8",
          "First": 1519081200000,
          "Last": 1519686000000,
          "Matches": []
        },
        {
          "Type": "ip",
          "Value": "52.84.16.196",
          "First": 1519081200000,
          "Last": 1519081200000,
          "Matches": []
        },
        {
          "Type": "ip",
          "Value": "52.84.16.33",
          "First": 1519081200000,
          "Last": 1519081200000,
          "Matches": []
        },
        {
          "Type": "ip",
          "Value": "52.84.16.92",
          "First": 1519081200000,
          "Last": 1519081200000,
          "Matches": []
        },
        {
          "Type": "ip",
          "Value": "52.84.16.154",
          "First": 1519081200000,
          "Last": 1519081200000,
          "Matches": []
        },
        {
          "Type": "ip",
          "Value": "52.84.16.105",
          "First": 1519081200000,
          "Last": 1519081200000,
          "Matches": []
        },
        {
          "Type": "ip",
          "Value": "52.84.16.4",
          "First": 1519081200000,
          "Last": 1519081200000,
          "Matches": []
        },
        {
          "Type": "ip",
          "Value": "52.84.16.220",
          "First": 1519686000000,
          "Last": 1519686000000,
          "Matches": []
        },
        {
          "Type": "ip",
          "Value": "52.84.16.160",
          "First": 1519686000000,
          "Last": 1519686000000,
          "Matches": []
        },
        {
          "Type": "ip",
          "Value": "52.84.16.134",
          "First": 1519686000000,
          "Last": 1519686000000,
          "Matches": []
        },
        {
          "Type": "ip",
          "Value": "52.84.16.188",
          "First": 1519686000000,
          "Last": 1519686000000,
          "Matches": []
        },
        {
          "Type": "ip",
          "Value": "52.84.16.157",
          "First": 1519686000000,
          "Last": 1519686000000,
          "Matches": []
        },
        {
          "Type": "ip",
          "Value": "52.84.16.250",
          "First": 1519686000000,
          "Last": 1519686000000,
          "Matches": []
        },
        {
          "Type": "ip",
          "Value": "52.84.16.117",
          "First": 1519686000000,
          "Last": 1519686000000,
          "Matches": []
        },
        {
          "Type": "ip",
          "Value": "52.84.128.254",
          "First": 1519945200000,
          "Last": 1519945200000,
          "Matches": []
        },
        {
          "Type": "ip",
          "Value": "52.84.128.175",
          "First": 1519945200000,
          "Last": 1519945200000,
          "Matches": []
        },
        {
          "Type": "ip",
          "Value": "52.84.128.90",
          "First": 1519945200000,
          "Last": 1519945200000,
          "Matches": []
        },
        {
          "Type": "ip",
          "Value": "52.84.128.2",
          "First": 1519945200000,
          "Last": 1519945200000,
          "Matches": []
        },
        {
          "Type": "ip",
          "Value": "52.84.128.21",
          "First": 1519945200000,
          "Last": 1519945200000,
          "Matches": []
        },
        {
          "Type": "ip",
          "Value": "52.84.128.169",
          "First": 1519945200000,
          "Last": 1519945200000,
          "Matches": []
        },
        {
          "Type": "ip",
          "Value": "52.84.128.8",
          "First": 1519945200000,
          "Last": 1519945200000,
          "Matches": []
        },
        {
          "Type": "ip",
          "Value": "52.84.128.38",
          "First": 1519945200000,
          "Last": 1519945200000,
          "Matches": []
        },
        {
          "Type": "google-analytics",
          "Value": "4877712",
          "First": 1524390980300,
          "Last": 1524390980300,
          "Matches": [
            {
              "Domain": "smartborrowing.org",
              "First": 1612458730587,
              "Last": 1621387407254,
              "Overlap": false
            }
          ]
        },
        {
          "Type": "google-tag-manager",
          "Value": "UA-4877712-3",
          "First": 1524390980300,
          "Last": 1524390980300,
          "Matches": []
        },
        {
          "Type": "newrelic",
          "Value": "4b6f7f959c",
          "First": 1530495708256,
          "Last": 1574053012034,
          "Matches": []
        },
        {
          "Type": "ip",
          "Value": "34.224.191.239",
          "First": 1532849358484,
          "Last": 1535431785768,
          "Matches": []
        },
        {
          "Type": "ip",
          "Value": "23.229.227.192",
          "First": 1532879740277,
          "Last": 1532879740277,
          "Matches": []
        },
        {
          "Type": "ip",
          "Value": "74.217.253.90",
          "First": 1532849928789,
          "Last": 1535430869074,
          "Matches": []
        },
        {
          "Type": "ip",
          "Value": "216.21.224.199",
          "First": 1532843168330,
          "Last": 1532843168330,
          "Matches": []
        },
        {
          "Type": "ip",
          "Value": "13.65.93.120",
          "First": 1532940881452,
          "Last": 1539483663405,
          "Matches": []
        },
        {
          "Type": "ip",
          "Value": "69.172.200.241",
          "First": 1532940881452,
          "Last": 1554976855375,
          "Matches": []
        },
        {
          "Type": "ip",
          "Value": "104.17.29.170",
          "First": 1532940881452,
          "Last": 1574053012034,
          "Matches": []
        },
        {
          "Type": "ip",
          "Value": "63.140.59.103",
          "First": 1532940881452,
          "Last": 1535649134844,
          "Matches": []
        },
        {
          "Type": "ip",
          "Value": "104.17.28.170",
          "First": 1532940881452,
          "Last": 1574053012034,
          "Matches": []
        },
        {
          "Type": "ip",
          "Value": "104.17.27.170",
          "First": 1532940881452,
          "Last": 1574053012034,
          "Matches": []
        },
        {
          "Type": "ip",
          "Value": "104.17.30.170",
          "First": 1532940881452,
          "Last": 1574053012034,
          "Matches": []
        },
        {
          "Type": "ip",
          "Value": "104.17.31.170",
          "First": 1532940881452,
          "Last": 1574053012034,
          "Matches": []
        },
        {
          "Type": "ip",
          "Value": "50.63.202.14",
          "First": 1533451657567,
          "Last": 1533451657567,
          "Matches": []
        },
        {
          "Type": "ip",
          "Value": "184.168.221.31",
          "First": 1533451345393,
          "Last": 1533451345393,
          "Matches": []
        },
        {
          "Type": "ip",
          "Value": "69.195.124.213",
          "First": 1533558760737,
          "Last": 1564843990683,
          "Matches": []
        },
        {
          "Type": "ip",
          "Value": "50.63.202.8",
          "First": 1533559075886,
          "Last": 1533559075886,
          "Matches": []
        },
        {
          "Type": "ip",
          "Value": "184.168.221.16",
          "First": 1533782509300,
          "Last": 1533782509300,
          "Matches": []
        },
        {
          "Type": "ip",
          "Value": "192.243.251.208",
          "First": 1533803811946,
          "Last": 1554976855375,
          "Matches": []
        },
        {
          "Type": "ip",
          "Value": "40.84.25.196",
          "First": 1539483663405,
          "Last": 1585610447553,
          "Matches": []
        },
        {
          "Type": "ip",
          "Value": "184.168.131.241",
          "First": 1540697479964,
          "Last": 1586931900719,
          "Matches": []
        },
        {
          "Type": "ip",
          "Value": "20.45.1.44",
          "First": 1545924170275,
          "Last": 1574053012034,
          "Matches": []
        },
        {
          "Type": "ip",
          "Value": "18.211.195.237",
          "First": 1545961757081,
          "Last": 1586518890270,
          "Matches": []
        },
        {
          "Type": "ip",
          "Value": "205.178.189.131",
          "First": 1557860662298,
          "Last": 1585343844506,
          "Matches": []
        },
        {
          "Type": "ip",
          "Value": "34.234.205.49",
          "First": 1559491494154,
          "Last": 1559491494154,
          "Matches": []
        },
        {
          "Type": "ip",
          "Value": "184.72.134.134",
          "First": 1559491494154,
          "Last": 1559491494154,
          "Matches": []
        },
        {
          "Type": "ip",
          "Value": "69.172.200.252",
          "First": 1563649144125,
          "Last": 1574053012034,
          "Matches": []
        },
        {
          "Type": "crazyegg",
          "Value": "863182",
          "First": 1563649144125,
          "Last": 1607788926108,
          "Matches": [
            {
              "Domain": "buscounviaje.com",
              "First": 1529240003552,
              "Last": 1624828682970,
              "Overlap": true
            },
            {
              "Domain": "s-trustonline.com",
              "First": 1567589876083,
              "Last": 1567589876083,
              "Overlap": true
            },
            {
              "Domain": "cetibank.com",
              "First": 1569523619179,
              "Last": 1575097082010,
              "Overlap": true
            },
            {
              "Domain": "truist.com",
              "First": 1595054377165,
              "Last": 1612907414453,
              "Overlap": true
            },
            {
              "Domain": "moontrustbnk.com",
              "First": 1629119393463,
              "Last": 1629119393463,
              "Overlap": false
            }
          ]
        },
        {
          "Type": "ip",
          "Value": "162.241.226.142",
          "First": 1569895798225,
          "Last": 1575495523848,
          "Matches": []
        },
        {
          "Type": "ip",
          "Value": "3.219.244.74",
          "First": 1579682461843,
          "Last": 1583584315222,
          "Matches": []
        },
        {
          "Type": "ip",
          "Value": "3.208.14.195",
          "First": 1579682461843,
          "Last": 1583584315222,
          "Matches": []
        },
        {
          "Type": "ip",
          "Value": "34.234.23.242",
          "First": 1579682461843,
          "Last": 1583584315222,
          "Matches": []
        },
        {
          "Type": "ip",
          "Value": "99.86.230.37",
          "First": 1614153600000,
          "Last": 1614499200000,
          "Matches": []
        },
        {
          "Type": "ip",
          "Value": "13.32.181.73",
          "First": 1611129600000,
          "Last": 1615190400000,
          "Matches": []
        },
        {
          "Type": "ip",
          "Value": "13.32.181.86",
          "First": 1610784000000,
          "Last": 1615190400000,
          "Matches": []
        },
        {
          "Type": "ip",
          "Value": "99.86.189.69",
          "First": 1615104000000,
          "Last": 1615104000000,
          "Matches": []
        },
        {
          "Type": "ip",
          "Value": "13.32.181.66",
          "First": 1610956800000,
          "Last": 1615190400000,
          "Matches": []
        },
        {
          "Type": "ip",
          "Value": "13.32.181.60",
          "First": 1610870400000,
          "Last": 1615190400000,
          "Matches": []
        },
        {
          "Type": "ip",
          "Value": "99.86.189.121",
          "First": 1614153600000,
          "Last": 1615190400000,
          "Matches": []
        },
        {
          "Type": "ip",
          "Value": "99.86.230.106",
          "First": 1614153600000,
          "Last": 1615104000000,
          "Matches": []
        },
        {
          "Type": "ip",
          "Value": "99.86.230.54",
          "First": 1614153600000,
          "Last": 1614499200000,
          "Matches": []
        },
        {
          "Type": "ip",
          "Value": "99.86.230.69",
          "First": 1614153600000,
          "Last": 1614499200000,
          "Matches": []
        },
        {
          "Type": "ip",
          "Value": "13.33.81.82",
          "First": 1614499200000,
          "Last": 1614499200000,
          "Matches": []
        },
        {
          "Type": "ip",
          "Value": "99.86.186.118",
          "First": 1614585600000,
          "Last": 1614931200000,
          "Matches": []
        },
        {
          "Type": "ip",
          "Value": "99.86.186.74",
          "First": 1614585600000,
          "Last": 1614931200000,
          "Matches": []
        },
        {
          "Type": "ip",
          "Value": "99.86.186.17",
          "First": 1614585600000,
          "Last": 1614931200000,
          "Matches": []
        },
        {
          "Type": "ip",
          "Value": "65.8.158.103",
          "First": 1614585600000,
          "Last": 1614585600000,
          "Matches": []
        },
        {
          "Type": "ip",
          "Value": "99.86.186.99",
          "First": 1614585600000,
          "Last": 1614931200000,
          "Matches": []
        },
        {
          "Type": "ip",
          "Value": "143.204.0.91",
          "First": 1614844800000,
          "Last": 1614844800000,
          "Matches": []
        },
        {
          "Type": "ip",
          "Value": "143.204.0.28",
          "First": 1614931200000,
          "Last": 1614931200000,
          "Matches": []
        },
        {
          "Type": "ip",
          "Value": "143.204.0.128",
          "First": 1614931200000,
          "Last": 1614931200000,
          "Matches": []
        },
        {
          "Type": "ip",
          "Value": "99.86.189.33",
          "First": 1615104000000,
          "Last": 1615104000000,
          "Matches": []
        },
        {
          "Type": "ip",
          "Value": "99.86.189.20",
          "First": 1615104000000,
          "Last": 1615190400000,
          "Matches": []
        }
      ]
    }
  ],
  "Errors": []
}