{
  "Identifers": [
    {
      "Value": "IP-54.230.48.14",
      "Matches": [
        {
          "Domain": "finmo.wealthdesk.in",
          "First": 1623285629840,
          "Last": 1623285629840
        },
        {
          "Domain": "wrightresearch.wealthdesk.in",
          "First": 1623285629840,
          "Last": 1623285629840
        },
        {
          "Domain": "wellwaywholehealthshoppe.net",
          "First": 1623300013208,
          "Last": 1623300013208
        },
        {
          "Domain": "westlakesmilestudio.com",
          "First": 1623308071214,
          "Last": 1623308071214
        },
        {
          "Domain": "we-date.app",
          "First": 1623311960944,
          "Last": 1623311960944
        },
        {
          "Domain": "dev-api.whatnat.com",
          "First": 1623313027918,
          "Last": 1623313027918
        },
        {
          "Domain": "xander.dog",
          "First": 1623365277985,
          "Last": 1623365277985
        }
      ]
    }
  ],
  "Errors": null
}