{
  "Identifers": [
    {
      "Value": "IP-130.76.184.138",
      "Matches": [
        {
          "Domain": "boeingsuppliers.com",
          "First": 1507590000000,
          "Last": 1628105229480
        },
        {
          "Domain": "mdc.com",
          "First": 1508799600000,
          "Last": 1519686000000
        },
        {
          "Domain": "boeing.com",
          "First": 1510009200000,
          "Last": 1628085015622
        },
        {
          "Domain": "boeing.com.au",
          "First": 1514242800000,
          "Last": 1614412800000
        },
        {
          "Domain": "boeing.co.in",
          "First": 1515193200000,
          "Last": 1629077004933
        },
        {
          "Domain": "boeing.es",
          "First": 1516057200000,
          "Last": 1618987500277
        },
        {
          "Domain": "myboeing.com",
          "First": 1517871600000,
          "Last": 1518217200000
        },
        {
          "Domain": "boeing.jp",
          "First": 1519081200000,
          "Last": 1615190400000
        },
        {
          "Domain": "boeing-me.com",
          "First": 1519945200000,
          "Last": 1624045680629
        },
        {
          "Domain": "boeing.co.uk",
          "First": 1532991600000,
          "Last": 1613912621341
        },
        {
          "Domain": "boeingsupplier.com",
          "First": 1533434274965,
          "Last": 1605965736907
        },
        {
          "Domain": "boeing.com.tr",
          "First": 1533434610415,
          "Last": 1629077004933
        },
        {
          "Domain": "boeing.ca",
          "First": 1588744803554,
          "Last": 1615017600000
        },
        {
          "Domain": "boeing.com.br",
          "First": 1533434610415,
          "Last": 1629077004933
        },
        {
          "Domain": "boeing.fr",
          "First": 1533434610415,
          "Last": 1614758400000
        },
        {
          "Domain": "boeing.ru",
          "First": 1533434610415,
          "Last": 1614412800000
        },
        {
          "Domain": "boeing.co.kr",
          "First": 1533434610415,
          "Last": 1615190400000
        },
        {
          "Domain": "boeing.de",
          "First": 1533434610415,
          "Last": 1624047633250
        },
        {
          "Domain": "boeingitaly.it",
          "First": 1533434151040,
          "Last": 1629076547284
        },
        {
          "Domain": "iam-boeing-apprenticeship.com",
          "First": 1533682800000,
          "Last": 1615286460503
        },
        {
          "Domain": "gnieob.com",
          "First": 1533648097274,
          "Last": 1614326400000
        },
        {
          "Domain": "kestrelei.com",
          "First": 1542110446672,
          "Last": 1607027335568
        },
        {
          "Domain": "argonst.com",
          "First": 1546933387644,
          "Last": 1623768951393
        },
        {
          "Domain": "spectrolab.com",
          "First": 1567455200508,
          "Last": 1611561600000
        },
        {
          "Domain": "jt610.com",
          "First": 1571158070395,
          "Last": 1601580922513
        },
        {
          "Domain": "boeingvsoc.com",
          "First": 1588740960407,
          "Last": 1605968047689
        },
        {
          "Domain": "boeinganalytics.com",
          "First": 1588741899657,
          "Last": 1605964922484
        },
        {
          "Domain": "boeingtravel.com",
          "First": 1588743069758,
          "Last": 1624045176707
        },
        {
          "Domain": "boeing100.com",
          "First": 1588743742235,
          "Last": 1608999323093
        },
        {
          "Domain": "boeing.co.il",
          "First": 1533434610415,
          "Last": 1624047633250
        },
        {
          "Domain": "ospreyrevolution.com",
          "First": 1589551400407,
          "Last": 1598497088010
        },
        {
          "Domain": "ospreyadvantage.com",
          "First": 1589553704813,
          "Last": 1622269129830
        },
        {
          "Domain": "protectsantasusana.com",
          "First": 1589629631891,
          "Last": 1616815379961
        },
        {
          "Domain": "unitedstatestanker.com",
          "First": 1589944029277,
          "Last": 1617808430374
        },
        {
          "Domain": "vsoc.com",
          "First": 1589988842414,
          "Last": 1603741426082
        },
        {
          "Domain": "aeroinfo.com",
          "First": 1590207696966,
          "Last": 1608581976204
        },
        {
          "Domain": "boeingvancouver.com",
          "First": 1590547761906,
          "Last": 1629076570358
        },
        {
          "Domain": "boeing-analytics.com",
          "First": 1590547860545,
          "Last": 1613910188158
        },
        {
          "Domain": "startupboeing.com",
          "First": 1593285612624,
          "Last": 1599020176518
        },
        {
          "Domain": "boeingvideo.com",
          "First": 1600164102413,
          "Last": 1629076819546
        },
        {
          "Domain": "speeahealthpartnership.com",
          "First": 1603349430250,
          "Last": 1612167281414
        },
        {
          "Domain": "boeing.ch",
          "First": 1609000530726,
          "Last": 1609000530726
        },
        {
          "Domain": "healthpartnershipoptions.com",
          "First": 1610564255315,
          "Last": 1631464359603
        },
        {
          "Domain": "ospreysar.com",
          "First": 1616531631560,
          "Last": 1622271150205
        },
        {
          "Domain": "iam-boeing.com",
          "First": 1614240000000,
          "Last": 1631649840410
        }
      ]
    }
  ],
  "Errors": null
}