{
  "Relationships": [
    {
      "Domain": "boeing.com",
      "Identifiers": [
        {
          "Type": "ip",
          "Value": "130.76.96.104",
          "First": 1345212000000,
          "Last": 1363266000000,
          "Matches": []
        },
        {
          "Type": "ip",
          "Value": "130.76.96.107",
          "First": 1345212000000,
          "Last": 1363266000000,
          "Matches": []
        },
        {
          "Type": "ip",
          "Value": "130.76.32.44",
          "First": 1345212000000,
          "Last": 1363266000000,
          "Matches": []
        },
        {
          "Type": "ip",
          "Value": "130.76.32.57",
          "First": 1345212000000,
          "Last": 1363266000000,
          "Matches": []
        },
        {
          "Type": "ip",
          "Value": "130.76.32.9",
          "First": 1363870800000,
          "Last": 1479301200000,
          "Matches": []
        },
        {
          "Type": "ip",
          "Value": "130.76.96.13",
          "First": 1363870800000,
          "Last": 1519945200000,
          "Matches": []
        },
        {
          "Type": "coremetrics",
          "Value": "99999999",
          "First": 1464157039566,
          "Last": 1528437022994,
          "Matches": []
        },
        {
          "Type": "google-analytics",
          "Value": "81839307",
          "First": 1473578669396,
          "Last": 1623244359940,
          "Matches": [
            {
              "Domain": "boeing.com.au",
              "First": 1473578406723,
              "Last": 1624573367203,
              "Overlap": true
            },
            {
              "Domain": "boeing.es",
              "First": 1473578406723,
              "Last": 1624573367203,
              "Overlap": true
            },
            {
              "Domain": "boeing.jp",
              "First": 1473578406723,
              "Last": 1624573367203,
              "Overlap": true
            },
            {
              "Domain": "boeing.com.tr",
              "First": 1473577080050,
              "Last": 1624573367203,
              "Overlap": true
            },
            {
              "Domain": "boeing.ru",
              "First": 1473577713021,
              "Last": 1624573367203,
              "Overlap": true
            },
            {
              "Domain": "boeing.co.uk",
              "First": 1473577909191,
              "Last": 1624573282125,
              "Overlap": true
            },
            {
              "Domain": "boeing.de",
              "First": 1473577080050,
              "Last": 1624573367203,
              "Overlap": true
            },
            {
              "Domain": "boeing.com.br",
              "First": 1473577713021,
              "Last": 1624573367203,
              "Overlap": true
            },
            {
              "Domain": "boeing.fr",
              "First": 1473577713021,
              "Last": 1624573367203,
              "Overlap": true
            },
            {
              "Domain": "boeingitaly.it",
              "First": 1473577080050,
              "Last": 1624573289764,
              "Overlap": true
            },
            {
              "Domain": "boeing.co.kr",
              "First": 1473577080050,
              "Last": 1624573282125,
              "Overlap": true
            },
            {
              "Domain": "phantomworks.org",
              "First": 1473589911524,
              "Last": 1517480199391,
              "Overlap": true
            },
            {
              "Domain": "boeingshanghaiaviationservices.hk",
              "First": 1473589911524,
              "Last": 1517492757154,
              "Overlap": true
            },
            {
              "Domain": "boeinghelena.com",
              "First": 1473589911524,
              "Last": 1517492757154,
              "Overlap": true
            },
            {
              "Domain": "boeinginternational.com",
              "First": 1473589911524,
              "Last": 1520610390308,
              "Overlap": true
            },
            {
              "Domain": "boeing.ch",
              "First": 1473589555594,
              "Last": 1520610390308,
              "Overlap": true
            },
            {
              "Domain": "myboeing.com",
              "First": 1473589911524,
              "Last": 1518264506223,
              "Overlap": true
            },
            {
              "Domain": "boeingteam.com",
              "First": 1473589555594,
              "Last": 1520610390308,
              "Overlap": true
            },
            {
              "Domain": "boeingshanghai.com.hk",
              "First": 1473589911524,
              "Last": 1517492757154,
              "Overlap": true
            },
            {
              "Domain": "boeingtechnology.com",
              "First": 1473589911524,
              "Last": 1520610390308,
              "Overlap": true
            },
            {
              "Domain": "boeingengineering.com",
              "First": 1473589911524,
              "Last": 1520610390308,
              "Overlap": true
            },
            {
              "Domain": "boeingshanghaiaviationservices.com.hk",
              "First": 1473589911524,
              "Last": 1520610390308,
              "Overlap": true
            },
            {
              "Domain": "seabasedradar.com",
              "First": 1473589911524,
              "Last": 1520603152262,
              "Overlap": true
            },
            {
              "Domain": "boeingfrontiers.com",
              "First": 1473589555594,
              "Last": 1514122040085,
              "Overlap": true
            },
            {
              "Domain": "boeinglabnet.com",
              "First": 1473589555594,
              "Last": 1520610390308,
              "Overlap": true
            },
            {
              "Domain": "mdc.com",
              "First": 1473589555594,
              "Last": 1586569786060,
              "Overlap": true
            },
            {
              "Domain": "gnieob.com",
              "First": 1473589555594,
              "Last": 1626864514915,
              "Overlap": true
            },
            {
              "Domain": "bsas.hk",
              "First": 1473589555594,
              "Last": 1517492757154,
              "Overlap": true
            },
            {
              "Domain": "boeingshanghai.hk",
              "First": 1473589555594,
              "Last": 1517492757154,
              "Overlap": true
            },
            {
              "Domain": "bsas.com.hk",
              "First": 1473589555594,
              "Last": 1520610390308,
              "Overlap": true
            },
            {
              "Domain": "boeing.lu",
              "First": 1473589555594,
              "Last": 1520610390308,
              "Overlap": true
            },
            {
              "Domain": "boeing-shanghai.com.hk",
              "First": 1473589555594,
              "Last": 1520610390308,
              "Overlap": true
            },
            {
              "Domain": "boeing-sc.com",
              "First": 1473590084201,
              "Last": 1520610390308,
              "Overlap": true
            },
            {
              "Domain": "boeing.net",
              "First": 1473590084201,
              "Last": 1520610390308,
              "Overlap": true
            },
            {
              "Domain": "boeing.hu",
              "First": 1473590084201,
              "Last": 1520610390308,
              "Overlap": true
            },
            {
              "Domain": "cputech.com",
              "First": 1473590084201,
              "Last": 1520603175865,
              "Overlap": true
            },
            {
              "Domain": "boeingteam.net",
              "First": 1473590084201,
              "Last": 1514138498045,
              "Overlap": true
            },
            {
              "Domain": "argoneng.com",
              "First": 1473590084201,
              "Last": 1517480739145,
              "Overlap": true
            },
            {
              "Domain": "boeing-shanghai.hk",
              "First": 1473590084201,
              "Last": 1520610390308,
              "Overlap": true
            },
            {
              "Domain": "boeing.co.in",
              "First": 1476602750050,
              "Last": 1624573282125,
              "Overlap": true
            },
            {
              "Domain": "boeingsupplier.com",
              "First": 1476628119501,
              "Last": 1624572979103,
              "Overlap": true
            },
            {
              "Domain": "boeingsuppliers.com",
              "First": 1476628744391,
              "Last": 1623222277902,
              "Overlap": true
            },
            {
              "Domain": "daytonncma.org",
              "First": 1477537014760,
              "Last": 1485329852910,
              "Overlap": true
            },
            {
              "Domain": "boeing-me.com",
              "First": 1477543389852,
              "Last": 1569301590701,
              "Overlap": true
            },
            {
              "Domain": "theschoolsfoundation.org",
              "First": 1484038038794,
              "Last": 1498504519190,
              "Overlap": true
            },
            {
              "Domain": "boeing.ca",
              "First": 1485401881825,
              "Last": 1547498646169,
              "Overlap": true
            },
            {
              "Domain": "newairplane.com",
              "First": 1498471031261,
              "Last": 1529239710261,
              "Overlap": true
            },
            {
              "Domain": "joeing.org",
              "First": 1501041852996,
              "Last": 1517513934444,
              "Overlap": true
            },
            {
              "Domain": "boeingvsoc.com",
              "First": 1511970290606,
              "Last": 1529222274273,
              "Overlap": true
            },
            {
              "Domain": "vsoc.com",
              "First": 1511968575048,
              "Last": 1529271594598,
              "Overlap": true
            },
            {
              "Domain": "boeing100.com",
              "First": 1514121729105,
              "Last": 1520620157745,
              "Overlap": true
            },
            {
              "Domain": "ospreyrevolution.com",
              "First": 1514120391868,
              "Last": 1529236330061,
              "Overlap": true
            },
            {
              "Domain": "ospreysar.com",
              "First": 1514120391868,
              "Last": 1524500052652,
              "Overlap": true
            },
            {
              "Domain": "imgedev.com",
              "First": 1517514073359,
              "Last": 1517514073359,
              "Overlap": true
            },
            {
              "Domain": "unitedstatestanker.com",
              "First": 1517480290230,
              "Last": 1529229639827,
              "Overlap": true
            },
            {
              "Domain": "watchusfly.com",
              "First": 1517523050683,
              "Last": 1632520577385,
              "Overlap": true
            },
            {
              "Domain": "theageofaerospace.de",
              "First": 1517522179537,
              "Last": 1529234141428,
              "Overlap": true
            },
            {
              "Domain": "theageofaerospace.es",
              "First": 1517522179537,
              "Last": 1517522179537,
              "Overlap": true
            },
            {
              "Domain": "theageofaerospace.it",
              "First": 1517522179537,
              "Last": 1529234141428,
              "Overlap": true
            },
            {
              "Domain": "theageofaerospace.jp",
              "First": 1517522179537,
              "Last": 1520596070843,
              "Overlap": true
            },
            {
              "Domain": "theageofaerospace.ru",
              "First": 1517522179537,
              "Last": 1529234141428,
              "Overlap": true
            },
            {
              "Domain": "theageofaerospace.sg",
              "First": 1517522179537,
              "Last": 1529234141428,
              "Overlap": true
            },
            {
              "Domain": "theageofaerospace.co.id",
              "First": 1517522179537,
              "Last": 1529234141428,
              "Overlap": true
            },
            {
              "Domain": "theageofaerospace.co.uk",
              "First": 1517522179537,
              "Last": 1520596070843,
              "Overlap": true
            },
            {
              "Domain": "theageofaerospace.com",
              "First": 1517522179537,
              "Last": 1517522179537,
              "Overlap": true
            },
            {
              "Domain": "theageofaerospace.com.br",
              "First": 1517522179537,
              "Last": 1517522179537,
              "Overlap": true
            },
            {
              "Domain": "ageofaerospace.com.br",
              "First": 1520596788468,
              "Last": 1520596788468,
              "Overlap": true
            },
            {
              "Domain": "ospreyadvantage.com",
              "First": 1520605989447,
              "Last": 1529236330061,
              "Overlap": true
            },
            {
              "Domain": "boeingtravel.com",
              "First": 1520610390308,
              "Last": 1520610390308,
              "Overlap": true
            },
            {
              "Domain": "theageofaerospace.co.in",
              "First": 1520596070843,
              "Last": 1520596070843,
              "Overlap": true
            },
            {
              "Domain": "theageofaerospace.fr",
              "First": 1520596070843,
              "Last": 1520596070843,
              "Overlap": true
            },
            {
              "Domain": "theageofaerospace-th.com",
              "First": 1520596070843,
              "Last": 1529234141428,
              "Overlap": true
            },
            {
              "Domain": "theageofaerospace-tr.com",
              "First": 1520596070843,
              "Last": 1532870762912,
              "Overlap": true
            },
            {
              "Domain": "theageofaerospace-me.com",
              "First": 1520596070843,
              "Last": 1529235042660,
              "Overlap": true
            },
            {
              "Domain": "theageofaerospace.com.my",
              "First": 1520596070843,
              "Last": 1529234141428,
              "Overlap": true
            },
            {
              "Domain": "theageofaerospace.cn",
              "First": 1524492825326,
              "Last": 1524492825326,
              "Overlap": true
            },
            {
              "Domain": "boeing-site.com",
              "First": 1529243795677,
              "Last": 1540246421662,
              "Overlap": true
            },
            {
              "Domain": "theageofaerospace.co.kr",
              "First": 1529234141428,
              "Last": 1529234141428,
              "Overlap": true
            },
            {
              "Domain": "boeinganalytics.com",
              "First": 1529229532349,
              "Last": 1529229532349,
              "Overlap": true
            },
            {
              "Domain": "theageofaerospace-au.com",
              "First": 1532867761291,
              "Last": 1554047275048,
              "Overlap": true
            },
            {
              "Domain": "buildsomethingbetter.com",
              "First": 1532944136307,
              "Last": 1586508795013,
              "Overlap": true
            },
            {
              "Domain": "jeppesen.com",
              "First": 1539478457539,
              "Last": 1583583156314,
              "Overlap": true
            },
            {
              "Domain": "boeingstore.com",
              "First": 1539482234238,
              "Last": 1628072866372,
              "Overlap": true
            },
            {
              "Domain": "atil.co.uk",
              "First": 1555573862617,
              "Last": 1586901488467,
              "Overlap": true
            },
            {
              "Domain": "spectrolab.com",
              "First": 1567455200508,
              "Last": 1631270033156,
              "Overlap": true
            },
            {
              "Domain": "zelquo.com",
              "First": 1568361765613,
              "Last": 1573987601697,
              "Overlap": true
            },
            {
              "Domain": "3bgrafix.com",
              "First": 1568611273452,
              "Last": 1574229904079,
              "Overlap": true
            },
            {
              "Domain": "bdquiz24.com",
              "First": 1569187294609,
              "Last": 1569187294609,
              "Overlap": true
            },
            {
              "Domain": "boatdemo.com",
              "First": 1569295941883,
              "Last": 1574913469980,
              "Overlap": true
            },
            {
              "Domain": "mrmelanoma.com",
              "First": 1571818108798,
              "Last": 1571818108798,
              "Overlap": true
            },
            {
              "Domain": "mrhatguy.com",
              "First": 1571816158773,
              "Last": 1571816158773,
              "Overlap": true
            },
            {
              "Domain": "mplslegal.com",
              "First": 1571810478770,
              "Last": 1571810478770,
              "Overlap": true
            },
            {
              "Domain": "mybizdemo.com",
              "First": 1571863701191,
              "Last": 1571863701191,
              "Overlap": true
            },
            {
              "Domain": "nperner.com",
              "First": 1572026687814,
              "Last": 1572026687814,
              "Overlap": true
            },
            {
              "Domain": "omsk1716.com",
              "First": 1572126208443,
              "Last": 1572126208443,
              "Overlap": true
            },
            {
              "Domain": "omegadisc.com",
              "First": 1572123406010,
              "Last": 1572123406010,
              "Overlap": true
            },
            {
              "Domain": "orbhop.com",
              "First": 1572158010877,
              "Last": 1572158010877,
              "Overlap": true
            },
            {
              "Domain": "pdfujun.com",
              "First": 1572255717925,
              "Last": 1572255717925,
              "Overlap": true
            },
            {
              "Domain": "pemzija.com",
              "First": 1572267454865,
              "Last": 1572267454865,
              "Overlap": true
            },
            {
              "Domain": "plexusclub.com",
              "First": 1572335319220,
              "Last": 1572335319220,
              "Overlap": true
            },
            {
              "Domain": "postkvn.com",
              "First": 1572368929543,
              "Last": 1572368929543,
              "Overlap": true
            },
            {
              "Domain": "prots1.com",
              "First": 1572396172687,
              "Last": 1572396172687,
              "Overlap": true
            },
            {
              "Domain": "pupsteam.com",
              "First": 1572419177425,
              "Last": 1572419177425,
              "Overlap": true
            },
            {
              "Domain": "r19band.com",
              "First": 1572476026149,
              "Last": 1572476026149,
              "Overlap": true
            },
            {
              "Domain": "rhodyag.com",
              "First": 1572570776438,
              "Last": 1572570776438,
              "Overlap": true
            },
            {
              "Domain": "sexybkk.com",
              "First": 1572788943782,
              "Last": 1572788943782,
              "Overlap": true
            },
            {
              "Domain": "sev-ip.com",
              "First": 1572786930658,
              "Last": 1572786930658,
              "Overlap": true
            },
            {
              "Domain": "simhood.com",
              "First": 1572840891115,
              "Last": 1572840891115,
              "Overlap": true
            },
            {
              "Domain": "spergun.com",
              "First": 1572944950584,
              "Last": 1572944950584,
              "Overlap": true
            },
            {
              "Domain": "stoicapp.com",
              "First": 1572993208735,
              "Last": 1572993208735,
              "Overlap": true
            },
            {
              "Domain": "taka1969.com",
              "First": 1573090430233,
              "Last": 1573090430233,
              "Overlap": true
            },
            {
              "Domain": "syarin09.com",
              "First": 1573055358001,
              "Last": 1573055358001,
              "Overlap": true
            },
            {
              "Domain": "syondeli.com",
              "First": 1573063929286,
              "Last": 1573063929286,
              "Overlap": true
            },
            {
              "Domain": "tescobb.com",
              "First": 1573154915842,
              "Last": 1573154915842,
              "Overlap": true
            },
            {
              "Domain": "tikazmer.com",
              "First": 1573210062982,
              "Last": 1573210062982,
              "Overlap": true
            },
            {
              "Domain": "toke42.com",
              "First": 1573271210317,
              "Last": 1573271210317,
              "Overlap": true
            },
            {
              "Domain": "ulpenags.com",
              "First": 1573474895740,
              "Last": 1573474895740,
              "Overlap": true
            },
            {
              "Domain": "unltdtv.com",
              "First": 1573501114653,
              "Last": 1573501114653,
              "Overlap": true
            },
            {
              "Domain": "vconisidne.com",
              "First": 1573575263453,
              "Last": 1573575263453,
              "Overlap": true
            },
            {
              "Domain": "viet-az.com",
              "First": 1573608583396,
              "Last": 1573608583396,
              "Overlap": true
            },
            {
              "Domain": "want2xl.com",
              "First": 1573689061012,
              "Last": 1573689061012,
              "Overlap": true
            },
            {
              "Domain": "wordale.com",
              "First": 1573788507837,
              "Last": 1573788507837,
              "Overlap": true
            },
            {
              "Domain": "wowwc.com",
              "First": 1573791593952,
              "Last": 1573791593952,
              "Overlap": true
            },
            {
              "Domain": "wiioc.com",
              "First": 1573753118882,
              "Last": 1573753118882,
              "Overlap": true
            },
            {
              "Domain": "wessex2u.com",
              "First": 1573728082467,
              "Last": 1573728082467,
              "Overlap": true
            },
            {
              "Domain": "xconent.com",
              "First": 1573829769622,
              "Last": 1573829769622,
              "Overlap": true
            },
            {
              "Domain": "yzcgsc.com",
              "First": 1573963890523,
              "Last": 1573963890523,
              "Overlap": true
            },
            {
              "Domain": "youboptt.com",
              "First": 1573940426351,
              "Last": 1573940426351,
              "Overlap": true
            },
            {
              "Domain": "zmcmy.com",
              "First": 1574018935336,
              "Last": 1574018935336,
              "Overlap": true
            },
            {
              "Domain": "248mbird.com",
              "First": 1574193212622,
              "Last": 1574193212622,
              "Overlap": true
            },
            {
              "Domain": "2siberia.com",
              "First": 1574210123767,
              "Last": 1574210123767,
              "Overlap": true
            },
            {
              "Domain": "5201819hn.com",
              "First": 1574269587072,
              "Last": 1574269587072,
              "Overlap": true
            },
            {
              "Domain": "acesstv.com",
              "First": 1574395197484,
              "Last": 1574395197484,
              "Overlap": true
            },
            {
              "Domain": "actajv.com",
              "First": 1574405117808,
              "Last": 1574405117808,
              "Overlap": true
            },
            {
              "Domain": "akibazz.com",
              "First": 1574489056249,
              "Last": 1574489056249,
              "Overlap": true
            },
            {
              "Domain": "airflow3d.com",
              "First": 1574475244700,
              "Last": 1574475244700,
              "Overlap": true
            },
            {
              "Domain": "alpentv.com",
              "First": 1574524118833,
              "Last": 1574524118833,
              "Overlap": true
            },
            {
              "Domain": "amandab14.com",
              "First": 1574534432148,
              "Last": 1574534432148,
              "Overlap": true
            },
            {
              "Domain": "arklestuff.com",
              "First": 1574625641440,
              "Last": 1574625641440,
              "Overlap": true
            },
            {
              "Domain": "avisvip.com",
              "First": 1574708366340,
              "Last": 1574708366340,
              "Overlap": true
            },
            {
              "Domain": "b7fc.com",
              "First": 1574743958827,
              "Last": 1574743958827,
              "Overlap": true
            },
            {
              "Domain": "axandjub.com",
              "First": 1574721305530,
              "Last": 1574721305530,
              "Overlap": true
            },
            {
              "Domain": "bizkidsu.com",
              "First": 1574879479744,
              "Last": 1574879479744,
              "Overlap": true
            },
            {
              "Domain": "buleinfo.com",
              "First": 1574987136183,
              "Last": 1574987136183,
              "Overlap": true
            },
            {
              "Domain": "cdnorberg.com",
              "First": 1575077307786,
              "Last": 1575077307786,
              "Overlap": true
            },
            {
              "Domain": "crm2018.com",
              "First": 1575244018047,
              "Last": 1575244018047,
              "Overlap": true
            },
            {
              "Domain": "crestmkx.com",
              "First": 1575239525759,
              "Last": 1575239525759,
              "Overlap": true
            },
            {
              "Domain": "dcapsllc.com",
              "First": 1575338270753,
              "Last": 1575338270753,
              "Overlap": true
            },
            {
              "Domain": "dezoysa.com",
              "First": 1575385989789,
              "Last": 1575385989789,
              "Overlap": true
            },
            {
              "Domain": "depannalp.com",
              "First": 1575370964275,
              "Last": 1575370964275,
              "Overlap": true
            },
            {
              "Domain": "digalap.com",
              "First": 1575406771804,
              "Last": 1575406771804,
              "Overlap": true
            },
            {
              "Domain": "domisof39.com",
              "First": 1575459289033,
              "Last": 1575459289033,
              "Overlap": true
            },
            {
              "Domain": "drewology.com",
              "First": 1575486969836,
              "Last": 1575486969836,
              "Overlap": true
            },
            {
              "Domain": "drlivre.com",
              "First": 1575496060070,
              "Last": 1575496060070,
              "Overlap": true
            },
            {
              "Domain": "eatritega.com",
              "First": 1575558587317,
              "Last": 1575558587317,
              "Overlap": true
            },
            {
              "Domain": "esgww.com",
              "First": 1575710348489,
              "Last": 1575710348489,
              "Overlap": true
            },
            {
              "Domain": "evalapply.com",
              "First": 1575738819460,
              "Last": 1575738819460,
              "Overlap": true
            },
            {
              "Domain": "exportuj.com",
              "First": 1575759997278,
              "Last": 1575759997278,
              "Overlap": true
            },
            {
              "Domain": "ezfliks.com",
              "First": 1575768141361,
              "Last": 1575768141361,
              "Overlap": true
            },
            {
              "Domain": "eyanto.com",
              "First": 1575764253112,
              "Last": 1575764253112,
              "Overlap": true
            },
            {
              "Domain": "fengshui21.com",
              "First": 1575825826704,
              "Last": 1575825826704,
              "Overlap": true
            },
            {
              "Domain": "fs2mail.com",
              "First": 1575930053746,
              "Last": 1575930053746,
              "Overlap": true
            },
            {
              "Domain": "gr8spas.com",
              "First": 1576110660835,
              "Last": 1576110660835,
              "Overlap": true
            },
            {
              "Domain": "hcm2016.com",
              "First": 1576220751716,
              "Last": 1576220751716,
              "Overlap": true
            },
            {
              "Domain": "hwniao.site",
              "First": 1581864912493,
              "Last": 1581864912493,
              "Overlap": true
            },
            {
              "Domain": "onzidi.site",
              "First": 1582577011537,
              "Last": 1582577011537,
              "Overlap": true
            },
            {
              "Domain": "qxshome.com",
              "First": 1585796080866,
              "Last": 1585796080866,
              "Overlap": true
            },
            {
              "Domain": "boeing.co.il",
              "First": 1473577080050,
              "Last": 1624573282125,
              "Overlap": true
            },
            {
              "Domain": "ww2.jeppesen.com",
              "First": 1601176459289,
              "Last": 1608361524323,
              "Overlap": true
            },
            {
              "Domain": "0997dj.com",
              "First": 1601265380913,
              "Last": 1602625063696,
              "Overlap": true
            },
            {
              "Domain": "bcyp782.cn",
              "First": 1601406179985,
              "Last": 1603049377815,
              "Overlap": true
            },
            {
              "Domain": "boeingservices.com",
              "First": 1601429585080,
              "Last": 1615159405166,
              "Overlap": true
            },
            {
              "Domain": "huanpingtek.com",
              "First": 1601701488903,
              "Last": 1627330049601,
              "Overlap": true
            },
            {
              "Domain": "protectsantasusana.com",
              "First": 1601980562001,
              "Last": 1630220984276,
              "Overlap": true
            },
            {
              "Domain": "healthpartnershipoptions.com",
              "First": 1617436219671,
              "Last": 1617436219671,
              "Overlap": true
            },
            {
              "Domain": "speeahealthpartnership.com",
              "First": 1621515446481,
              "Last": 1631273673888,
              "Overlap": true
            }
          ]
        },
        {
          "Type": "google-tag-manager",
          "Value": "T6NQQT",
          "First": 1473578669396,
          "Last": 1634901060402,
          "Matches": [
            {
              "Domain": "boeing.es",
              "First": 1473578406723,
              "Last": 1629077004933,
              "Overlap": true
            },
            {
              "Domain": "boeing.com.au",
              "First": 1473578406723,
              "Last": 1629077004933,
              "Overlap": true
            },
            {
              "Domain": "boeing.jp",
              "First": 1473578406723,
              "Last": 1629077004933,
              "Overlap": true
            },
            {
              "Domain": "boeing.com.tr",
              "First": 1473577080050,
              "Last": 1629077004933,
              "Overlap": true
            },
            {
              "Domain": "boeing.ru",
              "First": 1473577713021,
              "Last": 1629077004933,
              "Overlap": true
            },
            {
              "Domain": "boeing.co.uk",
              "First": 1473577909191,
              "Last": 1629077004933,
              "Overlap": true
            },
            {
              "Domain": "boeing.de",
              "First": 1473577080050,
              "Last": 1629077004933,
              "Overlap": true
            },
            {
              "Domain": "boeing.com.br",
              "First": 1473577713021,
              "Last": 1629077004933,
              "Overlap": true
            },
            {
              "Domain": "boeing.fr",
              "First": 1473577713021,
              "Last": 1629077004933,
              "Overlap": true
            },
            {
              "Domain": "boeingitaly.it",
              "First": 1473577080050,
              "Last": 1629076547284,
              "Overlap": true
            },
            {
              "Domain": "boeing.co.kr",
              "First": 1473577080050,
              "Last": 1629077004933,
              "Overlap": true
            },
            {
              "Domain": "boeingteam.com",
              "First": 1473589555594,
              "Last": 1520610390308,
              "Overlap": true
            },
            {
              "Domain": "phantomworks.org",
              "First": 1473589911524,
              "Last": 1517480199391,
              "Overlap": true
            },
            {
              "Domain": "boeing.lu",
              "First": 1473589555594,
              "Last": 1520610390308,
              "Overlap": true
            },
            {
              "Domain": "boeingshanghaiaviationservices.hk",
              "First": 1473589911524,
              "Last": 1517492757154,
              "Overlap": true
            },
            {
              "Domain": "boeinghelena.com",
              "First": 1473589555594,
              "Last": 1517492757154,
              "Overlap": true
            },
            {
              "Domain": "boeinginternational.com",
              "First": 1473589911524,
              "Last": 1524510275596,
              "Overlap": true
            },
            {
              "Domain": "cputech.com",
              "First": 1473589911524,
              "Last": 1520603175865,
              "Overlap": true
            },
            {
              "Domain": "boeing.hu",
              "First": 1473589555594,
              "Last": 1520610390308,
              "Overlap": true
            },
            {
              "Domain": "boeing.ch",
              "First": 1473589555594,
              "Last": 1520610390308,
              "Overlap": true
            },
            {
              "Domain": "myboeing.com",
              "First": 1473589555594,
              "Last": 1524519331612,
              "Overlap": true
            },
            {
              "Domain": "boeingshanghai.com.hk",
              "First": 1473589911524,
              "Last": 1524510275596,
              "Overlap": true
            },
            {
              "Domain": "boeingtechnology.com",
              "First": 1473589555594,
              "Last": 1520610390308,
              "Overlap": true
            },
            {
              "Domain": "boeingengineering.com",
              "First": 1473589911524,
              "Last": 1520610390308,
              "Overlap": true
            },
            {
              "Domain": "boeingshanghaiaviationservices.com.hk",
              "First": 1473589911524,
              "Last": 1520610390308,
              "Overlap": true
            },
            {
              "Domain": "seabasedradar.com",
              "First": 1473589911524,
              "Last": 1524486325500,
              "Overlap": true
            },
            {
              "Domain": "boeingfrontiers.com",
              "First": 1473589555594,
              "Last": 1514122040085,
              "Overlap": true
            },
            {
              "Domain": "boeinglabnet.com",
              "First": 1473589555594,
              "Last": 1520610390308,
              "Overlap": true
            },
            {
              "Domain": "mdc.com",
              "First": 1473589555594,
              "Last": 1586569786060,
              "Overlap": true
            },
            {
              "Domain": "gnieob.com",
              "First": 1473589555594,
              "Last": 1631146139884,
              "Overlap": true
            },
            {
              "Domain": "bsas.hk",
              "First": 1473589555594,
              "Last": 1517492757154,
              "Overlap": true
            },
            {
              "Domain": "boeingshanghai.hk",
              "First": 1473589555594,
              "Last": 1517492757154,
              "Overlap": true
            },
            {
              "Domain": "bsas.com.hk",
              "First": 1473589555594,
              "Last": 1524510275596,
              "Overlap": true
            },
            {
              "Domain": "argoneng.com",
              "First": 1473589555594,
              "Last": 1517480739145,
              "Overlap": true
            },
            {
              "Domain": "boeing-shanghai.com.hk",
              "First": 1473589555594,
              "Last": 1524510275596,
              "Overlap": true
            },
            {
              "Domain": "boeing-sc.com",
              "First": 1473590084201,
              "Last": 1524510275596,
              "Overlap": true
            },
            {
              "Domain": "boeing.net",
              "First": 1473590084201,
              "Last": 1520610390308,
              "Overlap": true
            },
            {
              "Domain": "boeingteam.net",
              "First": 1473590084201,
              "Last": 1524510275596,
              "Overlap": true
            },
            {
              "Domain": "boeing-shanghai.hk",
              "First": 1473590084201,
              "Last": 1520610390308,
              "Overlap": true
            },
            {
              "Domain": "boeing.co.in",
              "First": 1476602750050,
              "Last": 1629077004933,
              "Overlap": true
            },
            {
              "Domain": "boeingsupplier.com",
              "First": 1476628119501,
              "Last": 1629076570358,
              "Overlap": true
            },
            {
              "Domain": "boeingsuppliers.com",
              "First": 1476628744391,
              "Last": 1628105229480,
              "Overlap": true
            },
            {
              "Domain": "jobs.boeing.com",
              "First": 1477545115948,
              "Last": 1514140771377,
              "Overlap": true
            },
            {
              "Domain": "daytonncma.org",
              "First": 1477537014760,
              "Last": 1485329852910,
              "Overlap": true
            },
            {
              "Domain": "boeing-me.com",
              "First": 1477543389852,
              "Last": 1569301590701,
              "Overlap": true
            },
            {
              "Domain": "newairplane.com",
              "First": 1481779441409,
              "Last": 1529239710261,
              "Overlap": true
            },
            {
              "Domain": "theschoolsfoundation.org",
              "First": 1484038038794,
              "Last": 1498504519190,
              "Overlap": true
            },
            {
              "Domain": "boeing.ca",
              "First": 1485401881825,
              "Last": 1547498646169,
              "Overlap": true
            },
            {
              "Domain": "boeingimages.com",
              "First": 1499426638907,
              "Last": 1540245379583,
              "Overlap": true
            },
            {
              "Domain": "watchusfly.com",
              "First": 1501042941214,
              "Last": 1632520577385,
              "Overlap": true
            },
            {
              "Domain": "fa-18.com",
              "First": 1501041852996,
              "Last": 1501041852996,
              "Overlap": true
            },
            {
              "Domain": "joeing.org",
              "First": 1501041852996,
              "Last": 1517513934444,
              "Overlap": true
            },
            {
              "Domain": "theageofaerospace.com",
              "First": 1509861936724,
              "Last": 1599158893034,
              "Overlap": true
            },
            {
              "Domain": "boeingvsoc.com",
              "First": 1511970290606,
              "Last": 1529222274273,
              "Overlap": true
            },
            {
              "Domain": "vsoc.com",
              "First": 1511968575048,
              "Last": 1529271594598,
              "Overlap": true
            },
            {
              "Domain": "boeing100.com",
              "First": 1514121729105,
              "Last": 1520620157745,
              "Overlap": true
            },
            {
              "Domain": "ospreyrevolution.com",
              "First": 1514120391868,
              "Last": 1529236330061,
              "Overlap": true
            },
            {
              "Domain": "ospreysar.com",
              "First": 1514120391868,
              "Last": 1524500052652,
              "Overlap": true
            },
            {
              "Domain": "unitedstatestanker.com",
              "First": 1517480290230,
              "Last": 1529229639827,
              "Overlap": true
            },
            {
              "Domain": "theageofaerospace.com.my",
              "First": 1517522179537,
              "Last": 1529234141428,
              "Overlap": true
            },
            {
              "Domain": "theageofaerospace.de",
              "First": 1517522179537,
              "Last": 1529234141428,
              "Overlap": true
            },
            {
              "Domain": "theageofaerospace.es",
              "First": 1517522179537,
              "Last": 1529234141428,
              "Overlap": true
            },
            {
              "Domain": "theageofaerospace.co.kr",
              "First": 1517522179537,
              "Last": 1529234141428,
              "Overlap": true
            },
            {
              "Domain": "theageofaerospace.vn",
              "First": 1517522179537,
              "Last": 1524492825326,
              "Overlap": true
            },
            {
              "Domain": "theageofaerospace.cn",
              "First": 1517522179537,
              "Last": 1529234141428,
              "Overlap": true
            },
            {
              "Domain": "theageofaerospace.fr",
              "First": 1517522179537,
              "Last": 1520596070843,
              "Overlap": true
            },
            {
              "Domain": "theageofaerospace.it",
              "First": 1517522179537,
              "Last": 1529234141428,
              "Overlap": true
            },
            {
              "Domain": "theageofaerospace.jp",
              "First": 1517522179537,
              "Last": 1529234141428,
              "Overlap": true
            },
            {
              "Domain": "theageofaerospace.ru",
              "First": 1517522179537,
              "Last": 1529234141428,
              "Overlap": true
            },
            {
              "Domain": "theageofaerospace.sg",
              "First": 1517522179537,
              "Last": 1529234141428,
              "Overlap": true
            },
            {
              "Domain": "theageofaerospace-th.com",
              "First": 1517522179537,
              "Last": 1599191355057,
              "Overlap": true
            },
            {
              "Domain": "theageofaerospace-au.com",
              "First": 1517522179537,
              "Last": 1599160885073,
              "Overlap": true
            },
            {
              "Domain": "theageofaerospace.co.id",
              "First": 1517522179537,
              "Last": 1529234141428,
              "Overlap": true
            },
            {
              "Domain": "theageofaerospace.co.uk",
              "First": 1517522179537,
              "Last": 1529234141428,
              "Overlap": true
            },
            {
              "Domain": "theageofaerospace.com.br",
              "First": 1517522179537,
              "Last": 1520596070843,
              "Overlap": true
            },
            {
              "Domain": "theageofaerospace.co.in",
              "First": 1517522179537,
              "Last": 1529234141428,
              "Overlap": true
            },
            {
              "Domain": "ageofaerospace.es",
              "First": 1520596788468,
              "Last": 1520596788468,
              "Overlap": true
            },
            {
              "Domain": "ageofaerospace.com.br",
              "First": 1520596788468,
              "Last": 1520596788468,
              "Overlap": true
            },
            {
              "Domain": "ageofaerospace.sg",
              "First": 1520596788468,
              "Last": 1520596788468,
              "Overlap": true
            },
            {
              "Domain": "ospreyadvantage.com",
              "First": 1520605989447,
              "Last": 1529236330061,
              "Overlap": true
            },
            {
              "Domain": "boeingtravel.com",
              "First": 1520610390308,
              "Last": 1520610390308,
              "Overlap": true
            },
            {
              "Domain": "boeing-site.com",
              "First": 1520624857792,
              "Last": 1596690532544,
              "Overlap": true
            },
            {
              "Domain": "theageofaerospace-tr.com",
              "First": 1520596070843,
              "Last": 1599189734404,
              "Overlap": true
            },
            {
              "Domain": "theageofaerospace-me.com",
              "First": 1520596070843,
              "Last": 1599173108082,
              "Overlap": true
            },
            {
              "Domain": "realamericantankers.com",
              "First": 1529221652500,
              "Last": 1529221652500,
              "Overlap": true
            },
            {
              "Domain": "boeing-analytics.com",
              "First": 1529229532349,
              "Last": 1529229532349,
              "Overlap": true
            },
            {
              "Domain": "boeinganalytics.com",
              "First": 1529229532349,
              "Last": 1529229532349,
              "Overlap": true
            },
            {
              "Domain": "buildsomethingbetter.com",
              "First": 1532944136307,
              "Last": 1586508795013,
              "Overlap": true
            },
            {
              "Domain": "jeppesen.com",
              "First": 1539478457539,
              "Last": 1583583156314,
              "Overlap": true
            },
            {
              "Domain": "atil.co.uk",
              "First": 1555573862617,
              "Last": 1586901488467,
              "Overlap": true
            },
            {
              "Domain": "spectrolab.com",
              "First": 1567455200508,
              "Last": 1634212274864,
              "Overlap": true
            },
            {
              "Domain": "zelquo.com",
              "First": 1568361765613,
              "Last": 1573987601697,
              "Overlap": true
            },
            {
              "Domain": "3bgrafix.com",
              "First": 1568611273452,
              "Last": 1574229904079,
              "Overlap": true
            },
            {
              "Domain": "bdquiz24.com",
              "First": 1569187294609,
              "Last": 1569187294609,
              "Overlap": true
            },
            {
              "Domain": "boatdemo.com",
              "First": 1569295941883,
              "Last": 1574913469980,
              "Overlap": true
            },
            {
              "Domain": "mrmelanoma.com",
              "First": 1571818108798,
              "Last": 1571818108798,
              "Overlap": true
            },
            {
              "Domain": "mrhatguy.com",
              "First": 1571816158773,
              "Last": 1571816158773,
              "Overlap": true
            },
            {
              "Domain": "mplslegal.com",
              "First": 1571810478770,
              "Last": 1571810478770,
              "Overlap": true
            },
            {
              "Domain": "mybizdemo.com",
              "First": 1571863701191,
              "Last": 1571863701191,
              "Overlap": true
            },
            {
              "Domain": "nperner.com",
              "First": 1572026687814,
              "Last": 1572026687814,
              "Overlap": true
            },
            {
              "Domain": "omsk1716.com",
              "First": 1572126208443,
              "Last": 1572126208443,
              "Overlap": true
            },
            {
              "Domain": "omegadisc.com",
              "First": 1572123406010,
              "Last": 1572123406010,
              "Overlap": true
            },
            {
              "Domain": "orbhop.com",
              "First": 1572158010877,
              "Last": 1572158010877,
              "Overlap": true
            },
            {
              "Domain": "pdfujun.com",
              "First": 1572255717925,
              "Last": 1572255717925,
              "Overlap": true
            },
            {
              "Domain": "pemzija.com",
              "First": 1572267454865,
              "Last": 1572267454865,
              "Overlap": true
            },
            {
              "Domain": "plexusclub.com",
              "First": 1572335319220,
              "Last": 1572335319220,
              "Overlap": true
            },
            {
              "Domain": "postkvn.com",
              "First": 1572368929543,
              "Last": 1572368929543,
              "Overlap": true
            },
            {
              "Domain": "prots1.com",
              "First": 1572396172687,
              "Last": 1572396172687,
              "Overlap": true
            },
            {
              "Domain": "pupsteam.com",
              "First": 1572419177425,
              "Last": 1572419177425,
              "Overlap": true
            },
            {
              "Domain": "r19band.com",
              "First": 1572476026149,
              "Last": 1572476026149,
              "Overlap": true
            },
            {
              "Domain": "rhodyag.com",
              "First": 1572570776438,
              "Last": 1572570776438,
              "Overlap": true
            },
            {
              "Domain": "sexybkk.com",
              "First": 1572788943782,
              "Last": 1572788943782,
              "Overlap": true
            },
            {
              "Domain": "sev-ip.com",
              "First": 1572786930658,
              "Last": 1572786930658,
              "Overlap": true
            },
            {
              "Domain": "simhood.com",
              "First": 1572840891115,
              "Last": 1572840891115,
              "Overlap": true
            },
            {
              "Domain": "spergun.com",
              "First": 1572944950584,
              "Last": 1572944950584,
              "Overlap": true
            },
            {
              "Domain": "stoicapp.com",
              "First": 1572993208735,
              "Last": 1572993208735,
              "Overlap": true
            },
            {
              "Domain": "taka1969.com",
              "First": 1573090430233,
              "Last": 1573090430233,
              "Overlap": true
            },
            {
              "Domain": "syarin09.com",
              "First": 1573055358001,
              "Last": 1573055358001,
              "Overlap": true
            },
            {
              "Domain": "syondeli.com",
              "First": 1573063929286,
              "Last": 1573063929286,
              "Overlap": true
            },
            {
              "Domain": "tescobb.com",
              "First": 1573154915842,
              "Last": 1573154915842,
              "Overlap": true
            },
            {
              "Domain": "tikazmer.com",
              "First": 1573210062982,
              "Last": 1573210062982,
              "Overlap": true
            },
            {
              "Domain": "toke42.com",
              "First": 1573271210317,
              "Last": 1573271210317,
              "Overlap": true
            },
            {
              "Domain": "ulpenags.com",
              "First": 1573474895740,
              "Last": 1573474895740,
              "Overlap": true
            },
            {
              "Domain": "unltdtv.com",
              "First": 1573501114653,
              "Last": 1573501114653,
              "Overlap": true
            },
            {
              "Domain": "vconisidne.com",
              "First": 1573575263453,
              "Last": 1573575263453,
              "Overlap": true
            },
            {
              "Domain": "viet-az.com",
              "First": 1573608583396,
              "Last": 1573608583396,
              "Overlap": true
            },
            {
              "Domain": "want2xl.com",
              "First": 1573689061012,
              "Last": 1573689061012,
              "Overlap": true
            },
            {
              "Domain": "wordale.com",
              "First": 1573788507837,
              "Last": 1573788507837,
              "Overlap": true
            },
            {
              "Domain": "wowwc.com",
              "First": 1573791593952,
              "Last": 1573791593952,
              "Overlap": true
            },
            {
              "Domain": "wiioc.com",
              "First": 1573753118882,
              "Last": 1573753118882,
              "Overlap": true
            },
            {
              "Domain": "wessex2u.com",
              "First": 1573728082467,
              "Last": 1573728082467,
              "Overlap": true
            },
            {
              "Domain": "xconent.com",
              "First": 1573829769622,
              "Last": 1573829769622,
              "Overlap": true
            },
            {
              "Domain": "yzcgsc.com",
              "First": 1573963890523,
              "Last": 1573963890523,
              "Overlap": true
            },
            {
              "Domain": "youboptt.com",
              "First": 1573940426351,
              "Last": 1573940426351,
              "Overlap": true
            },
            {
              "Domain": "zmcmy.com",
              "First": 1574018935336,
              "Last": 1574018935336,
              "Overlap": true
            },
            {
              "Domain": "248mbird.com",
              "First": 1574193212622,
              "Last": 1574193212622,
              "Overlap": true
            },
            {
              "Domain": "2siberia.com",
              "First": 1574210123767,
              "Last": 1574210123767,
              "Overlap": true
            },
            {
              "Domain": "5201819hn.com",
              "First": 1574269587072,
              "Last": 1574269587072,
              "Overlap": true
            },
            {
              "Domain": "acesstv.com",
              "First": 1574395197484,
              "Last": 1574395197484,
              "Overlap": true
            },
            {
              "Domain": "actajv.com",
              "First": 1574405117808,
              "Last": 1574405117808,
              "Overlap": true
            },
            {
              "Domain": "akibazz.com",
              "First": 1574489056249,
              "Last": 1574489056249,
              "Overlap": true
            },
            {
              "Domain": "airflow3d.com",
              "First": 1574475244700,
              "Last": 1574475244700,
              "Overlap": true
            },
            {
              "Domain": "alpentv.com",
              "First": 1574524118833,
              "Last": 1574524118833,
              "Overlap": true
            },
            {
              "Domain": "amandab14.com",
              "First": 1574534432148,
              "Last": 1574534432148,
              "Overlap": true
            },
            {
              "Domain": "arklestuff.com",
              "First": 1574625641440,
              "Last": 1574625641440,
              "Overlap": true
            },
            {
              "Domain": "avisvip.com",
              "First": 1574708366340,
              "Last": 1574708366340,
              "Overlap": true
            },
            {
              "Domain": "b7fc.com",
              "First": 1574743958827,
              "Last": 1574743958827,
              "Overlap": true
            },
            {
              "Domain": "axandjub.com",
              "First": 1574721305530,
              "Last": 1574721305530,
              "Overlap": true
            },
            {
              "Domain": "bizkidsu.com",
              "First": 1574879479744,
              "Last": 1574879479744,
              "Overlap": true
            },
            {
              "Domain": "buleinfo.com",
              "First": 1574987136183,
              "Last": 1574987136183,
              "Overlap": true
            },
            {
              "Domain": "cdnorberg.com",
              "First": 1575077307786,
              "Last": 1575077307786,
              "Overlap": true
            },
            {
              "Domain": "crm2018.com",
              "First": 1575244018047,
              "Last": 1575244018047,
              "Overlap": true
            },
            {
              "Domain": "crestmkx.com",
              "First": 1575239525759,
              "Last": 1575239525759,
              "Overlap": true
            },
            {
              "Domain": "dcapsllc.com",
              "First": 1575338270753,
              "Last": 1575338270753,
              "Overlap": true
            },
            {
              "Domain": "dezoysa.com",
              "First": 1575385989789,
              "Last": 1575385989789,
              "Overlap": true
            },
            {
              "Domain": "depannalp.com",
              "First": 1575370964275,
              "Last": 1575370964275,
              "Overlap": true
            },
            {
              "Domain": "digalap.com",
              "First": 1575406771804,
              "Last": 1575406771804,
              "Overlap": true
            },
            {
              "Domain": "domisof39.com",
              "First": 1575459289033,
              "Last": 1575459289033,
              "Overlap": true
            },
            {
              "Domain": "drewology.com",
              "First": 1575486969836,
              "Last": 1575486969836,
              "Overlap": true
            },
            {
              "Domain": "drlivre.com",
              "First": 1575496060070,
              "Last": 1575496060070,
              "Overlap": true
            },
            {
              "Domain": "eatritega.com",
              "First": 1575558587317,
              "Last": 1575558587317,
              "Overlap": true
            },
            {
              "Domain": "esgww.com",
              "First": 1575710348489,
              "Last": 1575710348489,
              "Overlap": true
            },
            {
              "Domain": "evalapply.com",
              "First": 1575738819460,
              "Last": 1575738819460,
              "Overlap": true
            },
            {
              "Domain": "exportuj.com",
              "First": 1575759997278,
              "Last": 1575759997278,
              "Overlap": true
            },
            {
              "Domain": "ezfliks.com",
              "First": 1575768141361,
              "Last": 1575768141361,
              "Overlap": true
            },
            {
              "Domain": "eyanto.com",
              "First": 1575764253112,
              "Last": 1575764253112,
              "Overlap": true
            },
            {
              "Domain": "fengshui21.com",
              "First": 1575825826704,
              "Last": 1575825826704,
              "Overlap": true
            },
            {
              "Domain": "fs2mail.com",
              "First": 1575930053746,
              "Last": 1575930053746,
              "Overlap": true
            },
            {
              "Domain": "gr8spas.com",
              "First": 1576110660835,
              "Last": 1576110660835,
              "Overlap": true
            },
            {
              "Domain": "hcm2016.com",
              "First": 1576220751716,
              "Last": 1576220751716,
              "Overlap": true
            },
            {
              "Domain": "hwniao.site",
              "First": 1581864912493,
              "Last": 1581864912493,
              "Overlap": true
            },
            {
              "Domain": "onzidi.site",
              "First": 1582577011537,
              "Last": 1582577011537,
              "Overlap": true
            },
            {
              "Domain": "qxshome.com",
              "First": 1585796080866,
              "Last": 1611940639692,
              "Overlap": true
            },
            {
              "Domain": "boeing.co.il",
              "First": 1473577080050,
              "Last": 1629077004933,
              "Overlap": true
            },
            {
              "Domain": "praxeuc.pt",
              "First": 1592771648981,
              "Last": 1598671854203,
              "Overlap": true
            },
            {
              "Domain": "jinbao56.com",
              "First": 1594444777193,
              "Last": 1631975950155,
              "Overlap": true
            },
            {
              "Domain": "0997dj.com",
              "First": 1599732765153,
              "Last": 1602625063696,
              "Overlap": true
            },
            {
              "Domain": "huanpingtek.com",
              "First": 1601225731216,
              "Last": 1631622077899,
              "Overlap": true
            },
            {
              "Domain": "bcyp782.cn",
              "First": 1601406179985,
              "Last": 1603049377815,
              "Overlap": true
            },
            {
              "Domain": "protectsantasusana.com",
              "First": 1601980562001,
              "Last": 1630220984276,
              "Overlap": true
            },
            {
              "Domain": "wechildren.cn",
              "First": 1603770239872,
              "Last": 1618017777318,
              "Overlap": true
            },
            {
              "Domain": "news.jeppesen.com",
              "First": 1605099018393,
              "Last": 1628082277085,
              "Overlap": true
            },
            {
              "Domain": "healthpartnershipoptions.com",
              "First": 1606805274720,
              "Last": 1631464359603,
              "Overlap": true
            },
            {
              "Domain": "speeahealthpartnership.com",
              "First": 1607818274219,
              "Last": 1634213010326,
              "Overlap": true
            },
            {
              "Domain": "preferences.watchusfly.com",
              "First": 1608176127489,
              "Last": 1634922310354,
              "Overlap": true
            },
            {
              "Domain": "boeing.mediaroom.com",
              "First": 1623484715208,
              "Last": 1628080447135,
              "Overlap": true
            },
            {
              "Domain": "szzxwh.com",
              "First": 1627584397600,
              "Last": 1627584397600,
              "Overlap": true
            },
            {
              "Domain": "secure.boeingimages.com",
              "First": 1628121159741,
              "Last": 1628121159741,
              "Overlap": true
            }
          ]
        },
        {
          "Type": "ip",
          "Value": "130.76.20.126",
          "First": 1502751600000,
          "Last": 1519945200000,
          "Matches": []
        },
        {
          "Type": "ip",
          "Value": "www.lb.boeing.com.",
          "First": 1507590000000,
          "Last": 1519945200000,
          "Matches": []
        },
        {
          "Type": "ip",
          "Value": "130.76.184.142",
          "First": 1507590000000,
          "Last": 1614844800000,
          "Matches": []
        },
        {
          "Type": "ip",
          "Value": "130.76.96.17",
          "First": 1507590000000,
          "Last": 1517871600000,
          "Matches": []
        },
        {
          "Type": "ip",
          "Value": "130.76.96.19",
          "First": 1507590000000,
          "Last": 1515193200000,
          "Matches": []
        },
        {
          "Type": "ip",
          "Value": "130.76.184.138",
          "First": 1510009200000,
          "Last": 1628085015622,
          "Matches": []
        },
        {
          "Type": "ip",
          "Value": "130.76.184.139",
          "First": 1510009200000,
          "Last": 1614844800000,
          "Matches": []
        },
        {
          "Type": "ip",
          "Value": "130.76.96.25",
          "First": 1511218800000,
          "Last": 1517871600000,
          "Matches": []
        },
        {
          "Type": "coremetrics",
          "Value": "51680000|Boeing.comEXTERNAL",
          "First": 1511969011118,
          "Last": 1511969011118,
          "Matches": [
            {
              "Domain": "boeingshanghaiaviationservices.com.hk",
              "First": 1504279668973,
              "Last": 1504279668973,
              "Overlap": false
            },
            {
              "Domain": "mdc.com",
              "First": 1528434294751,
              "Last": 1528434294751,
              "Overlap": false
            },
            {
              "Domain": "myboeing.com",
              "First": 1524519331612,
              "Last": 1524519331612,
              "Overlap": false
            },
            {
              "Domain": "seabasedradar.com",
              "First": 1524486325500,
              "Last": 1524486325500,
              "Overlap": false
            },
            {
              "Domain": "boeing-shanghai.com.hk",
              "First": 1524510275596,
              "Last": 1524510275596,
              "Overlap": false
            },
            {
              "Domain": "boeingshanghai.com.hk",
              "First": 1524510275596,
              "Last": 1524510275596,
              "Overlap": false
            },
            {
              "Domain": "bsas.com.hk",
              "First": 1524510275596,
              "Last": 1524510275596,
              "Overlap": false
            },
            {
              "Domain": "boeingteam.net",
              "First": 1524510275596,
              "Last": 1524510275596,
              "Overlap": false
            },
            {
              "Domain": "boeing.net",
              "First": 1524510275596,
              "Last": 1524510275596,
              "Overlap": false
            },
            {
              "Domain": "boeinginternational.com",
              "First": 1524510275596,
              "Last": 1524510275596,
              "Overlap": false
            },
            {
              "Domain": "boeingshanghai.hk",
              "First": 1524510275596,
              "Last": 1524510275596,
              "Overlap": false
            },
            {
              "Domain": "boeing-sc.com",
              "First": 1524510275596,
              "Last": 1524510275596,
              "Overlap": false
            },
            {
              "Domain": "cputech.com",
              "First": 1528412505288,
              "Last": 1528412505288,
              "Overlap": false
            }
          ]
        },
        {
          "Type": "ip",
          "Value": "130.76.22.18",
          "First": 1519081200000,
          "Last": 1619074800000,
          "Matches": []
        },
        {
          "Type": "ip",
          "Value": "130.76.22.19",
          "First": 1519081200000,
          "Last": 1623490561001,
          "Matches": []
        },
        {
          "Type": "ip",
          "Value": "130.76.22.20",
          "First": 1519686000000,
          "Last": 1614844800000,
          "Matches": []
        },
        {
          "Type": "addthis",
          "Value": "boeing2016",
          "First": 1519858800000,
          "Last": 1634901060402,
          "Matches": [
            {
              "Domain": "jobs-boeing.com",
              "First": 1358254800000,
              "Last": 1395838800000,
              "Overlap": false
            },
            {
              "Domain": "boeing.es",
              "First": 1422968400000,
              "Last": 1629077004933,
              "Overlap": true
            },
            {
              "Domain": "boeing.com.au",
              "First": 1428066000000,
              "Last": 1629077004933,
              "Overlap": true
            },
            {
              "Domain": "boeing.jp",
              "First": 1428066000000,
              "Last": 1629077004933,
              "Overlap": true
            },
            {
              "Domain": "boeing-me.com",
              "First": 1433340000000,
              "Last": 1540245759652,
              "Overlap": true
            },
            {
              "Domain": "boeing.co.uk",
              "First": 1435759200000,
              "Last": 1629077004933,
              "Overlap": true
            },
            {
              "Domain": "boeing.co.in",
              "First": 1443621600000,
              "Last": 1629077004933,
              "Overlap": true
            },
            {
              "Domain": "boeing.com.br",
              "First": 1448974800000,
              "Last": 1629077004933,
              "Overlap": true
            },
            {
              "Domain": "boeing.com.tr",
              "First": 1456923600000,
              "Last": 1629077004933,
              "Overlap": true
            },
            {
              "Domain": "boeing.de",
              "First": 1464156826135,
              "Last": 1629077004933,
              "Overlap": true
            },
            {
              "Domain": "boeing.co.kr",
              "First": 1464156826135,
              "Last": 1629077004933,
              "Overlap": true
            },
            {
              "Domain": "boeingitaly.it",
              "First": 1464157208901,
              "Last": 1629076547284,
              "Overlap": true
            },
            {
              "Domain": "boeing.ru",
              "First": 1468384228738,
              "Last": 1533434610415,
              "Overlap": true
            },
            {
              "Domain": "boeing.fr",
              "First": 1468384228738,
              "Last": 1629077004933,
              "Overlap": true
            },
            {
              "Domain": "boeing.ca",
              "First": 1485401881825,
              "Last": 1533434610415,
              "Overlap": true
            },
            {
              "Domain": "mdc.com",
              "First": 1519858800000,
              "Last": 1520290800000,
              "Overlap": true
            },
            {
              "Domain": "boeingsuppliers.com",
              "First": 1519858800000,
              "Last": 1583610299650,
              "Overlap": true
            },
            {
              "Domain": "boeingsupplier.com",
              "First": 1531886888575,
              "Last": 1534243294699,
              "Overlap": true
            },
            {
              "Domain": "gnieob.com",
              "First": 1532187089885,
              "Last": 1626864514915,
              "Overlap": true
            },
            {
              "Domain": "feigefu.com",
              "First": 1549283165896,
              "Last": 1581568189461,
              "Overlap": true
            },
            {
              "Domain": "buildsomethingbetter.com",
              "First": 1559488916460,
              "Last": 1586508795013,
              "Overlap": true
            },
            {
              "Domain": "boeing.co.il",
              "First": 1464157523197,
              "Last": 1629077004933,
              "Overlap": true
            },
            {
              "Domain": "tzbell.com",
              "First": 1593552470572,
              "Last": 1602269744515,
              "Overlap": true
            },
            {
              "Domain": "0997dj.com",
              "First": 1601265380913,
              "Last": 1602625063696,
              "Overlap": true
            },
            {
              "Domain": "bcyp782.cn",
              "First": 1601406179985,
              "Last": 1603049377815,
              "Overlap": true
            },
            {
              "Domain": "protectsantasusana.com",
              "First": 1601980562001,
              "Last": 1633439650149,
              "Overlap": true
            },
            {
              "Domain": "xyftlive.com",
              "First": 1607696518300,
              "Last": 1627973375678,
              "Overlap": true
            },
            {
              "Domain": "396tqsafe.com",
              "First": 1608328552363,
              "Last": 1614244259637,
              "Overlap": true
            },
            {
              "Domain": "jinbao56.com",
              "First": 1625300385314,
              "Last": 1625300385314,
              "Overlap": true
            },
            {
              "Domain": "szzxwh.com",
              "First": 1627584397600,
              "Last": 1627584397600,
              "Overlap": true
            }
          ]
        },
        {
          "Type": "coremetrics",
          "Value": "51680000",
          "First": 1519858800000,
          "Last": 1545918972861,
          "Matches": [
            {
              "Domain": "sk-solutions.in",
              "First": 1458565200000,
              "Last": 1528373154891,
              "Overlap": true
            },
            {
              "Domain": "boeingsuppliers.com",
              "First": 1519858800000,
              "Last": 1546030870686,
              "Overlap": true
            },
            {
              "Domain": "mdc.com",
              "First": 1519858800000,
              "Last": 1533878048743,
              "Overlap": true
            },
            {
              "Domain": "beyondearth.com",
              "First": 1519858800000,
              "Last": 1533682800000,
              "Overlap": true
            },
            {
              "Domain": "watchusfly.com",
              "First": 1519858800000,
              "Last": 1520290800000,
              "Overlap": true
            },
            {
              "Domain": "boeing.com.au",
              "First": 1519858800000,
              "Last": 1533434610415,
              "Overlap": true
            },
            {
              "Domain": "boeing-me.com",
              "First": 1519858800000,
              "Last": 1547498526964,
              "Overlap": true
            },
            {
              "Domain": "boeing.co.in",
              "First": 1519858800000,
              "Last": 1547498646169,
              "Overlap": true
            },
            {
              "Domain": "boeing.es",
              "First": 1519858800000,
              "Last": 1533434610415,
              "Overlap": true
            },
            {
              "Domain": "boeing.jp",
              "First": 1519858800000,
              "Last": 1532991600000,
              "Overlap": true
            },
            {
              "Domain": "boeing.de",
              "First": 1530985810367,
              "Last": 1533434610415,
              "Overlap": true
            },
            {
              "Domain": "gobcss.com",
              "First": 1531039883460,
              "Last": 1584712708619,
              "Overlap": true
            },
            {
              "Domain": "boeingsupplier.com",
              "First": 1531886888575,
              "Last": 1534243294699,
              "Overlap": true
            },
            {
              "Domain": "boeingitaly.it",
              "First": 1531887288645,
              "Last": 1547498875086,
              "Overlap": true
            },
            {
              "Domain": "boeing.co.uk",
              "First": 1531887288645,
              "Last": 1533434610415,
              "Overlap": true
            },
            {
              "Domain": "boeing.fr",
              "First": 1531887288645,
              "Last": 1533434610415,
              "Overlap": true
            },
            {
              "Domain": "boeing.com.tr",
              "First": 1531887288645,
              "Last": 1533434610415,
              "Overlap": true
            },
            {
              "Domain": "boeing.co.kr",
              "First": 1531887288645,
              "Last": 1533434610415,
              "Overlap": true
            },
            {
              "Domain": "boeing.com.br",
              "First": 1531887288645,
              "Last": 1533434610415,
              "Overlap": true
            },
            {
              "Domain": "boeing.ru",
              "First": 1531887288645,
              "Last": 1533434610415,
              "Overlap": true
            },
            {
              "Domain": "boeing.ca",
              "First": 1531887288645,
              "Last": 1547498646169,
              "Overlap": true
            },
            {
              "Domain": "gnieob.com",
              "First": 1532187089885,
              "Last": 1533648097274,
              "Overlap": true
            },
            {
              "Domain": "feigefu.com",
              "First": 1581568189461,
              "Last": 1581568189461,
              "Overlap": false
            },
            {
              "Domain": "boeing.co.il",
              "First": 1531887288645,
              "Last": 1547498646169,
              "Overlap": true
            }
          ]
        },
        {
          "Type": "google-analytics",
          "Value": "20341189",
          "First": 1530790262813,
          "Last": 1583586276906,
          "Matches": [
            {
              "Domain": "jobs.boeing.com",
              "First": 1458565200000,
              "Last": 1528271506221,
              "Overlap": false
            },
            {
              "Domain": "jobs-boeing.com",
              "First": 1315144800000,
              "Last": 1485461102009,
              "Overlap": false
            },
            {
              "Domain": "m.jobs-boeing.com",
              "First": 1511945407177,
              "Last": 1524502314307,
              "Overlap": false
            }
          ]
        },
        {
          "Type": "google-analytics",
          "Value": "67735450",
          "First": 1530790262813,
          "Last": 1583586276906,
          "Matches": [
            {
              "Domain": "investors.boeing.com",
              "First": 1458565200000,
              "Last": 1502242713564,
              "Overlap": false
            }
          ]
        },
        {
          "Type": "google-tag-manager",
          "Value": "P44DFH",
          "First": 1530790262813,
          "Last": 1583586276906,
          "Matches": [
            {
              "Domain": "jobs.boeing.com",
              "First": 1464157188082,
              "Last": 1528271506221,
              "Overlap": false
            },
            {
              "Domain": "m.jobs-boeing.com",
              "First": 1511945407177,
              "Last": 1524502314307,
              "Overlap": false
            }
          ]
        },
        {
          "Type": "newrelic",
          "Value": "4b6f7f959c",
          "First": 1530790262813,
          "Last": 1583586276906,
          "Matches": []
        },
        {
          "Type": "hotjar",
          "Value": "439355",
          "First": 1530790262813,
          "Last": 1574055538649,
          "Matches": [
            {
              "Domain": "new-rules.org",
              "First": 1329742800000,
              "Last": 1537779921639,
              "Overlap": true
            },
            {
              "Domain": "autovisio.com.ua",
              "First": 1367190000000,
              "Last": 1389049200000,
              "Overlap": false
            },
            {
              "Domain": "jobs.boeing.com",
              "First": 1493204548227,
              "Last": 1528271506221,
              "Overlap": false
            },
            {
              "Domain": "m.jobs-boeing.com",
              "First": 1511945407177,
              "Last": 1524502314307,
              "Overlap": false
            }
          ]
        },
        {
          "Type": "bizo",
          "Value": "30009",
          "First": 1530790262813,
          "Last": 1583586276906,
          "Matches": [
            {
              "Domain": "m.jobs-boeing.com",
              "First": 1524502314307,
              "Last": 1524502314307,
              "Overlap": false
            },
            {
              "Domain": "jobs.boeing.com",
              "First": 1524502314307,
              "Last": 1528271506221,
              "Overlap": false
            }
          ]
        },
        {
          "Type": "ip",
          "Value": "63.131.135.125",
          "First": 1532943309878,
          "Last": 1586508209864,
          "Matches": []
        },
        {
          "Type": "ip",
          "Value": "216.146.46.11",
          "First": 1532947733979,
          "Last": 1583581976292,
          "Matches": []
        },
        {
          "Type": "ip",
          "Value": "216.146.46.10",
          "First": 1532991600000,
          "Last": 1583581976292,
          "Matches": []
        },
        {
          "Type": "ip",
          "Value": "63.239.232.4",
          "First": 1533235123873,
          "Last": 1533235123873,
          "Matches": []
        },
        {
          "Type": "ip",
          "Value": "63.239.232.20",
          "First": 1533235123873,
          "Last": 1533235123873,
          "Matches": []
        },
        {
          "Type": "ip",
          "Value": "69.172.200.241",
          "First": 1533235123873,
          "Last": 1554979019718,
          "Matches": []
        },
        {
          "Type": "ip",
          "Value": "130.76.44.20",
          "First": 1533235123873,
          "Last": 1539477931454,
          "Matches": []
        },
        {
          "Type": "ip",
          "Value": "162.215.252.78",
          "First": 1533434415546,
          "Last": 1533434415546,
          "Matches": []
        },
        {
          "Type": "ip",
          "Value": "185.71.216.45",
          "First": 1533434151040,
          "Last": 1574919682048,
          "Matches": []
        },
        {
          "Type": "ip",
          "Value": "23.215.15.206",
          "First": 1533805394803,
          "Last": 1533805394803,
          "Matches": []
        },
        {
          "Type": "ip",
          "Value": "23.215.15.191",
          "First": 1533805394803,
          "Last": 1533805394803,
          "Matches": []
        },
        {
          "Type": "ip",
          "Value": "23.59.188.89",
          "First": 1535645024730,
          "Last": 1535645024730,
          "Matches": []
        },
        {
          "Type": "ip",
          "Value": "23.59.188.50",
          "First": 1535645024730,
          "Last": 1535645024730,
          "Matches": []
        },
        {
          "Type": "ip",
          "Value": "184.28.188.16",
          "First": 1535758685473,
          "Last": 1539477931454,
          "Matches": []
        },
        {
          "Type": "ip",
          "Value": "184.84.242.113",
          "First": 1535758685473,
          "Last": 1539477931454,
          "Matches": []
        },
        {
          "Type": "ip",
          "Value": "165.160.13.20",
          "First": 1540246007097,
          "Last": 1540246007097,
          "Matches": []
        },
        {
          "Type": "ip",
          "Value": "165.160.15.20",
          "First": 1540246007097,
          "Last": 1540246007097,
          "Matches": []
        },
        {
          "Type": "ip",
          "Value": "173.223.52.82",
          "First": 1545918972861,
          "Last": 1545918972861,
          "Matches": []
        },
        {
          "Type": "ip",
          "Value": "173.223.52.120",
          "First": 1545918972861,
          "Last": 1545918972861,
          "Matches": []
        },
        {
          "Type": "ip",
          "Value": "104.42.53.248",
          "First": 1545918972861,
          "Last": 1586505458752,
          "Matches": []
        },
        {
          "Type": "ip",
          "Value": "162.255.119.213",
          "First": 1546634803783,
          "Last": 1546634803783,
          "Matches": []
        },
        {
          "Type": "ip",
          "Value": "23.60.106.187",
          "First": 1554979019718,
          "Last": 1554979019718,
          "Matches": []
        },
        {
          "Type": "ip",
          "Value": "23.60.106.177",
          "First": 1554979019718,
          "Last": 1554979019718,
          "Matches": []
        },
        {
          "Type": "ip",
          "Value": "184.168.131.241",
          "First": 1555790536513,
          "Last": 1555790536513,
          "Matches": []
        },
        {
          "Type": "ip",
          "Value": "69.172.200.252",
          "First": 1563649677111,
          "Last": 1586505458752,
          "Matches": []
        },
        {
          "Type": "ip",
          "Value": "23.50.225.227",
          "First": 1563649677111,
          "Last": 1579681190016,
          "Matches": []
        },
        {
          "Type": "ip",
          "Value": "23.50.225.208",
          "First": 1563649677111,
          "Last": 1579681190016,
          "Matches": []
        },
        {
          "Type": "ip",
          "Value": "104.76.198.177",
          "First": 1574055538649,
          "Last": 1574055538649,
          "Matches": []
        },
        {
          "Type": "ip",
          "Value": "104.76.198.170",
          "First": 1574055538649,
          "Last": 1574055538649,
          "Matches": []
        },
        {
          "Type": "ip",
          "Value": "74.208.236.5",
          "First": 1580473486855,
          "Last": 1586946511124,
          "Matches": []
        },
        {
          "Type": "ip",
          "Value": "23.46.238.88",
          "First": 1583586276906,
          "Last": 1583586276906,
          "Matches": []
        },
        {
          "Type": "ip",
          "Value": "23.46.238.106",
          "First": 1583586276906,
          "Last": 1583586276906,
          "Matches": []
        },
        {
          "Type": "ip",
          "Value": "216.239.34.21",
          "First": 1584988008879,
          "Last": 1584988008879,
          "Matches": []
        },
        {
          "Type": "ip",
          "Value": "216.239.36.21",
          "First": 1584988008879,
          "Last": 1584988008879,
          "Matches": []
        },
        {
          "Type": "ip",
          "Value": "216.239.32.21",
          "First": 1584988008879,
          "Last": 1584988008879,
          "Matches": []
        },
        {
          "Type": "ip",
          "Value": "216.239.38.21",
          "First": 1584988008879,
          "Last": 1584988008879,
          "Matches": []
        },
        {
          "Type": "ip",
          "Value": "217.212.224.187",
          "First": 1586505458752,
          "Last": 1586505458752,
          "Matches": []
        },
        {
          "Type": "ip",
          "Value": "217.212.252.121",
          "First": 1586505458752,
          "Last": 1586505458752,
          "Matches": []
        }
      ]
    }
  ],
  "Errors": []
}