{
  "Results": [
    {
      "Result": {
        "IsDB": "True",
        "Spend": 20,
        "Paths": [
          {
            "Technologies": [
              {
                "Parent": "jQuery",
                "Categories": [
                  "jQuery Plugin"
                ],
                "IsPremium": "no",
                "Name": "jQuery NoConflict",
                "Description": "Return control of $ back to the other libraries with a call to $.noConflict().",
                "Link": "http://api.jquery.com/jQuery.noConflict/",
                "Tag": "javascript",
                "FirstDetected": 1381705200000,
                "LastDetected": 1531954800000
              },
              {
                "Categories": [
                  "Root Authority"
                ],
                "IsPremium": "no",
                "Name": "DigiCert SSL",
                "Description": "Certificate provided by DigiCert.",
                "Link": "http://www.digicert.com/",
                "Tag": "ssl",
                "FirstDetected": 1379286000000,
                "LastDetected": 1472425200000
              },
              {
                "Categories": [
                  "Application Performance",
                  "Audience Measurement",
                  "Visitor Count Tracking"
                ],
                "IsPremium": "no",
                "Name": "Google Analytics",
                "Description": "Google Analytics offers a host of compelling features and benefits for everyone from senior executives and advertising and marketing professionals to site owners and content developers.",
                "Link": "http://google.com/analytics",
                "Tag": "analytics",
                "FirstDetected": 1371942000000,
                "LastDetected": 1634540400000
              },
              {
                "IsPremium": "no",
                "Name": "Network Solutions DNS",
                "Description": "DNS services provided by Network Solutions.",
                "Link": "http://networksolutions.com",
                "Tag": "ns",
                "FirstDetected": 1371942000000,
                "LastDetected": 1634540400000
              },
              {
                "Categories": [
                  "Open Source"
                ],
                "IsPremium": "no",
                "Name": "Joomla!",
                "Description": "Joomla! is a Content Management System and Web Application Framework.",
                "Link": "http://joomla.org",
                "Tag": "cms",
                "FirstDetected": 1369922400000,
                "LastDetected": 1531954800000
              },
              {
                "Parent": "jQuery",
                "Categories": [
                  "JavaScript Library"
                ],
                "IsPremium": "no",
                "Name": "jQuery",
                "Description": "JQuery is a fast, concise, JavaScript Library that simplifies how you traverse HTML documents, handle events, perform animations, and add Ajax interactions to your web pages. jQuery is designed to change the way that you write JavaScript.",
                "Link": "http://jquery.com",
                "Tag": "javascript",
                "FirstDetected": 1369922400000,
                "LastDetected": 1634540400000
              },
              {
                "IsPremium": "no",
                "Name": "ASP.NET",
                "Description": "ASP.NET is a web application framework marketed by Microsoft that programmers can use to build dynamic web sites, web applications and XML web services. It is part of Microsoft's .NET platform and is the successor to Microsoft's Active Server Pages (ASP) technology.",
                "Link": "http://www.asp.net",
                "Tag": "framework",
                "FirstDetected": 1369922400000,
                "LastDetected": 1413154800000
              },
              {
                "Categories": [
                  "Compatibility"
                ],
                "IsPremium": "no",
                "Name": "html5shiv",
                "Description": "HTML5 IE enabling script shim.",
                "Link": "https://github.com/afarkas/html5shiv",
                "Tag": "javascript",
                "FirstDetected": 1369922400000,
                "LastDetected": 1531954800000
              },
              {
                "Parent": "IIS",
                "IsPremium": "no",
                "Name": "IIS 7",
                "Description": "Internet-based services for servers using Microsoft Windows.",
                "Link": "http://www.iis.net",
                "Tag": "Web Server",
                "FirstDetected": 1369922400000,
                "LastDetected": 1397862000000
              },
              {
                "IsPremium": "no",
                "Name": "PHP",
                "Description": "PHP is a widely used general-purpose scripting language that is especially suited for Web development and can be embedded into HTML.",
                "Link": "http://www.php.net",
                "Tag": "framework",
                "FirstDetected": 1369922400000,
                "LastDetected": 1531954800000
              },
              {
                "Categories": [
                  "JavaScript Library"
                ],
                "IsPremium": "no",
                "Name": "MooTools",
                "Description": "MooTools is a compact, modular, Object-Oriented JavaScript framework designed for the intermediate to advanced JavaScript developer. It allows you to write powerful, flexible and cross-browser code with its elegant, well documented and coherent API.",
                "Link": "http://mootools.net/",
                "Tag": "javascript",
                "FirstDetected": 1369922400000,
                "LastDetected": 1531954800000
              },
              {
                "IsPremium": "no",
                "Name": "IIS",
                "Description": "This website is running on a Microsoft IIS Server solution.",
                "Link": "http://www.microsoft.com/servers/home.mspx",
                "Tag": "Web Server",
                "FirstDetected": 1369922400000,
                "LastDetected": 1531954800000
              },
              {
                "Categories": [
                  "Cloud Hosting",
                  "Cloud PaaS"
                ],
                "IsPremium": "no",
                "Name": "Amazon",
                "Description": "This site is hosted on Amazon AWS EC2 Infrastructure.",
                "Link": "http://aws.amazon.com",
                "Tag": "hosting",
                "FirstDetected": 1369922400000,
                "LastDetected": 1397862000000
              },
              {
                "Categories": [
                  "Business Email Hosting"
                ],
                "IsPremium": "no",
                "Name": "Microsoft Exchange Online",
                "Description": "A rich hosted Exchange environment for every user without having to manage a server.",
                "Link": "http://www.microsoft.com/exchange/en-us/exchange-online-hosted-email.aspx",
                "Tag": "mx",
                "FirstDetected": 1362056400000,
                "LastDetected": 1634540400000
              },
              {
                "Categories": [
                  "Simple Website Builder"
                ],
                "IsPremium": "maybe",
                "Name": "Artisteer",
                "Description": "Web design automation product that  creates unique website templates and blog themes.",
                "Link": "http://www.artisteer.com/",
                "Tag": "cms",
                "FirstDetected": 1387148400000,
                "LastDetected": 1531954800000
              },
              {
                "IsPremium": "no",
                "Name": "SPF",
                "Description": "The Sender Policy Framework is an open standard specifying a technical method to prevent sender address forgery.",
                "Link": "http://www.openspf.org/",
                "Tag": "mx",
                "FirstDetected": 1397862000000,
                "LastDetected": 1634540400000
              },
              {
                "Parent": "IIS",
                "IsPremium": "no",
                "Name": "IIS 8",
                "Description": "Internet-based services for servers using Microsoft Windows.",
                "Link": "http://www.iis.net",
                "Tag": "Web Server",
                "FirstDetected": 1400454000000,
                "LastDetected": 1531954800000
              },
              {
                "Categories": [
                  "US hosting"
                ],
                "IsPremium": "no",
                "Name": "CoreExchange",
                "Description": "Half rack and full rack data center hosting.",
                "Link": "http://coreexchange.com",
                "Tag": "hosting",
                "FirstDetected": 1403046000000,
                "LastDetected": 1434841200000
              },
              {
                "IsPremium": "no",
                "Name": "Microsoft Azure DNS",
                "Description": "This domain is verified with Microsoft Azure.",
                "Link": "http://windowsazure.com",
                "Tag": "mx",
                "FirstDetected": 1410476400000,
                "LastDetected": 1634540400000
              },
              {
                "Categories": [
                  "US hosting"
                ],
                "IsPremium": "no",
                "Name": "Data Foundry",
                "Description": "PRemium co-location and managed services.",
                "Link": "http://datafoundry.com",
                "Tag": "hosting",
                "FirstDetected": 1442876400000,
                "LastDetected": 1531954800000
              },
              {
                "IsPremium": "no",
                "Name": "Viewport Meta",
                "Description": "This page uses the viewport meta tag which means the content may be optimized for mobile content.",
                "Link": "https://developers.google.com/speed/docs/insights/ConfigureViewport",
                "Tag": "mobile",
                "FirstDetected": 1442876400000,
                "LastDetected": 1634540400000
              },
              {
                "IsPremium": "no",
                "Name": "Slick",
                "Description": "Standalone CSS Selector Parser and Engine from MooTools.",
                "Link": "https://github.com/mootools/slick",
                "Tag": "javascript",
                "FirstDetected": 1448409600000,
                "LastDetected": 1531954800000
              },
              {
                "Parent": "Google Analytics",
                "IsPremium": "no",
                "Name": "Google Universal Analytics",
                "Description": "The analytics.js JavaScript snippet is a new way to measure how users interact with your website. It is similar to the previous Google tracking code, ga.js, but offers more flexibility for developers to customize their implementations.",
                "Link": "https://developers.google.com/analytics/devguides/collection/analyticsjs/",
                "Tag": "analytics",
                "FirstDetected": 1448409600000,
                "LastDetected": 1634540400000
              },
              {
                "Parent": "jQuery",
                "Categories": [
                  "Compatibility"
                ],
                "IsPremium": "no",
                "Name": "jQuery Migrate",
                "Description": "APIs and features removed from jQuery core",
                "Link": "https://github.com/jquery/jquery-migrate",
                "Tag": "javascript",
                "FirstDetected": 1505084400000,
                "LastDetected": 1505084400000
              },
              {
                "Categories": [
                  "Marketing Automation"
                ],
                "IsPremium": "yes",
                "Name": "Hubspot",
                "Description": "Hubspot provides marketing information and leads via inbounding marketing software.",
                "Link": "http://www.hubspot.com",
                "Tag": "analytics",
                "FirstDetected": 1563318000000,
                "LastDetected": 1574290800000
              },
              {
                "Categories": [
                  "US hosting",
                  "Cloud Hosting",
                  "Cloud PaaS"
                ],
                "IsPremium": "no",
                "Name": "Cloudflare Hosting",
                "Description": "Supercharged web hosting service.",
                "Link": "http://cloudflare.com",
                "Tag": "hosting",
                "FirstDetected": 1563318000000,
                "LastDetected": 1574290800000
              },
              {
                "Parent": "jQuery",
                "IsPremium": "no",
                "Name": "jQuery 1.7.1",
                "Description": "jQuery version 1.7.1",
                "Link": "http://blog.jquery.com/2011/11/21/jquery-1-7-1-released/",
                "Tag": "javascript",
                "FirstDetected": 1567551600000,
                "LastDetected": 1577142000000
              },
              {
                "IsPremium": "no",
                "Name": "IPhone / Mobile Compatible",
                "Description": "The website contains code that allows the page to support IPhone / Mobile Content.",
                "Link": "http://apple.com",
                "Tag": "mobile",
                "FirstDetected": 1567551600000,
                "LastDetected": 1634540400000
              },
              {
                "IsPremium": "no",
                "Name": "MSN/Bing Webmaster",
                "Description": "Site registered at MSN/Bing Webmaster.",
                "Link": "http://webmaster.live.com",
                "Tag": "Web Master",
                "FirstDetected": 1567551600000,
                "LastDetected": 1577142000000
              },
              {
                "IsPremium": "yes",
                "Name": "HubSpot COS",
                "Description": "Build a website that integrated with Hubspot marketing tools.",
                "Link": "https://www.hubspot.com/products/marketing/content-optimization-system",
                "Tag": "cms",
                "FirstDetected": 1567551600000,
                "LastDetected": 1604444400000
              },
              {
                "Categories": [
                  "Fonts"
                ],
                "IsPremium": "no",
                "Name": "Google Font API",
                "Description": "The Google Font API helps you add web fonts to any web page.",
                "Link": "https://fonts.google.com",
                "Tag": "widgets",
                "FirstDetected": 1567551600000,
                "LastDetected": 1634540400000
              },
              {
                "IsPremium": "no",
                "Name": "Content Delivery Network",
                "Description": "This page contains links that give the impression that some of the site contents are stored on a content delivery network.",
                "Link": "http://en.wikipedia.org/wiki/Content_Delivery_Network",
                "Tag": "CDN",
                "FirstDetected": 1567551600000,
                "LastDetected": 1577142000000
              },
              {
                "IsPremium": "no",
                "Name": "BootstrapCDN",
                "Description": "Bootstrap CDN system - encompasses MaxCDN, NetDNA and Stackpath - donated to jsDelivr.",
                "Link": "http://www.bootstrapcdn.com/",
                "Tag": "cdn",
                "FirstDetected": 1567551600000,
                "LastDetected": 1577142000000
              },
              {
                "Categories": [
                  "Fonts"
                ],
                "IsPremium": "no",
                "Name": "Font Awesome",
                "Description": "Iconic font and CSS toolkit.",
                "Link": "http://fontawesome.io",
                "Tag": "widgets",
                "FirstDetected": 1567551600000,
                "LastDetected": 1577142000000
              },
              {
                "Parent": "Hubspot",
                "Categories": [
                  "Conversion Optimization"
                ],
                "IsPremium": "yes",
                "Name": "HubSpot Call to Actions",
                "Description": "Create personalized calls-to-action that are designed to convert and measure them.",
                "Link": "https://www.hubspot.com/products/marketing/calls-to-action",
                "Tag": "analytics",
                "FirstDetected": 1567551600000,
                "LastDetected": 1577142000000
              },
              {
                "Parent": "Hubspot",
                "Categories": [
                  "Marketing Automation"
                ],
                "IsPremium": "yes",
                "Name": "Hubspot Forms",
                "Description": "Marketing automation form feedback into Hubspot tool.",
                "Link": "http://www.hubspot.com/products/forms",
                "Tag": "analytics",
                "FirstDetected": 1567551600000,
                "LastDetected": 1577142000000
              },
              {
                "IsPremium": "no",
                "Name": "Cloudflare",
                "Description": "Automatically optimizes the delivery of your web pages so your visitors get the fastest page load times and best performance.",
                "Link": "http://www.cloudflare.com/",
                "Tag": "cdn",
                "FirstDetected": 1567551600000,
                "LastDetected": 1577142000000
              },
              {
                "IsPremium": "no",
                "Name": "SSL by Default",
                "Description": "The website redirects traffic to an HTTPS/SSL version by default.",
                "Link": "http://trends.builtwith.com/ssl",
                "Tag": "ssl",
                "FirstDetected": 1567551600000,
                "LastDetected": 1634540400000
              },
              {
                "IsPremium": "no",
                "Name": "Common Name Invalid",
                "Description": "The Common Name/SAN value of this websites SSL certificate does not correspond to the domain name.",
                "Link": "https://www.leaderssl.com/articles/388-common-name-mismatch-error-effective-ways-to-solve-a-problem",
                "Tag": "ssl",
                "FirstDetected": 1571353200000,
                "LastDetected": 1574290800000
              },
              {
                "Categories": [
                  "WordPress Plugins"
                ],
                "IsPremium": "no",
                "Name": "Yoast Plugins",
                "Description": "SEO based plugins from Yoast.",
                "Link": "http://yoast.com/wordpress/seo/",
                "Tag": "widgets",
                "FirstDetected": 1582671600000,
                "LastDetected": 1604444400000
              },
              {
                "Parent": "Yoast WordPress SEO Plugin",
                "Categories": [
                  "WordPress Plugins"
                ],
                "IsPremium": "yes",
                "Name": "Yoast SEO Premium",
                "Description": "Premium version of the Yoast WordPress Plugin.",
                "Link": "https://yoast.com/wordpress/plugins/seo-premium/",
                "Tag": "widgets",
                "FirstDetected": 1582671600000,
                "LastDetected": 1604444400000
              },
              {
                "Parent": "Yoast Plugins",
                "Categories": [
                  "WordPress Plugins"
                ],
                "IsPremium": "no",
                "Name": "Yoast WordPress SEO Plugin",
                "Description": "Functionality that helps you optimize your pages content, images titles, meta descriptions and more.",
                "Link": "https://yoast.com/wordpress/plugins/seo/",
                "Tag": "widgets",
                "FirstDetected": 1582671600000,
                "LastDetected": 1604444400000
              },
              {
                "Categories": [
                  "Site Search"
                ],
                "IsPremium": "no",
                "Name": "Sitelinks Search Box",
                "Description": "With Google sitelinks search box, people can reach your content more quickly from search results.",
                "Link": "https://developers.google.com/webmasters/richsnippets/sitelinkssearch?utm_source=wmc-blog&utm_medium=direct-referral&utm_campaign=sitelinks-searchbox",
                "Tag": "widgets",
                "FirstDetected": 1582671600000,
                "LastDetected": 1604444400000
              },
              {
                "IsPremium": "no",
                "Name": "RSS",
                "Description": "A family of web feed formats used to publish frequently updated content such as blog entries, news headlines or podcasts.",
                "Link": "http://en.wikipedia.org/wiki/RSS_(file_format)",
                "Tag": "feeds",
                "FirstDetected": 1582671600000,
                "LastDetected": 1634540400000
              },
              {
                "Categories": [
                  "WordPress Plugins"
                ],
                "IsPremium": "maybe",
                "Name": "MonsterInsights",
                "Description": "Connect your WordPress site with Google Analytics.",
                "Link": "https://www.monsterinsights.com",
                "Tag": "widgets",
                "FirstDetected": 1582671600000,
                "LastDetected": 1604444400000
              },
              {
                "Categories": [
                  "Open Source",
                  "Blog"
                ],
                "IsPremium": "no",
                "Name": "WordPress",
                "Description": "WordPress is a state-of-the-art semantic personal publishing platform with a focus on aesthetics, web standards, and usability.",
                "Link": "http://wordpress.org",
                "Tag": "cms",
                "FirstDetected": 1582671600000,
                "LastDetected": 1634540400000
              },
              {
                "IsPremium": "no",
                "Name": "Wordpress Plugins",
                "Description": "Plugins are tools to extend the functionality of WordPress. The website uses various plugins from WordPress to provide additional functionality. Some of them may be listed here.",
                "Link": "http://codex.wordpress.org/Plugins",
                "Tag": "widgets",
                "FirstDetected": 1582671600000,
                "LastDetected": 1634540400000
              },
              {
                "IsPremium": "yes",
                "Name": "ThemeIsle",
                "Description": "Premium WordPress Themes, Templates & Plugins",
                "Link": "https://themeisle.com",
                "Tag": "widgets",
                "FirstDetected": 1582671600000,
                "LastDetected": 1604444400000
              },
              {
                "IsPremium": "no",
                "Name": "Really Simple Discovery",
                "Description": "Really Simple Discovery is a way to help client software find the services needed to read, edit, or \"work with\" weblogging software.",
                "Link": "http://cyber.law.harvard.edu/blogs/gems/tech/rsd.html",
                "Tag": "feeds",
                "FirstDetected": 1582671600000,
                "LastDetected": 1634540400000
              },
              {
                "IsPremium": "no",
                "Name": "Live Writer Support",
                "Description": "Windows Live Writer Tagging Support Schema",
                "Link": "http://windowslivewriter.spaces.live.com",
                "Tag": "feeds",
                "FirstDetected": 1582671600000,
                "LastDetected": 1634540400000
              },
              {
                "Parent": "WordPress",
                "IsPremium": "no",
                "Name": "WordPress 5.3",
                "Description": "WordPress version 5.3.*",
                "Link": "https://make.wordpress.org/core/5-3/",
                "Tag": "cms",
                "FirstDetected": 1582671600000,
                "LastDetected": 1583276400000
              },
              {
                "Categories": [
                  "Non Platform"
                ],
                "IsPremium": "no",
                "Name": "WooCommerce",
                "Description": "Transforms your WordPress website into an online store.",
                "Link": "https://woocommerce.com",
                "Tag": "shop",
                "FirstDetected": 1582671600000,
                "LastDetected": 1604444400000
              },
              {
                "IsPremium": "no",
                "Name": "Apple Mobile Web Clips Icon",
                "Description": "This page contains an icon for iPhone, iPad and iTouch devices.",
                "Link": "http://developer.apple.com/library/iOS/#documentation/AppleApplications/Reference/SafariWebContent/ConfiguringWebApplications/ConfiguringWebApplications.html",
                "Tag": "mobile",
                "FirstDetected": 1582671600000,
                "LastDetected": 1634540400000
              },
              {
                "Categories": [
                  "Feedback Forms and Surveys",
                  "WordPress Plugins"
                ],
                "IsPremium": "yes",
                "Name": "WPForms",
                "Description": "WPForms is a popular drag & drop WordPress form builder.",
                "Link": "https://wpforms.com",
                "Tag": "widgets",
                "FirstDetected": 1582671600000,
                "LastDetected": 1604444400000
              },
              {
                "Parent": "jQuery",
                "IsPremium": "no",
                "Name": "jQuery BlockUI",
                "Description": "jQuery BlockUI Plugin lets you simulate synchronous behavior when using AJAX, without locking the browser.",
                "Link": "http://jquery.malsup.com/block/",
                "Tag": "javascript",
                "FirstDetected": 1582671600000,
                "LastDetected": 1604444400000
              },
              {
                "Parent": "WooCommerce",
                "Categories": [
                  "Non Platform"
                ],
                "IsPremium": "no",
                "Name": "WooCommerce Add To Cart",
                "Description": "A WooCommerce store with an 'add to cart' button means it's more likely to be an actual eCommerce store.",
                "Link": "https://woocommerce.com",
                "Tag": "shop",
                "FirstDetected": 1582671600000,
                "LastDetected": 1604444400000
              },
              {
                "Parent": "jQuery",
                "Categories": [
                  "jQuery Plugin"
                ],
                "IsPremium": "no",
                "Name": "jQuery Validate",
                "Description": "JQuery Form Validation Plugin.",
                "Link": "http://jqueryvalidation.org",
                "Tag": "javascript",
                "FirstDetected": 1582671600000,
                "LastDetected": 1604444400000
              },
              {
                "IsPremium": "no",
                "Name": "Mailcheck",
                "Description": "A javascript library and jQuery plugin that suggests a right domain when your user misspells it in an email address.",
                "Link": "https://github.com/Kicksend/mailcheck",
                "Tag": "javascript",
                "FirstDetected": 1582671600000,
                "LastDetected": 1604444400000
              },
              {
                "IsPremium": "no",
                "Name": "nginx",
                "Description": "nginx [engine x] is a HTTP server and mail proxy server written by Igor Sysoev.",
                "Link": "http://nginx.net/",
                "Tag": "Web Server",
                "FirstDetected": 1582671600000,
                "LastDetected": 1634540400000
              },
              {
                "Categories": [
                  "Cloud Hosting",
                  "Dedicated Hosting",
                  "US hosting"
                ],
                "IsPremium": "no",
                "Name": "SingleHop",
                "Description": "Dedicated and cloud based hosting from the USA.",
                "Link": "http://www.singlehop.com",
                "Tag": "hosting",
                "FirstDetected": 1583276400000,
                "LastDetected": 1593385200000
              },
              {
                "Categories": [
                  "WordPress Plugins"
                ],
                "IsPremium": "no",
                "Name": "Elementor",
                "Description": "Page builder for WordPress",
                "Link": "https://elementor.com/",
                "Tag": "widgets",
                "FirstDetected": 1589410800000,
                "LastDetected": 1634540400000
              },
              {
                "Parent": "WordPress",
                "IsPremium": "no",
                "Name": "WordPress 5.4",
                "Description": "WordPress version 5.4.*",
                "Link": "https://make.wordpress.org/core/5-4/",
                "Tag": "cms",
                "FirstDetected": 1589410800000,
                "LastDetected": 1596841200000
              },
              {
                "Parent": "jQuery",
                "Categories": [
                  "jQuery Plugin"
                ],
                "IsPremium": "no",
                "Name": "jQuery UI Mouse",
                "Description": "jQuery mouse interaction library.",
                "Link": "http://api.jqueryui.com/mouse/",
                "Tag": "javascript",
                "FirstDetected": 1589410800000,
                "LastDetected": 1589842800000
              },
              {
                "IsPremium": "no",
                "Name": "Underscore.js",
                "Description": "Underscore is a utility-belt library for JavaScript that provides functional programming support.",
                "Link": "http://documentcloud.github.com/underscore/",
                "Tag": "javascript",
                "FirstDetected": 1589410800000,
                "LastDetected": 1589842800000
              },
              {
                "Categories": [
                  "JavaScript Library"
                ],
                "IsPremium": "no",
                "Name": "Backbone.js",
                "Description": "Backbone supplies structure to JavaScript-heavy applications.",
                "Link": "http://backbonejs.org/",
                "Tag": "javascript",
                "FirstDetected": 1589410800000,
                "LastDetected": 1589842800000
              },
              {
                "Categories": [
                  "JavaScript Library"
                ],
                "IsPremium": "no",
                "Name": "Marionette.js",
                "Description": "Backbone.Marionette is a composite application library for Backbone.js that aims to simplify the construction of large scale JavaScript applications.",
                "Link": "https://github.com/marionettejs/backbone.marionette",
                "Tag": "javascript",
                "FirstDetected": 1589410800000,
                "LastDetected": 1589842800000
              },
              {
                "Categories": [
                  "Framework"
                ],
                "IsPremium": "no",
                "Name": "core-js",
                "Description": "Modular standard library for JavaScript.",
                "Link": "https://github.com/zloirock/core-js",
                "Tag": "javascript",
                "FirstDetected": 1589410800000,
                "LastDetected": 1634540400000
              },
              {
                "IsPremium": "no",
                "Name": "Twemoji",
                "Description": "Twitter Emoji for Everyone",
                "Link": "https://github.com/twitter/twemoji",
                "Tag": "widgets",
                "FirstDetected": 1589410800000,
                "LastDetected": 1634540400000
              },
              {
                "Categories": [
                  "Feedback Forms and Surveys",
                  "WordPress Plugins"
                ],
                "IsPremium": "yes",
                "Name": "OptinMonster",
                "Description": "OptinMonster enables you to create professionally designed opt-in forms without writing code.",
                "Link": "http://optinmonster.com/",
                "Tag": "widgets",
                "FirstDetected": 1589410800000,
                "LastDetected": 1599116400000
              },
              {
                "Categories": [
                  "Root Authority"
                ],
                "IsPremium": "no",
                "Name": "LetsEncrypt",
                "Description": "Let\u2019s Encrypt is a free open Certificate Authority.",
                "Link": "https://letsencrypt.org",
                "Tag": "ssl",
                "FirstDetected": 1589410800000,
                "LastDetected": 1634540400000
              },
              {
                "Parent": "WooCommerce",
                "IsPremium": "no",
                "Name": "WooCommerce 4.2",
                "Description": "WooCommerce version 4.2.*",
                "Link": "http://woocommerce.com",
                "Tag": "shop",
                "FirstDetected": 1593385200000,
                "LastDetected": 1593385200000
              },
              {
                "Parent": "WordPress",
                "IsPremium": "no",
                "Name": "WordPress 5.5",
                "Description": "WordPress version 5.5.*",
                "Link": "http://codex.wordpress.org/Version_5.5",
                "Tag": "cms",
                "FirstDetected": 1597705200000,
                "LastDetected": 1604444400000
              },
              {
                "Categories": [
                  "Cloud Hosting"
                ],
                "IsPremium": "no",
                "Name": "Google Cloud",
                "Description": "Website hosted on Google Cloud Platform - includes Google Compute Engine.",
                "Link": "https://cloud.google.com",
                "Tag": "hosting",
                "FirstDetected": 1597705200000,
                "LastDetected": 1634540400000
              },
              {
                "Categories": [
                  "Cloud PaaS",
                  "US hosting"
                ],
                "IsPremium": "no",
                "Name": "Google",
                "Description": "Site hosted on Google infrastructure.",
                "Link": "http://google.com",
                "Tag": "hosting",
                "FirstDetected": 1597705200000,
                "LastDetected": 1634540400000
              },
              {
                "Parent": "WordPress",
                "IsPremium": "no",
                "Name": "WordPress 5.6",
                "Description": "WordPress version 5.6.*",
                "Link": "http://codex.wordpress.org/Version_5.6",
                "Tag": "cms",
                "FirstDetected": 1607932800000,
                "LastDetected": 1614931200000
              },
              {
                "Categories": [
                  "WordPress Theme"
                ],
                "IsPremium": "no",
                "Name": "Twenty Twenty",
                "Description": "WordPress new default theme for 2020.",
                "Link": "https://wordpress.org/themes/twentytwenty/",
                "Tag": "framework",
                "FirstDetected": 1607932800000,
                "LastDetected": 1634540400000
              },
              {
                "Parent": "jQuery",
                "Categories": [
                  "jQuery Plugin",
                  "UI"
                ],
                "IsPremium": "no",
                "Name": "jQuery UI",
                "Description": "jQuery UI provides abstractions for low-level interaction and animation, advanced effects and high-level, themeable widgets, built on top of the jQuery JavaScript Library, that you can use to build highly interactive web applications.",
                "Link": "http://jqueryui.com/",
                "Tag": "javascript",
                "FirstDetected": 1607932800000,
                "LastDetected": 1634540400000
              },
              {
                "IsPremium": "no",
                "Name": "Lightbox",
                "Description": "Lightbox JS is a simple, unobtrusive script used to overlay images on the current page. It's a snap to setup and works on all modern browsers.",
                "Link": "http://www.huddletogether.com/projects/lightbox/",
                "Tag": "javascript",
                "FirstDetected": 1607932800000,
                "LastDetected": 1634540400000
              },
              {
                "Parent": "jQuery",
                "IsPremium": "no",
                "Name": "jQuery Waypoints",
                "Description": "Waypoints is a small jQuery plugin that makes it easy to execute a function whenever you scroll to an element.",
                "Link": "http://imakewebthings.github.com/jquery-waypoints/",
                "Tag": "javascript",
                "FirstDetected": 1607932800000,
                "LastDetected": 1634540400000
              },
              {
                "Parent": "Elementor",
                "Categories": [
                  "WordPress Plugins"
                ],
                "IsPremium": "yes",
                "Name": "Elementor Pro",
                "Description": "Pro version of the Elementor page builder.",
                "Link": "https://elementor.com/pro/",
                "Tag": "widgets",
                "FirstDetected": 1607932800000,
                "LastDetected": 1634540400000
              },
              {
                "Categories": [
                  "CAPTCHA"
                ],
                "IsPremium": "no",
                "Name": "reCAPTCHA",
                "Description": "Anti-bot CAPTCHA widget from Google.",
                "Link": "https://www.google.com/recaptcha/intro/index.html",
                "Tag": "widgets",
                "FirstDetected": 1607932800000,
                "LastDetected": 1634540400000
              },
              {
                "Parent": "Google Cloud",
                "IsPremium": "no",
                "Name": "Google Cloud Iowa",
                "Description": "Google Cloud hosted in Iowa us-central1 Region.",
                "Link": "https://cloud.google.com",
                "Tag": "hosting",
                "FirstDetected": 1611129600000,
                "LastDetected": 1634540400000
              },
              {
                "Parent": "WordPress",
                "IsPremium": "no",
                "Name": "WordPress 5.7",
                "Description": "WordPress version 5.7.*",
                "Link": "http://codex.wordpress.org/Version_5.7",
                "Tag": "cms",
                "FirstDetected": 1617519600000,
                "LastDetected": 1623049200000
              },
              {
                "IsPremium": "no",
                "Name": "Webpack",
                "Description": "webpack takes modules with dependencies and generates static assets representing those modules.",
                "Link": "http://webpack.github.io/",
                "Tag": "javascript",
                "FirstDetected": 1617519600000,
                "LastDetected": 1634540400000
              },
              {
                "Parent": "WordPress",
                "IsPremium": "no",
                "Name": "WordPress 5.8",
                "Description": "WordPress version 5.8.*",
                "Link": "http://codex.wordpress.org/Version_5.8",
                "Tag": "cms",
                "FirstDetected": 1627628400000,
                "LastDetected": 1634540400000
              },
              {
                "IsPremium": "no",
                "Name": "Intersection Observer",
                "Description": "API that can be used to understand the visibility and position of DOM elements relative to a containing element or to the top-level viewport.",
                "Link": "https://www.w3.org/TR/intersection-observer/",
                "Tag": "javascript",
                "FirstDetected": 1634540400000,
                "LastDetected": 1634540400000
              }
            ],
            "FirstIndexed": 1362056400000,
            "LastIndexed": 1634540400000,
            "Domain": "thebroussardgroup.com",
            "Url": "",
            "SubDomain": ""
          },
          {
            "Technologies": [
              {
                "Categories": [
                  "Maps"
                ],
                "IsPremium": "no",
                "Name": "Google Maps",
                "Description": "Google maps embedded into the webpage.",
                "Link": "http://www.google.com/apis/maps/",
                "Tag": "mapping",
                "FirstDetected": 1621666800000,
                "LastDetected": 1634540400000
              }
            ],
            "FirstIndexed": 1621666800000,
            "LastIndexed": 1634540400000,
            "Domain": "thebroussardgroup.com",
            "Url": "dd",
            "SubDomain": ""
          }
        ]
      },
      "Meta": {
        "Majestic": 0,
        "Umbrella": 0,
        "Vertical": "Business And Industrial",
        "Social": [
          "http://facebook.com/thebroussardgroup"
        ],
        "CompanyName": "The Broussard Group LLC",
        "Telephones": [
          "+1-337-439-6600",
          "+1-877-284-2407",
          "+1-337-439-6647"
        ],
        "Emails": [
          "inquiry@thebroussardgroup.com"
        ],
        "City": "Lake Charles",
        "State": "LA",
        "Postcode": "70601",
        "Country": "US",
        "Names": [
          {
            "Name": "Ken Broussard",
            "Type": 2,
            "Email": ""
          },
          {
            "Name": "Todd Broussard",
            "Type": 1,
            "Email": ""
          },
          {
            "Name": "Ken Oakley",
            "Type": 1,
            "Email": ""
          },
          {
            "Name": "Micheal Goodwin",
            "Type": 1,
            "Email": ""
          },
          {
            "Name": "Rick Delrie",
            "Type": 0,
            "Email": ""
          },
          {
            "Name": "Jason Fuller",
            "Type": 1,
            "Email": ""
          }
        ],
        "ARank": 32428017,
        "QRank": -1
      },
      "Attributes": {
        "MJRank": 0,
        "MJTLDRank": 0,
        "RefSN": 0,
        "RefIP": 0,
        "Followers": 0,
        "Sitemap": 0,
        "GTMTags": 0,
        "QubitTags": 0,
        "TealiumTags": 0,
        "AdobeTags": 0,
        "CDimensions": 0,
        "CGoals": 0,
        "CMetrics": 0,
        "ProductCount": 0
      },
      "FirstIndexed": 1362056400000,
      "LastIndexed": 1634540400000,
      "Lookup": "thebroussardgroup.com",
      "SalesRevenue": 0
    }
  ],
  "Errors": []
}