{
  "NextOffset": "END",
  "Results": [
    {
      "D": "nbcsports.com",
      "LOS": [
        "nbcsports.com"
      ],
      "Q": 170,
      "A": 2367,
      "U": 3509,
      "M": 1781,
      "Country": null,
      "FD": 1413414000,
      "LD": 1629270000,
      "FI": 1191189600,
      "LI": 1635058800,
      "S": 23359,
      "META": null
    },
    {
      "D": "chicagotribune.com",
      "LOS": [
        "chicagotribune.com/*"
      ],
      "Q": 402,
      "A": 332,
      "U": 8344,
      "M": 343,
      "Country": null,
      "FD": 1416700800,
      "LD": 1630047600,
      "FI": 966290400,
      "LI": 1635145200,
      "S": 15225,
      "META": null
    },
    {
      "D": "tripadvisor.com",
      "LOS": [
        "tripadvisor.com"
      ],
      "Q": 693,
      "A": 283,
      "U": 1470,
      "M": 181,
      "Country": null,
      "FD": 1586473200,
      "LD": 1634799600,
      "FI": 1096581600,
      "LI": 1635145200,
      "S": 15493,
      "META": null
    },
    {
      "D": "timberland.com",
      "LOS": [
        "timberland.com"
      ],
      "Q": 995,
      "A": 13500,
      "U": 26277,
      "M": 15623,
      "Country": null,
      "FD": 1519167600,
      "LD": 1631862000,
      "FI": 1294059600,
      "LI": 1635145200,
      "S": 45747,
      "META": null
    },
    {
      "D": "customink.com",
      "LOS": [
        "customink.com"
      ],
      "Q": 4301,
      "A": 6927,
      "U": 34478,
      "M": 10748,
      "Country": null,
      "FD": 1518735600,
      "LD": 1635231600,
      "FI": 1294059600,
      "LI": 1635231600,
      "S": 8339,
      "META": null
    },
    {
      "D": "capitalgazette.com",
      "LOS": [
        "capitalgazette.com"
      ],
      "Q": 7477,
      "A": 15696,
      "U": 54076,
      "M": 11971,
      "Country": null,
      "FD": 1386284400,
      "LD": 1628838000,
      "FI": 1336744800,
      "LI": 1635058800,
      "S": 12505,
      "META": null
    },
    {
      "D": "nwaonline.com",
      "LOS": [
        "nwaonline.com"
      ],
      "Q": 10810,
      "A": 23557,
      "U": 170357,
      "M": 16747,
      "Country": null,
      "FD": 1425340800,
      "LD": 1629529200,
      "FI": 1296478800,
      "LI": 1635058800,
      "S": 5757,
      "META": null
    },
    {
      "D": "nature.org",
      "LOS": [
        "nature.org"
      ],
      "Q": 11300,
      "A": 4302,
      "U": 69990,
      "M": 2122,
      "Country": null,
      "FD": 1425945600,
      "LD": 1631862000,
      "FI": 951865200,
      "LI": 1635145200,
      "S": 27503,
      "META": null
    },
    {
      "D": "childrensnational.org",
      "LOS": [
        "childrensnational.org"
      ],
      "Q": 21274,
      "A": 23038,
      "U": 189123,
      "M": 24612,
      "Country": null,
      "FD": 1467068400,
      "LD": 1635058800,
      "FI": 1294059600,
      "LI": 1635058800,
      "S": 41965,
      "META": null
    },
    {
      "D": "cargill.com",
      "LOS": [
        "cargill.com/*"
      ],
      "Q": 25408,
      "A": 15837,
      "U": 53008,
      "M": 9354,
      "Country": null,
      "FD": 1572994800,
      "LD": 1630738800,
      "FI": 1294059600,
      "LI": 1635145200,
      "S": 26588,
      "META": null
    },
    {
      "D": "telemundodeportes.com",
      "LOS": [
        "telemundodeportes.com"
      ],
      "Q": 26384,
      "A": 46437,
      "U": 97219,
      "M": 243404,
      "Country": null,
      "FD": 1540681200,
      "LD": 1629270000,
      "FI": 1301839200,
      "LI": 1635058800,
      "S": 13489,
      "META": null
    },
    {
      "D": "nylabone.com",
      "LOS": [
        "nylabone.com"
      ],
      "Q": 45030,
      "A": 378677,
      "U": 1000001,
      "M": 177440,
      "Country": null,
      "FD": 1556146800,
      "LD": 1629183600,
      "FI": 1294059600,
      "LI": 1635058800,
      "S": 23870,
      "META": null
    },
    {
      "D": "nicelaundry.com",
      "LOS": [
        "nicelaundry.com"
      ],
      "Q": 81362,
      "A": 616305,
      "U": 1000001,
      "M": 595281,
      "Country": null,
      "FD": 1531263600,
      "LD": 1635058800,
      "FI": 1365080400,
      "LI": 1635058800,
      "S": 2421,
      "META": null
    },
    {
      "D": "bestmatt.com",
      "LOS": [
        "bestmatt.com"
      ],
      "Q": 101014,
      "A": 15896683,
      "U": 1000001,
      "M": 1000001,
      "Country": null,
      "FD": 1566774000,
      "LD": 1635058800,
      "FI": 1362056400,
      "LI": 1635058800,
      "S": 429,
      "META": null
    },
    {
      "D": "kenmorecamera.com",
      "LOS": [
        "kenmorecamera.com"
      ],
      "Q": 116475,
      "A": 2929057,
      "U": 1000001,
      "M": 909213,
      "Country": null,
      "FD": 1607846400,
      "LD": 1627887600,
      "FI": 1294059600,
      "LI": 1635058800,
      "S": 776,
      "META": null
    },
    {
      "D": "tobaccorights.com",
      "LOS": [
        "tobaccorights.com"
      ],
      "Q": 138685,
      "A": 11532221,
      "U": 1000001,
      "M": 1000001,
      "Country": null,
      "FD": 1503702000,
      "LD": 1635058800,
      "FI": 1330779600,
      "LI": 1635058800,
      "S": 549,
      "META": null
    },
    {
      "D": "tfec.org",
      "LOS": [
        "tfec.org"
      ],
      "Q": 281974,
      "A": 1549447,
      "U": 1000001,
      "M": 674103,
      "Country": null,
      "FD": 1589583600,
      "LD": 1635145200,
      "FI": 1362056400,
      "LI": 1635145200,
      "S": 68,
      "META": null
    },
    {
      "D": "tampabay.com",
      "LOS": [
        "tampabay.com"
      ],
      "Q": 455561,
      "A": 6198,
      "U": 18962,
      "M": 1413,
      "Country": null,
      "FD": 1374793200,
      "LD": 1631516400,
      "FI": 957909600,
      "LI": 1635145200,
      "S": 9960,
      "META": null
    },
    {
      "D": "tablethotels.com",
      "LOS": [
        "tablethotels.com"
      ],
      "Q": 476886,
      "A": 306982,
      "U": 119882,
      "M": 96297,
      "Country": null,
      "FD": 1608019200,
      "LD": 1631516400,
      "FI": 1097532000,
      "LI": 1635145200,
      "S": 6150,
      "META": null
    },
    {
      "D": "1800hurt911fl.com",
      "LOS": [
        "1800hurt911fl.com"
      ],
      "Q": 1000001,
      "A": 56741219,
      "U": 1000001,
      "M": 1000001,
      "Country": null,
      "FD": 1567551600,
      "LD": 1633244400,
      "FI": 1546470000,
      "LI": 1634886000,
      "S": 559,
      "META": null
    },
    {
      "D": "baltimoresun.com",
      "LOS": [
        "baltimoresun.com/*"
      ],
      "Q": 1000001,
      "A": 2249,
      "U": 16863,
      "M": 1077,
      "Country": null,
      "FD": 1602140400,
      "LD": 1631948400,
      "FI": 951778800,
      "LI": 1635145200,
      "S": 10209,
      "META": null
    },
    {
      "D": "billlee.com",
      "LOS": [
        "billlee.com"
      ],
      "Q": 1000001,
      "A": 1072901,
      "U": 1000001,
      "M": 1000001,
      "Country": null,
      "FD": 1539730800,
      "LD": 1633244400,
      "FI": 1496271600,
      "LI": 1633244400,
      "S": 755,
      "META": null
    },
    {
      "D": "brakespluslasvegas.com",
      "LOS": [
        "brakespluslasvegas.com"
      ],
      "Q": 1000001,
      "A": 100000001,
      "U": 1000001,
      "M": 1000001,
      "Country": null,
      "FD": 1588719600,
      "LD": 1629097200,
      "FI": 1517871600,
      "LI": 1629097200,
      "S": 0,
      "META": null
    },
    {
      "D": "buildwithstrength.com",
      "LOS": [
        "buildwithstrength.com"
      ],
      "Q": 1000001,
      "A": 1017009,
      "U": 1000001,
      "M": 955269,
      "Country": null,
      "FD": 1481324400,
      "LD": 1633590000,
      "FI": 1456617600,
      "LI": 1633590000,
      "S": 173,
      "META": null
    },
    {
      "D": "carlsenassociates.com",
      "LOS": [
        "carlsenassociates.com"
      ],
      "Q": 1000001,
      "A": 17931869,
      "U": 1000001,
      "M": 1000001,
      "Country": null,
      "FD": 1547334000,
      "LD": 1635058800,
      "FI": 984124800,
      "LI": 1635058800,
      "S": 1263,
      "META": null
    },
    {
      "D": "checknlookup.website",
      "LOS": [
        "checknlookup.website"
      ],
      "Q": 1000001,
      "A": 100000001,
      "U": 1000001,
      "M": 1000001,
      "Country": null,
      "FD": 1621321200,
      "LD": 1629442800,
      "FI": 1620198000,
      "LI": 1629442800,
      "S": 5749,
      "META": null
    },
    {
      "D": "kenzieandcofargo.com",
      "LOS": [
        "kenzieandcofargo.com"
      ],
      "Q": 1000001,
      "A": 100000001,
      "U": 1000001,
      "M": 1000001,
      "Country": null,
      "FD": 1627974000,
      "LD": 1627974000,
      "FI": 1604736000,
      "LI": 1632466800,
      "S": 1080,
      "META": null
    },
    {
      "D": "kentwool.com",
      "LOS": [
        "kentwool.com"
      ],
      "Q": 1000001,
      "A": 1410256,
      "U": 1000001,
      "M": 1000001,
      "Country": null,
      "FD": 1582066800,
      "LD": 1627974000,
      "FI": 1182582000,
      "LI": 1634799600,
      "S": 1984,
      "META": null
    },
    {
      "D": "khovhomespromo.com",
      "LOS": [
        "khovhomespromo.com"
      ],
      "Q": 1000001,
      "A": 37611748,
      "U": 1000001,
      "M": 1000001,
      "Country": null,
      "FD": 1576796400,
      "LD": 1627974000,
      "FI": 1480201200,
      "LI": 1632466800,
      "S": 587,
      "META": null
    },
    {
      "D": "kiaofchattanooga.com",
      "LOS": [
        "kiaofchattanooga.com"
      ],
      "Q": 1000001,
      "A": 20004468,
      "U": 1000001,
      "M": 1000001,
      "Country": null,
      "FD": 1579647600,
      "LD": 1627974000,
      "FI": 1107644400,
      "LI": 1633244400,
      "S": 8421,
      "META": null
    },
    {
      "D": "kidneypatientsdeservebetter.com",
      "LOS": [
        "kidneypatientsdeservebetter.com"
      ],
      "Q": 1000001,
      "A": 13549620,
      "U": 1000001,
      "M": 1000001,
      "Country": null,
      "FD": 1524524400,
      "LD": 1627974000,
      "FI": 1516662000,
      "LI": 1632898800,
      "S": 2240,
      "META": null
    },
    {
      "D": "kidneycarematters.org",
      "LOS": [
        "kidneycarematters.org"
      ],
      "Q": 1000001,
      "A": 46305477,
      "U": 1000001,
      "M": 1000001,
      "Country": null,
      "FD": 1591830000,
      "LD": 1632985200,
      "FI": 1588460400,
      "LI": 1632985200,
      "S": 110,
      "META": null
    },
    {
      "D": "kingfishpest.com",
      "LOS": [
        "kingfishpest.com"
      ],
      "Q": 1000001,
      "A": 36605689,
      "U": 1000001,
      "M": 1000001,
      "Country": null,
      "FD": 1582066800,
      "LD": 1632121200,
      "FI": 1555196400,
      "LI": 1632466800,
      "S": 0,
      "META": null
    },
    {
      "D": "kirbymanor.com",
      "LOS": [
        "kirbymanor.com"
      ],
      "Q": 1000001,
      "A": 55247540,
      "U": 1000001,
      "M": 1000001,
      "Country": null,
      "FD": 1627974000,
      "LD": 1627974000,
      "FI": 1362056400,
      "LI": 1635058800,
      "S": 750,
      "META": null
    },
    {
      "D": "klik1240.com",
      "LOS": [
        "klik1240.com"
      ],
      "Q": 1000001,
      "A": 11198155,
      "U": 1000001,
      "M": 1000001,
      "Country": null,
      "FD": 1618297200,
      "LD": 1628060400,
      "FI": 1362056400,
      "LI": 1635058800,
      "S": 673,
      "META": null
    },
    {
      "D": "klur.com",
      "LOS": [
        "klur.com"
      ],
      "Q": 1000001,
      "A": 6540681,
      "U": 1000001,
      "M": 1000001,
      "Country": null,
      "FD": 1532300400,
      "LD": 1628060400,
      "FI": 1362056400,
      "LI": 1635058800,
      "S": 207,
      "META": null
    },
    {
      "D": "kpmgwomenspgachampionship.com",
      "LOS": [
        "kpmgwomenspgachampionship.com"
      ],
      "Q": 1000001,
      "A": 560909,
      "U": 1000001,
      "M": 1000001,
      "Country": null,
      "FD": 1524524400,
      "LD": 1628060400,
      "FI": 1434532600,
      "LI": 1635058800,
      "S": 8300,
      "META": null
    },
    {
      "D": "kpplumbing.com",
      "LOS": [
        "kpplumbing.com"
      ],
      "Q": 1000001,
      "A": 55806928,
      "U": 1000001,
      "M": 1000001,
      "Country": null,
      "FD": 1601708400,
      "LD": 1628060400,
      "FI": 1362056400,
      "LI": 1632466800,
      "S": 1702,
      "META": null
    },
    {
      "D": "kroil.com",
      "LOS": [
        "kroil.com"
      ],
      "Q": 1000001,
      "A": 100000001,
      "U": 1000001,
      "M": 374142,
      "Country": null,
      "FD": 1613980800,
      "LD": 1628060400,
      "FI": 1527807600,
      "LI": 1635058800,
      "S": 423,
      "META": null
    },
    {
      "D": "ktop1490.com",
      "LOS": [
        "ktop1490.com"
      ],
      "Q": 1000001,
      "A": 13563209,
      "U": 1000001,
      "M": 1000001,
      "Country": null,
      "FD": 1557529200,
      "LD": 1628060400,
      "FI": 1362056400,
      "LI": 1635058800,
      "S": 207,
      "META": null
    },
    {
      "D": "ktucam.com",
      "LOS": [
        "ktucam.com"
      ],
      "Q": 1000001,
      "A": 11297488,
      "U": 1000001,
      "M": 1000001,
      "Country": null,
      "FD": 1574031600,
      "LD": 1628060400,
      "FI": 1328360400,
      "LI": 1635058800,
      "S": 207,
      "META": null
    },
    {
      "D": "kxzz1580am.com",
      "LOS": [
        "kxzz1580am.com"
      ],
      "Q": 1000001,
      "A": 35069554,
      "U": 1000001,
      "M": 1000001,
      "Country": null,
      "FD": 1561590000,
      "LD": 1628146800,
      "FI": 1362056400,
      "LI": 1635058800,
      "S": 207,
      "META": null
    },
    {
      "D": "nadaanalytics.com",
      "LOS": [
        "nadaanalytics.com/*"
      ],
      "Q": 1000001,
      "A": 100000001,
      "U": 1000001,
      "M": 1000001,
      "Country": null,
      "FD": 1601881200,
      "LD": 1629270000,
      "FI": 1580684400,
      "LI": 1635058800,
      "S": 6268,
      "META": null
    },
    {
      "D": "nascarallstar.com",
      "LOS": [
        "nascarallstar.com"
      ],
      "Q": 1000001,
      "A": 100000001,
      "U": 1000001,
      "M": 1000001,
      "Country": null,
      "FD": 1629270000,
      "LD": 1629270000,
      "FI": 1362056400,
      "LI": 1635058800,
      "S": 3872,
      "META": null
    },
    {
      "D": "nbcsportsedge.com",
      "LOS": [
        "nbcsportsedge.com/*"
      ],
      "Q": 1000001,
      "A": 100000001,
      "U": 13486,
      "M": 24267,
      "Country": null,
      "FD": 1629270000,
      "LD": 1629270000,
      "FI": 1618902000,
      "LI": 1635145200,
      "S": 12285,
      "META": null
    },
    {
      "D": "nealdunn.com",
      "LOS": [
        "nealdunn.com"
      ],
      "Q": 1000001,
      "A": 13919880,
      "U": 1000001,
      "M": 1000001,
      "Country": null,
      "FD": 1535065200,
      "LD": 1629356400,
      "FI": 1447196400,
      "LI": 1634799600,
      "S": 203,
      "META": null
    },
    {
      "D": "nebraskaearlyvote.com",
      "LOS": [
        "nebraskaearlyvote.com"
      ],
      "Q": 1000001,
      "A": 100000001,
      "U": 1000001,
      "M": 1000001,
      "Country": null,
      "FD": 1601881200,
      "LD": 1629356400,
      "FI": 1584687600,
      "LI": 1633071600,
      "S": 219,
      "META": null
    },
    {
      "D": "nerdstogo.com",
      "LOS": [
        "nerdstogo.com"
      ],
      "Q": 1000001,
      "A": 15489394,
      "U": 1000001,
      "M": 915797,
      "Country": null,
      "FD": 1629356400,
      "LD": 1629356400,
      "FI": 1341496800,
      "LI": 1635058800,
      "S": 2020,
      "META": null
    },
    {
      "D": "newsontheneck.com",
      "LOS": [
        "newsontheneck.com"
      ],
      "Q": 1000001,
      "A": 21185776,
      "U": 1000001,
      "M": 1000001,
      "Country": null,
      "FD": 1629356400,
      "LD": 1629442800,
      "FI": 1578783600,
      "LI": 1635058800,
      "S": 585,
      "META": null
    },
    {
      "D": "newspaces.com",
      "LOS": [
        "newspaces.com"
      ],
      "Q": 1000001,
      "A": 19278524,
      "U": 1000001,
      "M": 1000001,
      "Country": null,
      "FD": 1364302800,
      "LD": 1629356400,
      "FI": 1341496800,
      "LI": 1633244400,
      "S": 2817,
      "META": null
    },
    {
      "D": "newsnoodle.com",
      "LOS": [
        "newsnoodle.com"
      ],
      "Q": 1000001,
      "A": 100000001,
      "U": 1000001,
      "M": 1000001,
      "Country": null,
      "FD": 1625900400,
      "LD": 1627714800,
      "FI": 1362056400,
      "LI": 1633071600,
      "S": 25,
      "META": null
    },
    {
      "D": "nflmockdraftdatabase.com",
      "LOS": [
        "nflmockdraftdatabase.com"
      ],
      "Q": 1000001,
      "A": 15546700,
      "U": 195925,
      "M": 877340,
      "Country": null,
      "FD": 1619593200,
      "LD": 1629356400,
      "FI": 1285365600,
      "LI": 1635058800,
      "S": 625,
      "META": null
    },
    {
      "D": "nhltradetalk.com",
      "LOS": [
        "nhltradetalk.com"
      ],
      "Q": 1000001,
      "A": 10836671,
      "U": 224951,
      "M": 1000001,
      "Country": null,
      "FD": 1619593200,
      "LD": 1629356400,
      "FI": 1582671600,
      "LI": 1633158000,
      "S": 152,
      "META": null
    },
    {
      "D": "nhlrumors.com",
      "LOS": [
        "nhlrumors.com"
      ],
      "Q": 1000001,
      "A": 13663112,
      "U": 1000001,
      "M": 794592,
      "Country": null,
      "FD": 1601881200,
      "LD": 1629356400,
      "FI": 1518735600,
      "LI": 1635145200,
      "S": 1121,
      "META": null
    },
    {
      "D": "nicolemalliotakis.com",
      "LOS": [
        "nicolemalliotakis.com"
      ],
      "Q": 1000001,
      "A": 657926,
      "U": 1000001,
      "M": 1000001,
      "Country": null,
      "FD": 1433808000,
      "LD": 1629356400,
      "FI": 1356008400,
      "LI": 1634799600,
      "S": 463,
      "META": null
    },
    {
      "D": "nissanofwichitafalls.com",
      "LOS": [
        "nissanofwichitafalls.com"
      ],
      "Q": 1000001,
      "A": 30259633,
      "U": 1000001,
      "M": 1000001,
      "Country": null,
      "FD": 1601881200,
      "LD": 1629442800,
      "FI": 1341496800,
      "LI": 1633244400,
      "S": 11923,
      "META": null
    },
    {
      "D": "northrangecrossings.com",
      "LOS": [
        "northrangecrossings.com"
      ],
      "Q": 1000001,
      "A": 24326528,
      "U": 1000001,
      "M": 1000001,
      "Country": null,
      "FD": 1629442800,
      "LD": 1629442800,
      "FI": 1479769200,
      "LI": 1635058800,
      "S": 2119,
      "META": null
    },
    {
      "D": "nowpools.com",
      "LOS": [
        "nowpools.com"
      ],
      "Q": 1000001,
      "A": 100000001,
      "U": 1000001,
      "M": 1000001,
      "Country": null,
      "FD": 1622098800,
      "LD": 1633158000,
      "FI": 1468450800,
      "LI": 1633244400,
      "S": 548,
      "META": null
    },
    {
      "D": "nsamusic.org",
      "LOS": [
        "nsamusic.org"
      ],
      "Q": 1000001,
      "A": 8247271,
      "U": 1000001,
      "M": 1000001,
      "Country": null,
      "FD": 1600383600,
      "LD": 1634540400,
      "FI": 1362056400,
      "LI": 1634540400,
      "S": 413,
      "META": null
    },
    {
      "D": "nsrailtech.com",
      "LOS": [
        "nsrailtech.com"
      ],
      "Q": 1000001,
      "A": 11223498,
      "U": 1000001,
      "M": 1000001,
      "Country": null,
      "FD": 1582498800,
      "LD": 1629529200,
      "FI": 1538521200,
      "LI": 1634626800,
      "S": 474,
      "META": null
    },
    {
      "D": "ntiphoenix.com",
      "LOS": [
        "ntiphoenix.com"
      ],
      "Q": 1000001,
      "A": 100000001,
      "U": 1000001,
      "M": 1000001,
      "Country": null,
      "FD": 1611475200,
      "LD": 1629529200,
      "FI": 1605254400,
      "LI": 1633158000,
      "S": 711,
      "META": null
    },
    {
      "D": "nuclearpowerspennsylvania.com",
      "LOS": [
        "nuclearpowerspennsylvania.com"
      ],
      "Q": 1000001,
      "A": 7175670,
      "U": 1000001,
      "M": 1000001,
      "Country": null,
      "FD": 1585522800,
      "LD": 1629529200,
      "FI": 1495926000,
      "LI": 1634799600,
      "S": 1667,
      "META": null
    },
    {
      "D": "nuclearpowersillinois.com",
      "LOS": [
        "nuclearpowersillinois.com"
      ],
      "Q": 1000001,
      "A": 15838724,
      "U": 1000001,
      "M": 1000001,
      "Country": null,
      "FD": 1585522800,
      "LD": 1629529200,
      "FI": 1406678400,
      "LI": 1633244400,
      "S": 2022,
      "META": null
    },
    {
      "D": "nydisabilitylaw.com",
      "LOS": [
        "nydisabilitylaw.com"
      ],
      "Q": 1000001,
      "A": 6835515,
      "U": 1000001,
      "M": 1000001,
      "Country": null,
      "FD": 1601881200,
      "LD": 1629529200,
      "FI": 1359032400,
      "LI": 1635058800,
      "S": 736,
      "META": null
    },
    {
      "D": "oakwoodsprings.com",
      "LOS": [
        "oakwoodsprings.com"
      ],
      "Q": 1000001,
      "A": 3336378,
      "U": 1000001,
      "M": 1000001,
      "Country": null,
      "FD": 1589410800,
      "LD": 1629529200,
      "FI": 1409443200,
      "LI": 1634540400,
      "S": 2259,
      "META": null
    },
    {
      "D": "oaksatnewhope.com",
      "LOS": [
        "oaksatnewhope.com"
      ],
      "Q": 1000001,
      "A": 55247498,
      "U": 1000001,
      "M": 1000001,
      "Country": null,
      "FD": 1605427200,
      "LD": 1629529200,
      "FI": 1566774000,
      "LI": 1635058800,
      "S": 2119,
      "META": null
    },
    {
      "D": "obamabk.com",
      "LOS": [
        "obamabk.com"
      ],
      "Q": 1000001,
      "A": 100000001,
      "U": 1000001,
      "M": 1000001,
      "Country": null,
      "FD": 1611475200,
      "LD": 1629529200,
      "FI": 1600383600,
      "LI": 1633158000,
      "S": 353,
      "META": null
    },
    {
      "D": "odsc.es",
      "LOS": [
        "odsc.es"
      ],
      "Q": 1000001,
      "A": 16443922,
      "U": 1000001,
      "M": 1000001,
      "Country": null,
      "FD": 1625900400,
      "LD": 1633158000,
      "FI": 1519686000,
      "LI": 1633935600,
      "S": 138,
      "META": null
    },
    {
      "D": "officialkidsmag.com",
      "LOS": [
        "officialkidsmag.com"
      ],
      "Q": 1000001,
      "A": 3277296,
      "U": 1000001,
      "M": 1000001,
      "Country": null,
      "FD": 1590966000,
      "LD": 1629529200,
      "FI": 1511218800,
      "LI": 1633158000,
      "S": 490,
      "META": null
    },
    {
      "D": "offthebenchbaseball.com",
      "LOS": [
        "offthebenchbaseball.com"
      ],
      "Q": 1000001,
      "A": 2172076,
      "U": 1000001,
      "M": 1000001,
      "Country": null,
      "FD": 1559516400,
      "LD": 1629529200,
      "FI": 1341496800,
      "LI": 1634626800,
      "S": 341,
      "META": null
    },
    {
      "D": "ofpool.vip",
      "LOS": [
        "ofpool.vip"
      ],
      "Q": 1000001,
      "A": 100000001,
      "U": 1000001,
      "M": 1000001,
      "Country": null,
      "FD": 1625900400,
      "LD": 1633158000,
      "FI": 1578006000,
      "LI": 1633158000,
      "S": 1443,
      "META": null
    },
    {
      "D": "okaytosay.org",
      "LOS": [
        "okaytosay.org"
      ],
      "Q": 1000001,
      "A": 12526037,
      "U": 1000001,
      "M": 1000001,
      "Country": null,
      "FD": 1528153200,
      "LD": 1629615600,
      "FI": 1458514800,
      "LI": 1633158000,
      "S": 240,
      "META": null
    },
    {
      "D": "oldmilwaukee.com",
      "LOS": [
        "oldmilwaukee.com"
      ],
      "Q": 1000001,
      "A": 6830098,
      "U": 1000001,
      "M": 1000001,
      "Country": null,
      "FD": 1601881200,
      "LD": 1629615600,
      "FI": 1294059600,
      "LI": 1635058800,
      "S": 1667,
      "META": null
    },
    {
      "D": "olepiperinn.com",
      "LOS": [
        "olepiperinn.com"
      ],
      "Q": 1000001,
      "A": 38086577,
      "U": 1000001,
      "M": 1000001,
      "Country": null,
      "FD": 1519858800,
      "LD": 1629615600,
      "FI": 1359032400,
      "LI": 1633158000,
      "S": 2962,
      "META": null
    },
    {
      "D": "olivebranch-apts.com",
      "LOS": [
        "olivebranch-apts.com"
      ],
      "Q": 1000001,
      "A": 23656119,
      "U": 1000001,
      "M": 1000001,
      "Country": null,
      "FD": 1512082800,
      "LD": 1629615600,
      "FI": 1431990000,
      "LI": 1634540400,
      "S": 2119,
      "META": null
    },
    {
      "D": "ollinsortho.com",
      "LOS": [
        "ollinsortho.com"
      ],
      "Q": 1000001,
      "A": 10762660,
      "U": 1000001,
      "M": 1000001,
      "Country": null,
      "FD": 1622185200,
      "LD": 1633158000,
      "FI": 1389481200,
      "LI": 1633158000,
      "S": 483,
      "META": null
    },
    {
      "D": "oncare.org",
      "LOS": [
        "oncare.org"
      ],
      "Q": 1000001,
      "A": 3443448,
      "U": 1000001,
      "M": 1000001,
      "Country": null,
      "FD": 1564182000,
      "LD": 1629615600,
      "FI": 1496271600,
      "LI": 1633244400,
      "S": 23317,
      "META": null
    },
    {
      "D": "ontheboards.tv",
      "LOS": [
        "ontheboards.tv"
      ],
      "Q": 1000001,
      "A": 998128,
      "U": 1000001,
      "M": 792853,
      "Country": null,
      "FD": 1402444800,
      "LD": 1629615600,
      "FI": 1294059600,
      "LI": 1633244400,
      "S": 136,
      "META": null
    },
    {
      "D": "oookewiuy.ml",
      "LOS": [
        "oookewiuy.ml"
      ],
      "Q": 1000001,
      "A": 100000001,
      "U": 1000001,
      "M": 1000001,
      "Country": null,
      "FD": 1629183600,
      "LD": 1629183600,
      "FI": 1629183600,
      "LI": 1633158000,
      "S": 978,
      "META": null
    },
    {
      "D": "orangetreescreening.com",
      "LOS": [
        "orangetreescreening.com"
      ],
      "Q": 1000001,
      "A": 3143612,
      "U": 1000001,
      "M": 1000001,
      "Country": null,
      "FD": 1433808000,
      "LD": 1635231600,
      "FI": 1354798800,
      "LI": 1635231600,
      "S": 3011,
      "META": null
    },
    {
      "D": "originalschaefercompany.com",
      "LOS": [
        "originalschaefercompany.com"
      ],
      "Q": 1000001,
      "A": 100000001,
      "U": 1000001,
      "M": 1000001,
      "Country": null,
      "FD": 1601881200,
      "LD": 1629702000,
      "FI": 1588748400,
      "LI": 1633849200,
      "S": 886,
      "META": null
    },
    {
      "D": "outdoorcomfortsolutions.biz",
      "LOS": [
        "outdoorcomfortsolutions.biz"
      ],
      "Q": 1000001,
      "A": 34618123,
      "U": 1000001,
      "M": 1000001,
      "Country": null,
      "FD": 1629702000,
      "LD": 1629702000,
      "FI": 1546470000,
      "LI": 1633244400,
      "S": 1427,
      "META": null
    },
    {
      "D": "outdoorsok.com",
      "LOS": [
        "outdoorsok.com"
      ],
      "Q": 1000001,
      "A": 1535627,
      "U": 1000001,
      "M": 1000001,
      "Country": null,
      "FD": 1531436400,
      "LD": 1629702000,
      "FI": 1294059600,
      "LI": 1633244400,
      "S": 1773,
      "META": null
    },
    {
      "D": "tailoredpet.com",
      "LOS": [
        "tailoredpet.com"
      ],
      "Q": 1000001,
      "A": 13891224,
      "U": 1000001,
      "M": 1000001,
      "Country": null,
      "FD": 1612684800,
      "LD": 1631516400,
      "FI": 1566774000,
      "LI": 1634713200,
      "S": 3568,
      "META": null
    },
    {
      "D": "teammyrtlebeach.com",
      "LOS": [
        "teammyrtlebeach.com"
      ],
      "Q": 1000001,
      "A": 15247255,
      "U": 1000001,
      "M": 1000001,
      "Country": null,
      "FD": 1563663600,
      "LD": 1631602800,
      "FI": 1341496800,
      "LI": 1634799600,
      "S": 207,
      "META": null
    },
    {
      "D": "teamsasse.com",
      "LOS": [
        "teamsasse.com"
      ],
      "Q": 1000001,
      "A": 1173101,
      "U": 1000001,
      "M": 1000001,
      "Country": null,
      "FD": 1602140400,
      "LD": 1631602800,
      "FI": 1472425200,
      "LI": 1634799600,
      "S": 642,
      "META": null
    },
    {
      "D": "team3sixty.com",
      "LOS": [
        "team3sixty.com"
      ],
      "Q": 1000001,
      "A": 100000001,
      "U": 1000001,
      "M": 1000001,
      "Country": null,
      "FD": 1612771200,
      "LD": 1631602800,
      "FI": 1600383600,
      "LI": 1634367600,
      "S": 2283,
      "META": null
    },
    {
      "D": "techlinetwincities.com",
      "LOS": [
        "techlinetwincities.com"
      ],
      "Q": 1000001,
      "A": 70779908,
      "U": 1000001,
      "M": 1000001,
      "Country": null,
      "FD": 1531436400,
      "LD": 1631602800,
      "FI": 1301839200,
      "LI": 1634454000,
      "S": 517,
      "META": null
    },
    {
      "D": "telemundo20.com",
      "LOS": [
        "telemundo20.com"
      ],
      "Q": 1000001,
      "A": 530812,
      "U": 285055,
      "M": 353434,
      "Country": null,
      "FD": 1540335600,
      "LD": 1631602800,
      "FI": 1496358000,
      "LI": 1635058800,
      "S": 13373,
      "META": null
    },
    {
      "D": "telemundo31.com",
      "LOS": [
        "telemundo31.com"
      ],
      "Q": 1000001,
      "A": 782360,
      "U": 213473,
      "M": 1000001,
      "Country": null,
      "FD": 1540335600,
      "LD": 1631602800,
      "FI": 1514242800,
      "LI": 1635058800,
      "S": 13373,
      "META": null
    },
    {
      "D": "telemundo62.com",
      "LOS": [
        "telemundo62.com"
      ],
      "Q": 1000001,
      "A": 1497576,
      "U": 277940,
      "M": 698031,
      "Country": null,
      "FD": 1540335600,
      "LD": 1631602800,
      "FI": 1362056400,
      "LI": 1635058800,
      "S": 18260,
      "META": null
    },
    {
      "D": "telemundowashingtondc.com",
      "LOS": [
        "telemundowashingtondc.com"
      ],
      "Q": 1000001,
      "A": 587261,
      "U": 1000001,
      "M": 576525,
      "Country": null,
      "FD": 1540335600,
      "LD": 1631602800,
      "FI": 1504306800,
      "LI": 1635058800,
      "S": 13373,
      "META": null
    },
    {
      "D": "telemundofresno.com",
      "LOS": [
        "telemundofresno.com"
      ],
      "Q": 1000001,
      "A": 596718,
      "U": 1000001,
      "M": 1000001,
      "Country": null,
      "FD": 1569884400,
      "LD": 1631602800,
      "FI": 1557874800,
      "LI": 1634799600,
      "S": 13490,
      "META": null
    },
    {
      "D": "telexitos.com",
      "LOS": [
        "telexitos.com"
      ],
      "Q": 1000001,
      "A": 2936031,
      "U": 1000001,
      "M": 1000001,
      "Country": null,
      "FD": 1540335600,
      "LD": 1631602800,
      "FI": 1434841200,
      "LI": 1634799600,
      "S": 12533,
      "META": null
    },
    {
      "D": "telemundonuevainglaterra.com",
      "LOS": [
        "telemundonuevainglaterra.com"
      ],
      "Q": 1000001,
      "A": 1508100,
      "U": 219353,
      "M": 857699,
      "Country": null,
      "FD": 1540335600,
      "LD": 1631602800,
      "FI": 1504306800,
      "LI": 1635145200,
      "S": 13373,
      "META": null
    },
    {
      "D": "telemundo48elpaso.com",
      "LOS": [
        "telemundo48elpaso.com"
      ],
      "Q": 1000001,
      "A": 3503085,
      "U": 1000001,
      "M": 1000001,
      "Country": null,
      "FD": 1540335600,
      "LD": 1631602800,
      "FI": 1514242800,
      "LI": 1635058800,
      "S": 13593,
      "META": null
    },
    {
      "D": "telescopehealth.com",
      "LOS": [
        "telescopehealth.com/*"
      ],
      "Q": 1000001,
      "A": 18018595,
      "U": 1000001,
      "M": 1000001,
      "Country": null,
      "FD": 1629183600,
      "LD": 1634540400,
      "FI": 1434841200,
      "LI": 1635058800,
      "S": 748,
      "META": null
    },
    {
      "D": "texasredzonereport.com",
      "LOS": [
        "texasredzonereport.com"
      ],
      "Q": 1000001,
      "A": 16125081,
      "U": 1000001,
      "M": 1000001,
      "Country": null,
      "FD": 1621926000,
      "LD": 1631689200,
      "FI": 1430006400,
      "LI": 1633158000,
      "S": 218,
      "META": null
    },
    {
      "D": "thedrop303.org",
      "LOS": [
        "thedrop303.org"
      ],
      "Q": 1000001,
      "A": 16271485,
      "U": 1000001,
      "M": 1000001,
      "Country": null,
      "FD": 1631689200,
      "LD": 1631689200,
      "FI": 1566774000,
      "LI": 1634626800,
      "S": 283,
      "META": null
    },
    {
      "D": "thehot1039.com",
      "LOS": [
        "thehot1039.com"
      ],
      "Q": 1000001,
      "A": 20217242,
      "U": 1000001,
      "M": 1000001,
      "Country": null,
      "FD": 1558911600,
      "LD": 1631689200,
      "FI": 1301839200,
      "LI": 1634799600,
      "S": 207,
      "META": null
    },
    {
      "D": "theticket1590.com",
      "LOS": [
        "theticket1590.com"
      ],
      "Q": 1000001,
      "A": 25243819,
      "U": 1000001,
      "M": 1000001,
      "Country": null,
      "FD": 1621926000,
      "LD": 1631689200,
      "FI": 1527807600,
      "LI": 1634454000,
      "S": 207,
      "META": null
    },
    {
      "D": "thebusinessdownload.com",
      "LOS": [
        "thebusinessdownload.com"
      ],
      "Q": 1000001,
      "A": 16734198,
      "U": 1000001,
      "M": 1000001,
      "Country": null,
      "FD": 1631689200,
      "LD": 1631689200,
      "FI": 1584428400,
      "LI": 1634454000,
      "S": 8655,
      "META": null
    },
    {
      "D": "theberkman.com",
      "LOS": [
        "theberkman.com"
      ],
      "Q": 1000001,
      "A": 27886885,
      "U": 1000001,
      "M": 1000001,
      "Country": null,
      "FD": 1606982400,
      "LD": 1631689200,
      "FI": 1524524400,
      "LI": 1634454000,
      "S": 1063,
      "META": null
    },
    {
      "D": "themodernsportsman.com",
      "LOS": [
        "themodernsportsman.com"
      ],
      "Q": 1000001,
      "A": 31951103,
      "U": 1000001,
      "M": 1000001,
      "Country": null,
      "FD": 1602140400,
      "LD": 1631689200,
      "FI": 1428966000,
      "LI": 1634626800,
      "S": 913,
      "META": null
    },
    {
      "D": "thehitkicker.com",
      "LOS": [
        "thehitkicker.com"
      ],
      "Q": 1000001,
      "A": 27498406,
      "U": 1000001,
      "M": 1000001,
      "Country": null,
      "FD": 1486767600,
      "LD": 1631689200,
      "FI": 1468969200,
      "LI": 1634799600,
      "S": 207,
      "META": null
    },
    {
      "D": "thereserveatarborlakes.com",
      "LOS": [
        "thereserveatarborlakes.com"
      ],
      "Q": 1000001,
      "A": 23208313,
      "U": 1000001,
      "M": 1000001,
      "Country": null,
      "FD": 1602140400,
      "LD": 1631689200,
      "FI": 1469487600,
      "LI": 1634454000,
      "S": 2243,
      "META": null
    },
    {
      "D": "thenedia.com",
      "LOS": [
        "thenedia.com"
      ],
      "Q": 1000001,
      "A": 49386146,
      "U": 1000001,
      "M": 1000001,
      "Country": null,
      "FD": 1589410800,
      "LD": 1631775600,
      "FI": 1541199600,
      "LI": 1632466800,
      "S": 1933,
      "META": null
    },
    {
      "D": "theoriginalolympia.com",
      "LOS": [
        "theoriginalolympia.com"
      ],
      "Q": 1000001,
      "A": 13008575,
      "U": 1000001,
      "M": 1000001,
      "Country": null,
      "FD": 1602140400,
      "LD": 1631775600,
      "FI": 1583190000,
      "LI": 1635058800,
      "S": 447,
      "META": null
    },
    {
      "D": "themoline.com",
      "LOS": [
        "themoline.com"
      ],
      "Q": 1000001,
      "A": 37104124,
      "U": 1000001,
      "M": 1000001,
      "Country": null,
      "FD": 1529276400,
      "LD": 1631775600,
      "FI": 1443481200,
      "LI": 1634454000,
      "S": 2465,
      "META": null
    },
    {
      "D": "the16vaccine.org",
      "LOS": [
        "the16vaccine.org"
      ],
      "Q": 1000001,
      "A": 19930087,
      "U": 1000001,
      "M": 1000001,
      "Country": null,
      "FD": 1622012400,
      "LD": 1631775600,
      "FI": 1537830000,
      "LI": 1635058800,
      "S": 367,
      "META": null
    },
    {
      "D": "thegeorgiahempcompany.com",
      "LOS": [
        "thegeorgiahempcompany.com"
      ],
      "Q": 1000001,
      "A": 21015374,
      "U": 1000001,
      "M": 1000001,
      "Country": null,
      "FD": 1631775600,
      "LD": 1631775600,
      "FI": 1525302000,
      "LI": 1634626800,
      "S": 862,
      "META": null
    },
    {
      "D": "theparkton.com",
      "LOS": [
        "theparkton.com"
      ],
      "Q": 1000001,
      "A": 24326896,
      "U": 1000001,
      "M": 1000001,
      "Country": null,
      "FD": 1524524400,
      "LD": 1631775600,
      "FI": 1505775600,
      "LI": 1634540400,
      "S": 2119,
      "META": null
    },
    {
      "D": "thesexton.com",
      "LOS": [
        "thesexton.com"
      ],
      "Q": 1000001,
      "A": 16512304,
      "U": 1000001,
      "M": 1000001,
      "Country": null,
      "FD": 1602140400,
      "LD": 1631775600,
      "FI": 1507158000,
      "LI": 1634626800,
      "S": 1677,
      "META": null
    },
    {
      "D": "thegatesatblackberry.com",
      "LOS": [
        "thegatesatblackberry.com"
      ],
      "Q": 1000001,
      "A": 53227502,
      "U": 1000001,
      "M": 1000001,
      "Country": null,
      "FD": 1631775600,
      "LD": 1631775600,
      "FI": 1582617600,
      "LI": 1634540400,
      "S": 517,
      "META": null
    },
    {
      "D": "thetriplecrownapts.com",
      "LOS": [
        "thetriplecrownapts.com"
      ],
      "Q": 1000001,
      "A": 48787434,
      "U": 1000001,
      "M": 1000001,
      "Country": null,
      "FD": 1602140400,
      "LD": 1631862000,
      "FI": 1526943600,
      "LI": 1634540400,
      "S": 2243,
      "META": null
    },
    {
      "D": "thetomlovegroup.com",
      "LOS": [
        "thetomlovegroup.com"
      ],
      "Q": 1000001,
      "A": 32394521,
      "U": 1000001,
      "M": 1000001,
      "Country": null,
      "FD": 1596841200,
      "LD": 1634540400,
      "FI": 1362056400,
      "LI": 1634540400,
      "S": 6290,
      "META": null
    },
    {
      "D": "thorntonfh.com",
      "LOS": [
        "thorntonfh.com"
      ],
      "Q": 1000001,
      "A": 32670916,
      "U": 1000001,
      "M": 1000001,
      "Country": null,
      "FD": 1578870000,
      "LD": 1631862000,
      "FI": 1379286000,
      "LI": 1634540400,
      "S": 53,
      "META": null
    },
    {
      "D": "timelinesmagazine.com",
      "LOS": [
        "timelinesmagazine.com"
      ],
      "Q": 1000001,
      "A": 12142537,
      "U": 1000001,
      "M": 1000001,
      "Country": null,
      "FD": 1631862000,
      "LD": 1631862000,
      "FI": 1569193200,
      "LI": 1635058800,
      "S": 369,
      "META": null
    },
    {
      "D": "tinks.com",
      "LOS": [
        "tinks.com"
      ],
      "Q": 1000001,
      "A": 7061516,
      "U": 1000001,
      "M": 1000001,
      "Country": null,
      "FD": 1372806000,
      "LD": 1631862000,
      "FI": 1320584400,
      "LI": 1634713200,
      "S": 1658,
      "META": null
    },
    {
      "D": "tmp-cms.com",
      "LOS": [
        "carrieres-walmart-ca2020.stg.admin.tmp-cms.com",
        "carrieres-walmart-ca2020-fr.stg.admin.tmp-cms.com"
      ],
      "Q": 1000001,
      "A": 31374291,
      "U": 1000001,
      "M": 1000001,
      "Country": null,
      "FD": 1614585600,
      "LD": 1634540400,
      "FI": 1362056400,
      "LI": 1635058800,
      "S": 1205,
      "META": null
    },
    {
      "D": "todayshealthscience.com",
      "LOS": [
        "todayshealthscience.com"
      ],
      "Q": 1000001,
      "A": 100000001,
      "U": 1000001,
      "M": 903815,
      "Country": null,
      "FD": 1608364800,
      "LD": 1635058800,
      "FI": 1601276400,
      "LI": 1635058800,
      "S": 234,
      "META": null
    },
    {
      "D": "todaysenergystore.com",
      "LOS": [
        "todaysenergystore.com"
      ],
      "Q": 1000001,
      "A": 17722748,
      "U": 1000001,
      "M": 1000001,
      "Country": null,
      "FD": 1607932800,
      "LD": 1631948400,
      "FI": 1362056400,
      "LI": 1634626800,
      "S": 1984,
      "META": null
    },
    {
      "D": "tonytinderholt.com",
      "LOS": [
        "tonytinderholt.com"
      ],
      "Q": 1000001,
      "A": 2251412,
      "U": 1000001,
      "M": 1000001,
      "Country": null,
      "FD": 1602226800,
      "LD": 1631948400,
      "FI": 1397689200,
      "LI": 1634626800,
      "S": 1086,
      "META": null
    },
    {
      "D": "topdownpro.com",
      "LOS": [
        "m.topdownpro.com"
      ],
      "Q": 1000001,
      "A": 100000001,
      "U": 1000001,
      "M": 1000001,
      "Country": null,
      "FD": 1578006000,
      "LD": 1634626800,
      "FI": 1578006000,
      "LI": 1634626800,
      "S": 886,
      "META": null
    },
    {
      "D": "toptenliquors.com",
      "LOS": [
        "toptenliquors.com"
      ],
      "Q": 1000001,
      "A": 33462487,
      "U": 1000001,
      "M": 1000001,
      "Country": null,
      "FD": 1518217200,
      "LD": 1631948400,
      "FI": 1379286000,
      "LI": 1635058800,
      "S": 940,
      "META": null
    },
    {
      "D": "toutsurlehockey.com",
      "LOS": [
        "toutsurlehockey.com"
      ],
      "Q": 1000001,
      "A": 918747,
      "U": 1000001,
      "M": 1000001,
      "Country": null,
      "FD": 1526338800,
      "LD": 1631948400,
      "FI": 1320584400,
      "LI": 1635058800,
      "S": 138,
      "META": null
    },
    {
      "D": "towncenternissan.com",
      "LOS": [
        "towncenternissan.com"
      ],
      "Q": 1000001,
      "A": 22163364,
      "U": 1000001,
      "M": 1000001,
      "Country": null,
      "FD": 1602226800,
      "LD": 1631948400,
      "FI": 1294059600,
      "LI": 1634626800,
      "S": 7987,
      "META": null
    },
    {
      "D": "tpc1.co",
      "LOS": [
        "tpc1.co"
      ],
      "Q": 1000001,
      "A": 100000001,
      "U": 1000001,
      "M": 1000001,
      "Country": null,
      "FD": 1544828400,
      "LD": 1631948400,
      "FI": 1507158000,
      "LI": 1634626800,
      "S": 8313,
      "META": null
    },
    {
      "D": "tpc1.biz",
      "LOS": [
        "tpc1.biz"
      ],
      "Q": 1000001,
      "A": 100000001,
      "U": 1000001,
      "M": 1000001,
      "Country": null,
      "FD": 1607155200,
      "LD": 1631948400,
      "FI": 1600383600,
      "LI": 1634626800,
      "S": 8313,
      "META": null
    },
    {
      "D": "traleeterrace.com",
      "LOS": [
        "traleeterrace.com"
      ],
      "Q": 1000001,
      "A": 55247589,
      "U": 1000001,
      "M": 1000001,
      "Country": null,
      "FD": 1574290800,
      "LD": 1632034800,
      "FI": 1320584400,
      "LI": 1634626800,
      "S": 2119,
      "META": null
    },
    {
      "D": "traditionsdenver.com",
      "LOS": [
        "traditionsdenver.com"
      ],
      "Q": 1000001,
      "A": 55247588,
      "U": 1000001,
      "M": 1000001,
      "Country": null,
      "FD": 1632034800,
      "LD": 1632034800,
      "FI": 1362056400,
      "LI": 1634626800,
      "S": 2119,
      "META": null
    },
    {
      "D": "tresagaves.com",
      "LOS": [
        "tresagaves.com"
      ],
      "Q": 1000001,
      "A": 1433108,
      "U": 1000001,
      "M": 593263,
      "Country": null,
      "FD": 1602226800,
      "LD": 1632034800,
      "FI": 1131058800,
      "LI": 1635231600,
      "S": 1472,
      "META": null
    },
    {
      "D": "trexcookie.com",
      "LOS": [
        "trexcookie.com"
      ],
      "Q": 1000001,
      "A": 12976037,
      "U": 1000001,
      "M": 1000001,
      "Country": null,
      "FD": 1632034800,
      "LD": 1632034800,
      "FI": 1427587200,
      "LI": 1634626800,
      "S": 989,
      "META": null
    },
    {
      "D": "trftimes.com",
      "LOS": [
        "trftimes.com"
      ],
      "Q": 1000001,
      "A": 452226,
      "U": 1000001,
      "M": 804302,
      "Country": null,
      "FD": 1632034800,
      "LD": 1632034800,
      "FI": 1294059600,
      "LI": 1634626800,
      "S": 1020,
      "META": null
    },
    {
      "D": "trianglesprings.com",
      "LOS": [
        "trianglesprings.com"
      ],
      "Q": 1000001,
      "A": 12923375,
      "U": 1000001,
      "M": 1000001,
      "Country": null,
      "FD": 1578956400,
      "LD": 1632034800,
      "FI": 1428361200,
      "LI": 1634626800,
      "S": 2311,
      "META": null
    },
    {
      "D": "triolandscaping.com",
      "LOS": [
        "triolandscaping.com"
      ],
      "Q": 1000001,
      "A": 3818771,
      "U": 1000001,
      "M": 1000001,
      "Country": null,
      "FD": 1547420400,
      "LD": 1632034800,
      "FI": 1333112400,
      "LI": 1634626800,
      "S": 548,
      "META": null
    },
    {
      "D": "trophytaker.com",
      "LOS": [
        "trophytaker.com"
      ],
      "Q": 1000001,
      "A": 7867250,
      "U": 1000001,
      "M": 1000001,
      "Country": null,
      "FD": 1602226800,
      "LD": 1632034800,
      "FI": 1294059600,
      "LI": 1634713200,
      "S": 1751,
      "META": null
    },
    {
      "D": "tryaca.com",
      "LOS": [
        "tryaca.com"
      ],
      "Q": 1000001,
      "A": 100000001,
      "U": 1000001,
      "M": 1000001,
      "Country": null,
      "FD": 1622271600,
      "LD": 1632034800,
      "FI": 1517094000,
      "LI": 1634713200,
      "S": 94,
      "META": null
    },
    {
      "D": "tumblefreshlaundry.com",
      "LOS": [
        "tumblefreshlaundry.com"
      ],
      "Q": 1000001,
      "A": 26930918,
      "U": 1000001,
      "M": 1000001,
      "Country": null,
      "FD": 1622358000,
      "LD": 1632121200,
      "FI": 1362056400,
      "LI": 1634799600,
      "S": 571,
      "META": null
    },
    {
      "D": "turfpride.com",
      "LOS": [
        "turfpride.com"
      ],
      "Q": 1000001,
      "A": 18459307,
      "U": 1000001,
      "M": 1000001,
      "Country": null,
      "FD": 1613289600,
      "LD": 1632121200,
      "FI": 1320584400,
      "LI": 1634713200,
      "S": 323,
      "META": null
    },
    {
      "D": "turftamersfargo.com",
      "LOS": [
        "turftamersfargo.com"
      ],
      "Q": 1000001,
      "A": 45000382,
      "U": 1000001,
      "M": 1000001,
      "Country": null,
      "FD": 1602226800,
      "LD": 1632121200,
      "FI": 1447196400,
      "LI": 1634713200,
      "S": 1724,
      "META": null
    },
    {
      "D": "turfprideatlanta.com",
      "LOS": [
        "turfprideatlanta.com"
      ],
      "Q": 1000001,
      "A": 100000001,
      "U": 1000001,
      "M": 1000001,
      "Country": null,
      "FD": 1613289600,
      "LD": 1632121200,
      "FI": 1418684400,
      "LI": 1634713200,
      "S": 313,
      "META": null
    },
    {
      "D": "tutorsbridge.com",
      "LOS": [
        "tutorsbridge.com"
      ],
      "Q": 1000001,
      "A": 100000001,
      "U": 1000001,
      "M": 1000001,
      "Country": null,
      "FD": 1632121200,
      "LD": 1632121200,
      "FI": 1467241200,
      "LI": 1634713200,
      "S": 1707,
      "META": null
    }
  ]
}