{
  "Relationships": [
    {
      "Domain": "virgin.com",
      "Identifiers": [
        {
          "Type": "ip",
          "Value": "89.151.85.133",
          "First": 1345212000000,
          "Last": 1379599200000,
          "Matches": []
        },
        {
          "Type": "google-analytics",
          "Value": "2823487",
          "First": 1254607200000,
          "Last": 1452085200000,
          "Matches": [
            {
              "Domain": "virginvolcanic.com",
              "First": 1333634400000,
              "Last": 1381669200000,
              "Overlap": true
            },
            {
              "Domain": "virgin.com.au",
              "First": 1294059600000,
              "Last": 1452085200000,
              "Overlap": true
            },
            {
              "Domain": "enggcc.org",
              "First": 1329742800000,
              "Last": 1381669200000,
              "Overlap": true
            },
            {
              "Domain": "richardbranson.net",
              "First": 1381669200000,
              "Last": 1381669200000,
              "Overlap": true
            },
            {
              "Domain": "richardbranson.com",
              "First": 1381669200000,
              "Last": 1381669200000,
              "Overlap": true
            },
            {
              "Domain": "tonniez.com",
              "First": 1381669200000,
              "Last": 1381669200000,
              "Overlap": true
            },
            {
              "Domain": "virginmobileusa.org",
              "First": 1317560400000,
              "Last": 1381669200000,
              "Overlap": true
            },
            {
              "Domain": "virginmobile.us",
              "First": 1301839200000,
              "Last": 1381669200000,
              "Overlap": true
            },
            {
              "Domain": "virgintrophy.com",
              "First": 1381669200000,
              "Last": 1381669200000,
              "Overlap": true
            },
            {
              "Domain": "virginwireless.com",
              "First": 1294059600000,
              "Last": 1381669200000,
              "Overlap": true
            },
            {
              "Domain": "virginunite.co.uk",
              "First": 1381669200000,
              "Last": 1381669200000,
              "Overlap": true
            },
            {
              "Domain": "virgintribesa.com",
              "First": 1381669200000,
              "Last": 1381669200000,
              "Overlap": true
            },
            {
              "Domain": "virgin.co.uk",
              "First": 1325854800000,
              "Last": 1452085200000,
              "Overlap": true
            },
            {
              "Domain": "virgin.co.za",
              "First": 1325854800000,
              "Last": 1452085200000,
              "Overlap": true
            },
            {
              "Domain": "virginairways.com",
              "First": 1294059600000,
              "Last": 1383224400000,
              "Overlap": true
            },
            {
              "Domain": "virginamerican.com",
              "First": 1354798800000,
              "Last": 1381669200000,
              "Overlap": true
            },
            {
              "Domain": "virginair.com",
              "First": 1320584400000,
              "Last": 1425474000000,
              "Overlap": true
            },
            {
              "Domain": "virgindigital.com",
              "First": 1294059600000,
              "Last": 1381669200000,
              "Overlap": true
            },
            {
              "Domain": "virginbusinesstravel.com",
              "First": 1381669200000,
              "Last": 1381669200000,
              "Overlap": true
            },
            {
              "Domain": "virginfrance.com",
              "First": 1330779600000,
              "Last": 1381669200000,
              "Overlap": true
            },
            {
              "Domain": "virgindrinks.com",
              "First": 1381669200000,
              "Last": 1381669200000,
              "Overlap": true
            },
            {
              "Domain": "comfront2006.com",
              "First": 1458565200000,
              "Last": 1458565200000,
              "Overlap": false
            },
            {
              "Domain": "hobbycardgroup.com",
              "First": 1458565200000,
              "Last": 1507244400000,
              "Overlap": false
            },
            {
              "Domain": "omegachoicecompanies.com",
              "First": 1458565200000,
              "Last": 1467350838702,
              "Overlap": false
            },
            {
              "Domain": "qoeso.com",
              "First": 1458565200000,
              "Last": 1458565200000,
              "Overlap": false
            },
            {
              "Domain": "virgintribe-us.com",
              "First": 1458565200000,
              "Last": 1477436400000,
              "Overlap": false
            },
            {
              "Domain": "virginmobile.com",
              "First": 1294059600000,
              "Last": 1452085200000,
              "Overlap": true
            },
            {
              "Domain": "virginmobil.com",
              "First": 1294059600000,
              "Last": 1336744800000,
              "Overlap": true
            },
            {
              "Domain": "virginpulse.com",
              "First": 1320584400000,
              "Last": 1320584400000,
              "Overlap": true
            },
            {
              "Domain": "millionplanning.co.jp",
              "First": 1461765600000,
              "Last": 1632893793124,
              "Overlap": false
            },
            {
              "Domain": "marasyasam.com",
              "First": 1329742800000,
              "Last": 1329742800000,
              "Overlap": true
            },
            {
              "Domain": "careers.virgin.com",
              "First": 1329742800000,
              "Last": 1329742800000,
              "Overlap": true
            },
            {
              "Domain": "virginspa.co.za",
              "First": 1333634400000,
              "Last": 1404309600000,
              "Overlap": true
            },
            {
              "Domain": "92.238.96.40",
              "First": 1349359200000,
              "Last": 1372773600000,
              "Overlap": true
            },
            {
              "Domain": "virginunite.com",
              "First": 1380808800000,
              "Last": 1380808800000,
              "Overlap": true
            },
            {
              "Domain": "virginusa.com",
              "First": 1386248400000,
              "Last": 1412172000000,
              "Overlap": true
            },
            {
              "Domain": "virginpacific.com",
              "First": 1423054800000,
              "Last": 1443621600000,
              "Overlap": true
            },
            {
              "Domain": "virginhotels.com",
              "First": 1223330400000,
              "Last": 1223330400000,
              "Overlap": false
            },
            {
              "Domain": "emailhighclub.org",
              "First": 1276930800000,
              "Last": 1309590000000,
              "Overlap": true
            },
            {
              "Domain": "evirginbank.org",
              "First": 1309762800000,
              "Last": 1309762800000,
              "Overlap": true
            },
            {
              "Domain": "flyvirginatlantic.org",
              "First": 1309989600000,
              "Last": 1309989600000,
              "Overlap": true
            }
          ]
        },
        {
          "Type": "google-analytics",
          "Value": "44197094",
          "First": 1380808800000,
          "Last": 1607813700307,
          "Matches": [
            {
              "Domain": "richardbranson.net",
              "First": 1381669200000,
              "Last": 1611982503323,
              "Overlap": true
            },
            {
              "Domain": "richardbranson.com",
              "First": 1381669200000,
              "Last": 1611982503323,
              "Overlap": true
            },
            {
              "Domain": "virginmobileusa.org",
              "First": 1381669200000,
              "Last": 1381669200000,
              "Overlap": true
            },
            {
              "Domain": "virginmobile.us",
              "First": 1381669200000,
              "Last": 1381669200000,
              "Overlap": true
            },
            {
              "Domain": "virgintrophy.com",
              "First": 1381669200000,
              "Last": 1613516454498,
              "Overlap": true
            },
            {
              "Domain": "virginwireless.com",
              "First": 1381669200000,
              "Last": 1381669200000,
              "Overlap": true
            },
            {
              "Domain": "virginunite.co.uk",
              "First": 1381669200000,
              "Last": 1593654445057,
              "Overlap": true
            },
            {
              "Domain": "virginvolcanic.com",
              "First": 1381669200000,
              "Last": 1613516525079,
              "Overlap": true
            },
            {
              "Domain": "virgin.com.au",
              "First": 1380808800000,
              "Last": 1613516668755,
              "Overlap": true
            },
            {
              "Domain": "virgin.co.uk",
              "First": 1380808800000,
              "Last": 1607431794397,
              "Overlap": true
            },
            {
              "Domain": "virgin.co.za",
              "First": 1380808800000,
              "Last": 1613516668755,
              "Overlap": true
            },
            {
              "Domain": "virginairways.com",
              "First": 1381669200000,
              "Last": 1383224400000,
              "Overlap": true
            },
            {
              "Domain": "virginamerican.com",
              "First": 1380808800000,
              "Last": 1381669200000,
              "Overlap": true
            },
            {
              "Domain": "virginair.com",
              "First": 1380808800000,
              "Last": 1425474000000,
              "Overlap": true
            },
            {
              "Domain": "virgindigital.com",
              "First": 1381669200000,
              "Last": 1613514380384,
              "Overlap": true
            },
            {
              "Domain": "virginbusinesstravel.com",
              "First": 1381669200000,
              "Last": 1613515614575,
              "Overlap": true
            },
            {
              "Domain": "virginfrance.com",
              "First": 1381669200000,
              "Last": 1381669200000,
              "Overlap": true
            },
            {
              "Domain": "kia.virgin.com",
              "First": 1458565200000,
              "Last": 1491692400000,
              "Overlap": true
            },
            {
              "Domain": "comfront2006.com",
              "First": 1458565200000,
              "Last": 1458565200000,
              "Overlap": true
            },
            {
              "Domain": "omegachoicecompanies.com",
              "First": 1458565200000,
              "Last": 1467350838702,
              "Overlap": true
            },
            {
              "Domain": "qoeso.com",
              "First": 1458565200000,
              "Last": 1458565200000,
              "Overlap": true
            },
            {
              "Domain": "millionplanning.co.jp",
              "First": 1461765600000,
              "Last": 1507244400000,
              "Overlap": true
            },
            {
              "Domain": "virginmobile.com",
              "First": 1380808800000,
              "Last": 1520000906959,
              "Overlap": true
            },
            {
              "Domain": "virginunite.com",
              "First": 1380808800000,
              "Last": 1380808800000,
              "Overlap": true
            },
            {
              "Domain": "virginspa.co.za",
              "First": 1380808800000,
              "Last": 1492549767573,
              "Overlap": true
            },
            {
              "Domain": "virginusa.com",
              "First": 1386248400000,
              "Last": 1412172000000,
              "Overlap": true
            },
            {
              "Domain": "virginpacific.com",
              "First": 1423054800000,
              "Last": 1443621600000,
              "Overlap": true
            },
            {
              "Domain": "thevirginway.com",
              "First": 1462834800000,
              "Last": 1475535600000,
              "Overlap": true
            },
            {
              "Domain": "virginrenew.com",
              "First": 1468387689915,
              "Last": 1488542343853,
              "Overlap": true
            },
            {
              "Domain": "lady-barbaretta.com",
              "First": 1473587470245,
              "Last": 1488561202838,
              "Overlap": true
            },
            {
              "Domain": "virgininvestments.co.uk",
              "First": 1481028452471,
              "Last": 1524470453088,
              "Overlap": true
            },
            {
              "Domain": "unitebvi.com",
              "First": 1486681200000,
              "Last": 1586236419271,
              "Overlap": true
            },
            {
              "Domain": "virginradiooman.com",
              "First": 1512004152514,
              "Last": 1517481389302,
              "Overlap": true
            },
            {
              "Domain": "virginplanes.com",
              "First": 1512004152514,
              "Last": 1529272839152,
              "Overlap": true
            },
            {
              "Domain": "virginunite.org",
              "First": 1512004152514,
              "Last": 1529272839152,
              "Overlap": true
            },
            {
              "Domain": "vfestival.com",
              "First": 1514208233918,
              "Last": 1613474668078,
              "Overlap": true
            },
            {
              "Domain": "no-ordinary-airline.info",
              "First": 1537829188735,
              "Last": 1537829188735,
              "Overlap": true
            },
            {
              "Domain": "theyoungersfoundation.org",
              "First": 1517518125317,
              "Last": 1524490876147,
              "Overlap": true
            },
            {
              "Domain": "bransoncentre.co",
              "First": 1528333930103,
              "Last": 1528333930103,
              "Overlap": true
            },
            {
              "Domain": "evebransonfoundation.org.uk",
              "First": 1528362448805,
              "Last": 1587107512579,
              "Overlap": true
            },
            {
              "Domain": "superverge.com",
              "First": 1529224429209,
              "Last": 1529224429209,
              "Overlap": true
            },
            {
              "Domain": "thevirginecho.com",
              "First": 1529233768446,
              "Last": 1529233768446,
              "Overlap": true
            },
            {
              "Domain": "richardbranson.co.uk",
              "First": 1602011709199,
              "Last": 1611982428111,
              "Overlap": true
            },
            {
              "Domain": "virgin.fr",
              "First": 1602321318840,
              "Last": 1613516668755,
              "Overlap": true
            },
            {
              "Domain": "v.co.uk",
              "First": 1602623138385,
              "Last": 1614200221285,
              "Overlap": true
            },
            {
              "Domain": "v.org.uk",
              "First": 1602623138385,
              "Last": 1614200292584,
              "Overlap": true
            },
            {
              "Domain": "evirginbank.com",
              "First": 1381993200000,
              "Last": 1381993200000,
              "Overlap": true
            }
          ]
        },
        {
          "Type": "ip",
          "Value": "46.236.33.18",
          "First": 1380204000000,
          "Last": 1452690000000,
          "Matches": []
        },
        {
          "Type": "skimlinks",
          "Value": "71639x1520422",
          "First": 1415106000000,
          "Last": 1443621600000,
          "Matches": [
            {
              "Domain": "virginmobile.com",
              "First": 1412085600000,
              "Last": 1451998800000,
              "Overlap": true
            },
            {
              "Domain": "virginusa.com",
              "First": 1412085600000,
              "Last": 1412085600000,
              "Overlap": false
            },
            {
              "Domain": "virgin.co.za",
              "First": 1412085600000,
              "Last": 1451998800000,
              "Overlap": true
            },
            {
              "Domain": "virgin.co.uk",
              "First": 1412085600000,
              "Last": 1451998800000,
              "Overlap": true
            },
            {
              "Domain": "virgin.com.au",
              "First": 1412085600000,
              "Last": 1451998800000,
              "Overlap": true
            }
          ]
        },
        {
          "Type": "ip",
          "Value": "54.247.79.157",
          "First": 1453899600000,
          "Last": 1462370400000,
          "Matches": []
        },
        {
          "Type": "addthis",
          "Value": "ra-51e518c82a3eaa6d",
          "First": 1382274000000,
          "Last": 1425474000000,
          "Matches": [
            {
              "Domain": "virginunite.com",
              "First": 1379772000000,
              "Last": 1380549600000,
              "Overlap": false
            },
            {
              "Domain": "virgin.com.au",
              "First": 1382965200000,
              "Last": 1412085600000,
              "Overlap": true
            },
            {
              "Domain": "virginusa.com",
              "First": 1389013200000,
              "Last": 1394456400000,
              "Overlap": true
            },
            {
              "Domain": "virginmobile.com",
              "First": 1389013200000,
              "Last": 1435759200000,
              "Overlap": true
            },
            {
              "Domain": "virgin.co.za",
              "First": 1390827600000,
              "Last": 1401804000000,
              "Overlap": true
            },
            {
              "Domain": "virginspa.co.za",
              "First": 1391605200000,
              "Last": 1395234000000,
              "Overlap": true
            },
            {
              "Domain": "virgin.co.uk",
              "First": 1394456400000,
              "Last": 1435759200000,
              "Overlap": true
            },
            {
              "Domain": "oshakhov.ru",
              "First": 1468473593808,
              "Last": 1524521857838,
              "Overlap": false
            }
          ]
        },
        {
          "Type": "addthis",
          "Value": "ra-56141f2e3acba712",
          "First": 1463638698584,
          "Last": 1586508122565,
          "Matches": [
            {
              "Domain": "virgin.com.au",
              "First": 1464163049544,
              "Last": 1529275765702,
              "Overlap": true
            },
            {
              "Domain": "virgin.co.za",
              "First": 1468469055317,
              "Last": 1524474141102,
              "Overlap": true
            },
            {
              "Domain": "virgindigital.com",
              "First": 1477544211646,
              "Last": 1488859948578,
              "Overlap": true
            },
            {
              "Domain": "virgininvestments.co.uk",
              "First": 1481028452471,
              "Last": 1524470453088,
              "Overlap": true
            },
            {
              "Domain": "virgin.co.uk",
              "First": 1481790306781,
              "Last": 1529275765702,
              "Overlap": true
            },
            {
              "Domain": "virginunite.co.uk",
              "First": 1481794113624,
              "Last": 1613519140417,
              "Overlap": true
            },
            {
              "Domain": "unitebvi.com",
              "First": 1488570869658,
              "Last": 1632218533163,
              "Overlap": true
            },
            {
              "Domain": "virginradiooman.com",
              "First": 1512004152514,
              "Last": 1517481389302,
              "Overlap": true
            },
            {
              "Domain": "virginplanes.com",
              "First": 1512004152514,
              "Last": 1529272839152,
              "Overlap": true
            },
            {
              "Domain": "virginunite.org",
              "First": 1512004152514,
              "Last": 1529272839152,
              "Overlap": true
            },
            {
              "Domain": "vfestival.com",
              "First": 1514208233918,
              "Last": 1529272505116,
              "Overlap": true
            },
            {
              "Domain": "no-ordinary-airline.info",
              "First": 1537829188735,
              "Last": 1537829188735,
              "Overlap": true
            },
            {
              "Domain": "theyoungersfoundation.org",
              "First": 1517518125317,
              "Last": 1524490876147,
              "Overlap": true
            },
            {
              "Domain": "bransoncentre.co",
              "First": 1528333930103,
              "Last": 1528333930103,
              "Overlap": true
            },
            {
              "Domain": "evebransonfoundation.org.uk",
              "First": 1528362448805,
              "Last": 1626297656716,
              "Overlap": true
            },
            {
              "Domain": "superverge.com",
              "First": 1529224429209,
              "Last": 1529224429209,
              "Overlap": true
            },
            {
              "Domain": "thevirginecho.com",
              "First": 1529233768446,
              "Last": 1529233768446,
              "Overlap": true
            },
            {
              "Domain": "virgintrophy.com",
              "First": 1563335645231,
              "Last": 1586292424153,
              "Overlap": true
            },
            {
              "Domain": "virginbusinesstravel.com",
              "First": 1586292633497,
              "Last": 1586292633497,
              "Overlap": true
            }
          ]
        },
        {
          "Type": "skimlinks",
          "Value": "71639X1520422",
          "First": 1463638698584,
          "Last": 1481035008523,
          "Matches": [
            {
              "Domain": "virginstartup.org",
              "First": 1464146851187,
              "Last": 1481030242200,
              "Overlap": true
            },
            {
              "Domain": "virgin.com.au",
              "First": 1464163049544,
              "Last": 1468400834411,
              "Overlap": true
            },
            {
              "Domain": "virgin.co.za",
              "First": 1468469055317,
              "Last": 1476597858599,
              "Overlap": true
            },
            {
              "Domain": "virgindigital.com",
              "First": 1477544211646,
              "Last": 1477544211646,
              "Overlap": true
            },
            {
              "Domain": "virgininvestments.co.uk",
              "First": 1481028452471,
              "Last": 1481028452471,
              "Overlap": true
            }
          ]
        },
        {
          "Type": "google-tag-manager",
          "Value": "MQMNVX",
          "First": 1469783574969,
          "Last": 1473766203113,
          "Matches": [
            {
              "Domain": "virgin.co.za",
              "First": 1473766128529,
              "Last": 1473766128529,
              "Overlap": true
            }
          ]
        },
        {
          "Type": "google-tag-manager",
          "Value": "TPRWZVD",
          "First": 1481006306500,
          "Last": 1586508122565,
          "Matches": [
            {
              "Domain": "virgininvestments.co.uk",
              "First": 1481028452471,
              "Last": 1524470453088,
              "Overlap": true
            },
            {
              "Domain": "virgin.co.za",
              "First": 1481343508830,
              "Last": 1524474141102,
              "Overlap": true
            },
            {
              "Domain": "virgin.com.au",
              "First": 1481767290953,
              "Last": 1529275765702,
              "Overlap": true
            },
            {
              "Domain": "virgin.co.uk",
              "First": 1481790306781,
              "Last": 1529275765702,
              "Overlap": true
            },
            {
              "Domain": "virginunite.co.uk",
              "First": 1481794113624,
              "Last": 1613519140417,
              "Overlap": true
            },
            {
              "Domain": "virgindigital.com",
              "First": 1485398114262,
              "Last": 1488859948578,
              "Overlap": true
            },
            {
              "Domain": "virginradiooman.com",
              "First": 1512004152514,
              "Last": 1517481389302,
              "Overlap": true
            },
            {
              "Domain": "virginplanes.com",
              "First": 1512004152514,
              "Last": 1529272839152,
              "Overlap": true
            },
            {
              "Domain": "vfestival.com",
              "First": 1514208233918,
              "Last": 1529272505116,
              "Overlap": true
            },
            {
              "Domain": "virginunite.org",
              "First": 1514201280951,
              "Last": 1529272839152,
              "Overlap": true
            },
            {
              "Domain": "no-ordinary-airline.info",
              "First": 1537829188735,
              "Last": 1537829188735,
              "Overlap": true
            },
            {
              "Domain": "theyoungersfoundation.org",
              "First": 1517518125317,
              "Last": 1524490876147,
              "Overlap": true
            },
            {
              "Domain": "bransoncentre.co",
              "First": 1528333930103,
              "Last": 1528333930103,
              "Overlap": true
            },
            {
              "Domain": "superverge.com",
              "First": 1529224429209,
              "Last": 1529224429209,
              "Overlap": true
            },
            {
              "Domain": "thevirginecho.com",
              "First": 1529233768446,
              "Last": 1529233768446,
              "Overlap": true
            },
            {
              "Domain": "virgintrophy.com",
              "First": 1563335645231,
              "Last": 1586292424153,
              "Overlap": true
            },
            {
              "Domain": "virginbusinesstravel.com",
              "First": 1586292633497,
              "Last": 1586292633497,
              "Overlap": true
            }
          ]
        },
        {
          "Type": "bizo",
          "Value": "55908",
          "First": 1498486699918,
          "Last": 1514213112035,
          "Matches": [
            {
              "Domain": "gamezone.com",
              "First": 1463021142264,
              "Last": 1512068072007,
              "Overlap": true
            },
            {
              "Domain": "gamz0ne.com",
              "First": 1464157781092,
              "Last": 1468395968230,
              "Overlap": false
            },
            {
              "Domain": "kombo.com",
              "First": 1476459986228,
              "Last": 1512055120159,
              "Overlap": true
            },
            {
              "Domain": "virgin.com.au",
              "First": 1498505205632,
              "Last": 1514159068586,
              "Overlap": true
            },
            {
              "Domain": "virgin.co.uk",
              "First": 1498504976268,
              "Last": 1511985052286,
              "Overlap": true
            },
            {
              "Domain": "virgin.co.za",
              "First": 1498634168983,
              "Last": 1514234760968,
              "Overlap": true
            },
            {
              "Domain": "virginunite.co.uk",
              "First": 1509899428725,
              "Last": 1509899428725,
              "Overlap": true
            },
            {
              "Domain": "virginradiooman.com",
              "First": 1512004152514,
              "Last": 1514201280951,
              "Overlap": true
            },
            {
              "Domain": "virginplanes.com",
              "First": 1512004152514,
              "Last": 1514201280951,
              "Overlap": true
            },
            {
              "Domain": "virgininvestments.co.uk",
              "First": 1512004152514,
              "Last": 1514204426151,
              "Overlap": true
            },
            {
              "Domain": "gameizone.com",
              "First": 1512058045392,
              "Last": 1512058045392,
              "Overlap": true
            },
            {
              "Domain": "vfestival.com",
              "First": 1514208233918,
              "Last": 1514208233918,
              "Overlap": true
            },
            {
              "Domain": "virginunite.org",
              "First": 1514201280951,
              "Last": 1514201280951,
              "Overlap": true
            }
          ]
        },
        {
          "Type": "ip",
          "Value": "54.247.120.7",
          "First": 1464184800000,
          "Last": 1595051057549,
          "Matches": []
        },
        {
          "Type": "bizo",
          "Value": "171209",
          "First": 1517480407286,
          "Last": 1583581542175,
          "Matches": [
            {
              "Domain": "hidmet.gov.rs",
              "First": 1228690800000,
              "Last": 1635201599285,
              "Overlap": true
            },
            {
              "Domain": "meteoalarm.rs",
              "First": 1329742800000,
              "Last": 1625749012862,
              "Overlap": true
            },
            {
              "Domain": "annahstrettonweddings.com",
              "First": 1473596844660,
              "Last": 1484036682341,
              "Overlap": false
            },
            {
              "Domain": "virgininvestments.co.uk",
              "First": 1517481389302,
              "Last": 1524470453088,
              "Overlap": true
            },
            {
              "Domain": "virginunite.org",
              "First": 1517481389302,
              "Last": 1529272839152,
              "Overlap": true
            },
            {
              "Domain": "virginradiooman.com",
              "First": 1517481389302,
              "Last": 1517481389302,
              "Overlap": true
            },
            {
              "Domain": "virginplanes.com",
              "First": 1517481389302,
              "Last": 1529272839152,
              "Overlap": true
            },
            {
              "Domain": "vfestival.com",
              "First": 1517518858008,
              "Last": 1529272505116,
              "Overlap": true
            },
            {
              "Domain": "virgin.com.au",
              "First": 1517480846887,
              "Last": 1529275765702,
              "Overlap": true
            },
            {
              "Domain": "virginunite.co.uk",
              "First": 1517480846887,
              "Last": 1529278700584,
              "Overlap": true
            },
            {
              "Domain": "virgin.co.uk",
              "First": 1517480846887,
              "Last": 1529275765702,
              "Overlap": true
            },
            {
              "Domain": "virgin.co.za",
              "First": 1517492112644,
              "Last": 1524474141102,
              "Overlap": true
            },
            {
              "Domain": "theyoungersfoundation.org",
              "First": 1517518125317,
              "Last": 1524490876147,
              "Overlap": true
            },
            {
              "Domain": "bransoncentre.co",
              "First": 1528333930103,
              "Last": 1528333930103,
              "Overlap": true
            },
            {
              "Domain": "superverge.com",
              "First": 1529224429209,
              "Last": 1529224429209,
              "Overlap": true
            },
            {
              "Domain": "thevirginecho.com",
              "First": 1529233768446,
              "Last": 1529233768446,
              "Overlap": true
            },
            {
              "Domain": "virgintrophy.com",
              "First": 1563335645231,
              "Last": 1563335645231,
              "Overlap": true
            },
            {
              "Domain": "mccc.rs",
              "First": 1625713582443,
              "Last": 1625713582443,
              "Overlap": false
            }
          ]
        },
        {
          "Type": "ip",
          "Value": "104.28.18.146",
          "First": 1532901033728,
          "Last": 1545190283258,
          "Matches": []
        },
        {
          "Type": "ip",
          "Value": "104.28.19.146",
          "First": 1532901033728,
          "Last": 1545190283258,
          "Matches": []
        },
        {
          "Type": "ip",
          "Value": "213.105.9.43",
          "First": 1532991600000,
          "Last": 1586530230512,
          "Matches": []
        },
        {
          "Type": "ip",
          "Value": "216.87.148.114",
          "First": 1533547673268,
          "Last": 1573624840921,
          "Matches": []
        },
        {
          "Type": "ip",
          "Value": "88.208.252.9",
          "First": 1533697133128,
          "Last": 1584900334742,
          "Matches": []
        },
        {
          "Type": "ip",
          "Value": "151.101.2.217",
          "First": 1559489348786,
          "Last": 1586510307449,
          "Matches": []
        },
        {
          "Type": "ip",
          "Value": "184.168.131.241",
          "First": 1559939068518,
          "Last": 1585009138443,
          "Matches": []
        },
        {
          "Type": "ip",
          "Value": "204.74.99.103",
          "First": 1575738817936,
          "Last": 1593654445057,
          "Matches": []
        },
        {
          "Type": "ip",
          "Value": "46.236.25.44",
          "First": 1579214740182,
          "Last": 1579214740182,
          "Matches": []
        },
        {
          "Type": "ip",
          "Value": "184.168.221.14",
          "First": 1586292676743,
          "Last": 1586292676743,
          "Matches": []
        },
        {
          "Type": "ip",
          "Value": "184.168.221.24",
          "First": 1586292676743,
          "Last": 1586292676743,
          "Matches": []
        },
        {
          "Type": "ip",
          "Value": "99.84.238.123",
          "First": 1599655906157,
          "Last": 1599655906157,
          "Matches": []
        },
        {
          "Type": "ip",
          "Value": "13.225.71.125",
          "First": 1601116396426,
          "Last": 1601116396426,
          "Matches": []
        },
        {
          "Type": "google-tag-manager",
          "Value": "TSNL9L5",
          "First": 1601167387323,
          "Last": 1635258286989,
          "Matches": [
            {
              "Domain": "v.org.uk",
              "First": 1601264042841,
              "Last": 1614200292584,
              "Overlap": true
            },
            {
              "Domain": "v.co.uk",
              "First": 1601264042841,
              "Last": 1614200221285,
              "Overlap": true
            },
            {
              "Domain": "richardbranson.com",
              "First": 1602011709199,
              "Last": 1611982503323,
              "Overlap": true
            },
            {
              "Domain": "richardbranson.co.uk",
              "First": 1602011709199,
              "Last": 1611982428111,
              "Overlap": true
            },
            {
              "Domain": "richardbranson.net",
              "First": 1602011709199,
              "Last": 1611982503323,
              "Overlap": true
            },
            {
              "Domain": "virgindigital.com",
              "First": 1602320757223,
              "Last": 1613514380384,
              "Overlap": true
            },
            {
              "Domain": "virgin.co.za",
              "First": 1602321318840,
              "Last": 1613516668755,
              "Overlap": true
            },
            {
              "Domain": "virgin.fr",
              "First": 1602321318840,
              "Last": 1613516668755,
              "Overlap": true
            },
            {
              "Domain": "virgin.com.au",
              "First": 1602321318840,
              "Last": 1613516668755,
              "Overlap": true
            },
            {
              "Domain": "virgin.co.uk",
              "First": 1602321318840,
              "Last": 1612514802215,
              "Overlap": true
            },
            {
              "Domain": "virginvolcanic.com",
              "First": 1602321173279,
              "Last": 1613516525079,
              "Overlap": true
            },
            {
              "Domain": "virgintrophy.com",
              "First": 1602321302274,
              "Last": 1613516454498,
              "Overlap": true
            },
            {
              "Domain": "virginbusinesstravel.com",
              "First": 1602320836271,
              "Last": 1613515614575,
              "Overlap": true
            },
            {
              "Domain": "vfestival.com",
              "First": 1607392711501,
              "Last": 1613474668078,
              "Overlap": true
            },
            {
              "Domain": "menageclean.com",
              "First": 1619108995596,
              "Last": 1625740280961,
              "Overlap": true
            },
            {
              "Domain": "sxjingguan.com",
              "First": 1621779305255,
              "Last": 1622956418828,
              "Overlap": true
            },
            {
              "Domain": "urlreputation.net",
              "First": 1623163025485,
              "Last": 1623163025485,
              "Overlap": true
            },
            {
              "Domain": "thevouchernews.com",
              "First": 1627666923484,
              "Last": 1627666923484,
              "Overlap": true
            }
          ]
        },
        {
          "Type": "ip",
          "Value": "13.225.65.27",
          "First": 1612891737245,
          "Last": 1614326400000,
          "Matches": []
        },
        {
          "Type": "ip",
          "Value": "99.84.208.44",
          "First": 1614758400000,
          "Last": 1614931200000,
          "Matches": []
        },
        {
          "Type": "ip",
          "Value": "13.32.181.107",
          "First": 1614326400000,
          "Last": 1615190400000,
          "Matches": []
        },
        {
          "Type": "ip",
          "Value": "13.32.181.47",
          "First": 1614326400000,
          "Last": 1615104000000,
          "Matches": []
        },
        {
          "Type": "ip",
          "Value": "13.227.73.102",
          "First": 1618242922958,
          "Last": 1618242922958,
          "Matches": []
        },
        {
          "Type": "ip",
          "Value": "99.84.105.55",
          "First": 1614153600000,
          "Last": 1614153600000,
          "Matches": []
        },
        {
          "Type": "ip",
          "Value": "13.225.65.79",
          "First": 1614326400000,
          "Last": 1614326400000,
          "Matches": []
        },
        {
          "Type": "ip",
          "Value": "99.84.45.3",
          "First": 1614326400000,
          "Last": 1614326400000,
          "Matches": []
        },
        {
          "Type": "ip",
          "Value": "13.225.65.68",
          "First": 1614326400000,
          "Last": 1614326400000,
          "Matches": []
        },
        {
          "Type": "ip",
          "Value": "13.225.65.113",
          "First": 1614326400000,
          "Last": 1614326400000,
          "Matches": []
        },
        {
          "Type": "ip",
          "Value": "65.8.180.88",
          "First": 1614326400000,
          "Last": 1614326400000,
          "Matches": []
        },
        {
          "Type": "ip",
          "Value": "52.84.52.66",
          "First": 1614326400000,
          "Last": 1614326400000,
          "Matches": []
        },
        {
          "Type": "ip",
          "Value": "13.32.181.79",
          "First": 1614326400000,
          "Last": 1615017600000,
          "Matches": []
        },
        {
          "Type": "ip",
          "Value": "99.84.45.46",
          "First": 1614326400000,
          "Last": 1614326400000,
          "Matches": []
        },
        {
          "Type": "ip",
          "Value": "52.84.52.72",
          "First": 1614326400000,
          "Last": 1614326400000,
          "Matches": []
        },
        {
          "Type": "ip",
          "Value": "65.8.180.96",
          "First": 1614326400000,
          "Last": 1614326400000,
          "Matches": []
        },
        {
          "Type": "ip",
          "Value": "52.84.52.25",
          "First": 1614326400000,
          "Last": 1614326400000,
          "Matches": []
        },
        {
          "Type": "ip",
          "Value": "13.32.181.10",
          "First": 1614326400000,
          "Last": 1614931200000,
          "Matches": []
        },
        {
          "Type": "ip",
          "Value": "65.8.180.32",
          "First": 1614326400000,
          "Last": 1614326400000,
          "Matches": []
        },
        {
          "Type": "ip",
          "Value": "65.8.180.100",
          "First": 1614326400000,
          "Last": 1614326400000,
          "Matches": []
        },
        {
          "Type": "ip",
          "Value": "52.84.52.109",
          "First": 1614326400000,
          "Last": 1614326400000,
          "Matches": []
        },
        {
          "Type": "ip",
          "Value": "13.225.230.101",
          "First": 1614326400000,
          "Last": 1614326400000,
          "Matches": []
        },
        {
          "Type": "ip",
          "Value": "99.84.208.56",
          "First": 1614758400000,
          "Last": 1614931200000,
          "Matches": []
        },
        {
          "Type": "ip",
          "Value": "99.84.208.116",
          "First": 1614758400000,
          "Last": 1614844800000,
          "Matches": []
        },
        {
          "Type": "ip",
          "Value": "99.84.208.8",
          "First": 1614758400000,
          "Last": 1614758400000,
          "Matches": []
        },
        {
          "Type": "ip",
          "Value": "99.84.111.14",
          "First": 1618815600000,
          "Last": 1618815600000,
          "Matches": []
        },
        {
          "Type": "google-analytics",
          "Value": "950232",
          "First": 1167865200000,
          "Last": 1167865200000,
          "Matches": [
            {
              "Domain": "bitlab.academy",
              "First": 1534207835937,
              "Last": 1534207835937,
              "Overlap": false
            }
          ]
        },
        {
          "Type": "ip",
          "Value": "13.225.209.95",
          "First": 1623550718821,
          "Last": 1623550718821,
          "Matches": []
        },
        {
          "Type": "ip",
          "Value": "13.249.126.127",
          "First": 1628095362068,
          "Last": 1628095362068,
          "Matches": []
        }
      ]
    }
  ],
  "Errors": []
}