{
  "Identifers": [
    {
      "Value": "IP-13.224.221.46",
      "Matches": [
        {
          "Domain": "pme-claro-hml.apolowifi.com",
          "First": 1623755835989,
          "Last": 1623755835989
        },
        {
          "Domain": "newsletter.as1.at",
          "First": 1623785213450,
          "Last": 1623785213450
        },
        {
          "Domain": "cayrashop.com.ar",
          "First": 1624230697149,
          "Last": 1624230697149
        },
        {
          "Domain": "fix-admin.services-store.citroen.be",
          "First": 1624319998312,
          "Last": 1624319998312
        },
        {
          "Domain": "datadoorman.com",
          "First": 1624458085767,
          "Last": 1624458085767
        },
        {
          "Domain": "discovery-plus.jp",
          "First": 1624517605749,
          "Last": 1624517605749
        },
        {
          "Domain": "education.exstreamity.community",
          "First": 1624748190716,
          "Last": 1624748190716
        },
        {
          "Domain": "exstreamity.tv",
          "First": 1624748190716,
          "Last": 1624748190716
        },
        {
          "Domain": "fidgrit.com",
          "First": 1624828702201,
          "Last": 1624828702201
        },
        {
          "Domain": "figer.com",
          "First": 1624830785395,
          "Last": 1624830785395
        },
        {
          "Domain": "flag-images.com",
          "First": 1624855469948,
          "Last": 1624855469948
        },
        {
          "Domain": "ivanho521.com",
          "First": 1625253476521,
          "Last": 1625253476521
        },
        {
          "Domain": "lego.ee",
          "First": 1625558017609,
          "Last": 1625558017609
        },
        {
          "Domain": "lego.es",
          "First": 1625558017609,
          "Last": 1625558017609
        },
        {
          "Domain": "lego.ch",
          "First": 1625558017609,
          "Last": 1625558017609
        },
        {
          "Domain": "lego.co",
          "First": 1625558017609,
          "Last": 1625558017609
        },
        {
          "Domain": "lego.co.kr",
          "First": 1625558017609,
          "Last": 1625558017609
        },
        {
          "Domain": "lego.co.nz",
          "First": 1625558017609,
          "Last": 1625558017609
        },
        {
          "Domain": "manscederberg.com",
          "First": 1625663679994,
          "Last": 1625663679994
        },
        {
          "Domain": "myjttv.com",
          "First": 1625846333502,
          "Last": 1625846333502
        },
        {
          "Domain": "links.smartr.me",
          "First": 1634081891340,
          "Last": 1634081891340
        },
        {
          "Domain": "smiledentalstudios.com.au",
          "First": 1634083033083,
          "Last": 1634083033083
        },
        {
          "Domain": "thenotifyhubqa.com",
          "First": 1634546183986,
          "Last": 1634546183986
        },
        {
          "Domain": "oostendorp.prd.toyota-dealerwebsites.nl",
          "First": 1634678778390,
          "Last": 1634678778390
        },
        {
          "Domain": "management.dev.trapelohealth.com",
          "First": 1634688429006,
          "Last": 1634688429006
        },
        {
          "Domain": "notes.trivedi.info",
          "First": 1634703008914,
          "Last": 1634703008914
        }
      ]
    }
  ],
  "Errors": null
}