{"Group1": [["Web Servers", "Web Master Registration", "Name Server", "Verified CDN", "Content Delivery Network", "SSL Certificates", "Domain Parking", "Email Hosting Providers", "Operating Systems and Servers"], 0.8], "Group2": [["Content Management System", "Copyright", "Document Encoding", "Document Standards", "Syndication Techniques", "Verified Link"], 0.6], "Group3": [["SEO Header Tag", "SEO Meta Tag", "SEO Title Tag", "Web Hosting Providers"], 0.2], "Group4": [["Frameworks", "JavaScript Libraries and Functions", "Language"], 0.9], "Group5": [["Widgets", "Shipping Providers", "Robots.txt", "Advertising", "Analytics and Tracking", "Audio / Video Media", "eCommerce", "Mapping", "Mobile", "Payment", "Registrar Services"], 0.1]}