[{
  "ID": 0,
  "Company": "abbott",
  "Hostname": "www.abbott.com"
},{
  "ID": 2,
  "Company": "advanced auto parts",
  "Hostname": "www.advancedautoparts.com"
},{
  "ID": 3,
  "Company": "albertsons",
  "Hostname": "www.albertsons.com"
},{
  "ID": 4,
  "Company": "amazon",
  "Hostname": "www.amazon.com"
},{
  "ID": 5,
  "Company": "american electric power",
  "Hostname": "www.aep.com"
},{
  "ID": 6,
  "Company": "american international group",
  "Hostname": "www.aig.com"
},{
  "ID": 7,
  "Company": "aol time warner",
  "Hostname": "www.aoltimewarner.com"
},{
  "ID": 8,
  "Company": "aquila",
  "Hostname": "www.aquilaboats.com"
},{
  "ID": 9,
  "Company": "arkose labs",
  "Hostname": "www.arkoselabs.com"
},{
  "ID": 10,
  "Company": "armo",
  "Hostname": "www.im.it"
},{
  "ID": 11,
  "Company": "at&t",
  "Hostname": "www.att.com"
},{
  "ID": 12,
  "Company": "attackiq",
  "Hostname": "attackiq.com"
},{
  "ID": 13,
  "Company": "aura",
  "Hostname": "www.aura.com"
},{
  "ID": 14,
  "Company": "avalere health",
  "Hostname": "www.avalere.com"
},{
  "ID": 15,
  "Company": "bank of america corp.",
  "Hostname": "www.bankofamerica.com"
},{
  "ID": 16,
  "Company": "berkshire hathaway",
  "Hostname": "www.berkshirehathaway.com"
},{
  "ID": 17,
  "Company": "bluevoyant",
  "Hostname": "www.bluevoyant.com"
},{
  "ID": 18,
  "Company": "bmo",
  "Hostname": "www.bmo.com"
},{
  "ID": 19,
  "Company": "boeing",
  "Hostname": "www.boeing.com"
},{
  "ID": 20,
  "Company": "branch banking and trust company",
  "Hostname": "www.truist.com"
},{
  "ID": 21,
  "Company": "broward college",
  "Hostname": "www.broward.edu"
},{
  "ID": 22,
  "Company": "cardinal health",
  "Hostname": "www.cardinalhealth.ca"
},{
  "ID": 23,
  "Company": "casa",
  "Hostname": "www.casashops.com"
},{
  "ID": 24,
  "Company": "centers for medicare",
  "Hostname": "www.cms.gov"
},{
  "ID": 25,
  "Company": "chevrontexaco",
  "Hostname": "www.chevrontexaco.com"
},{
  "ID": 26,
  "Company": "citigroup",
  "Hostname": "www.citigroup.com"
},{
  "ID": 27,
  "Company": "claroty",
  "Hostname": "claroty.com"
},{
  "ID": 28,
  "Company": "cobalt",
  "Hostname": "www.cobalt.io"
},{
  "ID": 29,
  "Company": "corelight",
  "Hostname": "corelight.com"
},{
  "ID": 30,
  "Company": "corsha",
  "Hostname": "corsha.com"
},{
  "ID": 31,
  "Company": "cyera",
  "Hostname": "www.cyera.io"
},{
  "ID": 32,
  "Company": "cyware",
  "Hostname": "cyware.com"
},{
  "ID": 33,
  "Company": "dashlane",
  "Hostname": "www.dashlane.com"
},{
  "ID": 34,
  "Company": "datagrail",
  "Hostname": "www.datagrail.io"
},{
  "ID": 35,
  "Company": "deep instinct",
  "Hostname": "www.deepinstinct.com"
},{
  "ID": 36,
  "Company": "drata",
  "Hostname": "drata.com"
},{
  "ID": 37,
  "Company": "duke energy",
  "Hostname": "www.duke-energy.com"
},{
  "ID": 38,
  "Company": "dynegy",
  "Hostname": "www.dynegy.com"
},{
  "ID": 39,
  "Company": "eddie bauer llc",
  "Hostname": "www.eddiebauer.com"
},{
  "ID": 40,
  "Company": "edge",
  "Hostname": "www.microsoft.com"
},{
  "ID": 41,
  "Company": "el paso",
  "Hostname": "www.elpasotexas.gov"
},{
  "ID": 42,
  "Company": "enron",
  "Hostname": "www.enron.com"
},{
  "ID": 43,
  "Company": "enveil",
  "Hostname": "www.enveil.com"
},{
  "ID": 44,
  "Company": "esper",
  "Hostname": "www.esper.io"
},{
  "ID": 45,
  "Company": "exxon mobil",
  "Hostname": "corporate.exxonmobil.com"
},{
  "ID": 46,
  "Company": "fannie mae",
  "Hostname": "www.fanniemae.com"
},{
  "ID": 47,
  "Company": "flad architects",
  "Hostname": "www.flad.com"
},{
  "ID": 48,
  "Company": "flexa",
  "Hostname": "www.flexa.nl"
},{
  "ID": 49,
  "Company": "flock safety",
  "Hostname": "www.flocksafety.com"
},{
  "ID": 50,
  "Company": "forallsecure",
  "Hostname": "forallsecure.com"
},{
  "ID": 51,
  "Company": "ford motor",
  "Hostname": "corporate.ford.com"
},{
  "ID": 52,
  "Company": "freddie mac",
  "Hostname": "www.freddiemac.com"
},{
  "ID": 53,
  "Company": "general electric",
  "Hostname": "www.ge.com"
},{
  "ID": 54,
  "Company": "general motors",
  "Hostname": "www.gm.com"
},{
  "ID": 55,
  "Company": "google",
  "Hostname": "www.google.com"
},{
  "ID": 56,
  "Company": "hewlett-packard",
  "Hostname": "www.hewlett-packard.com"
},{
  "ID": 57,
  "Company": "home box office inc",
  "Hostname": "www.hbo.com"
},{
  "ID": 58,
  "Company": "home depot",
  "Hostname": "www.homedepot.com"
},{
  "ID": 59,
  "Company": "illumio",
  "Hostname": "www.illumio.com"
},{
  "ID": 60,
  "Company": "innovage",
  "Hostname": "www.innovage.com"
},{
  "ID": 61,
  "Company": "inovalon inc",
  "Hostname": "www.inovalon.com"
},{
  "ID": 62,
  "Company": "instagram",
  "Hostname": "www.instagram.com"
},{
  "ID": 63,
  "Company": "intigriti",
  "Hostname": "www.intigriti.com"
},{
  "ID": 64,
  "Company": "intl. business machines",
  "Hostname": "www.ibm.com"
},{
  "ID": 65,
  "Company": "intuit",
  "Hostname": "www.intuit.com"
},{
  "ID": 66,
  "Company": "j.p. morgan chase & co.",
  "Hostname": "www.jpmorganchase.com"
},{
  "ID": 67,
  "Company": "jumpcloud",
  "Hostname": "jumpcloud.com"
},{
  "ID": 68,
  "Company": "kmart",
  "Hostname": "www.kmart.com"
},{
  "ID": 69,
  "Company": "kroger",
  "Hostname": "www.kroger.com"
},{
  "ID": 70,
  "Company": "laboratory corp",
  "Hostname": "www.labcorp.com"
},{
  "ID": 71,
  "Company": "lifequote",
  "Hostname": "www.lifequote.com"
},{
  "ID": 72,
  "Company": "malwarebytes",
  "Hostname": "www.malwarebytes.com"
},{
  "ID": 73,
  "Company": "mckesson",
  "Hostname": "www.mckesson.com"
},{
  "ID": 74,
  "Company": "menlo security",
  "Hostname": "www.menlosecurity.com"
},{
  "ID": 75,
  "Company": "merck",
  "Hostname": "www.merck.com"
},{
  "ID": 76,
  "Company": "merrill lynch",
  "Hostname": "www.ml.com"
},{
  "ID": 77,
  "Company": "meta",
  "Hostname": "meta-ops.eu"
},{
  "ID": 78,
  "Company": "microsoft",
  "Hostname": "www.microsoft.com"
},{
  "ID": 79,
  "Company": "minut",
  "Hostname": "www.minut.com"
},{
  "ID": 80,
  "Company": "morgan stanley dean witter",
  "Hostname": "www.morganstanley.com"
},{
  "ID": 81,
  "Company": "native shoes",
  "Hostname": "www.nativeshoes.com"
},{
  "ID": 82,
  "Company": "network perception",
  "Hostname": "network-perception.com"
},{
  "ID": 83,
  "Company": "nike",
  "Hostname": "www.nike.com"
},{
  "ID": 84,
  "Company": "nym technologies",
  "Hostname": "www.nymtech.net"
},{
  "ID": 85,
  "Company": "perception point",
  "Hostname": "perception-point.io"
},{
  "ID": 86,
  "Company": "philip morris",
  "Hostname": "www.pmi.com"
},{
  "ID": 87,
  "Company": "polysign",
  "Hostname": "www.polysign.io"
},{
  "ID": 88,
  "Company": "procter & gamble",
  "Hostname": "us.pg.com"
},{
  "ID": 89,
  "Company": "protonmail",
  "Hostname": "proton.me"
},{
  "ID": 90,
  "Company": "protransport",
  "Hostname": "www.protransport.info"
},{
  "ID": 91,
  "Company": "reliant energy",
  "Hostname": "www.reliant.com"
},{
  "ID": 92,
  "Company": "response teck",
  "Hostname": "www.responsetek.com"
},{
  "ID": 93,
  "Company": "royal bank of canada",
  "Hostname": "www.rbcroyalbank.com"
},{
  "ID": 94,
  "Company": "safebreach",
  "Hostname": "www.safebreach.com"
},{
  "ID": 95,
  "Company": "samsung",
  "Hostname": "www.samsung.com"
},{
  "ID": 96,
  "Company": "sbc communications",
  "Hostname": "www.sbccommunications.co.uk"
},{
  "ID": 97,
  "Company": "sears roebuck",
  "Hostname": "www.searsroebuck.org"
},{
  "ID": 98,
  "Company": "secureframe",
  "Hostname": "secureframe.com"
},{
  "ID": 99,
  "Company": "securityscorecard",
  "Hostname": "securityscorecard.com"
},{
  "ID": 100,
  "Company": "shiftleft",
  "Hostname": "www.shiftleft.io"
},{
  "ID": 101,
  "Company": "southwest airlines",
  "Hostname": "www.southwest.com"
},{
  "ID": 102,
  "Company": "stackoverflow",
  "Hostname": "stackoverflow.com"
},{
  "ID": 103,
  "Company": "state farm insurance cos.",
  "Hostname": "www.statefarm.com"
},{
  "ID": 104,
  "Company": "stellar cyber",
  "Hostname": "stellarcyber.ai"
},{
  "ID": 105,
  "Company": "strongdm",
  "Hostname": "www.strongdm.com"
},{
  "ID": 106,
  "Company": "synapse",
  "Hostname": "www.synapse.com"
},{
  "ID": 107,
  "Company": "target",
  "Hostname": "www.target.com"
},{
  "ID": 108,
  "Company": "teladoc",
  "Hostname": "www.teladochealth.com"
},{
  "ID": 109,
  "Company": "tesla",
  "Hostname": "www.tesla.com"
},{
  "ID": 110,
  "Company": "the broussard group llc",
  "Hostname": "thebroussardgroup.com"
},{
  "ID": 111,
  "Company": "tokenex",
  "Hostname": "www.tokenex.com"
},{
  "ID": 112,
  "Company": "transmit security",
  "Hostname": "www.transmitsecurity.com"
},{
  "ID": 113,
  "Company": "triumvirate environmental inc",
  "Hostname": "www.triumvirate.com"
},{
  "ID": 114,
  "Company": "trulioo",
  "Hostname": "www.trulioo.com"
},{
  "ID": 115,
  "Company": "truora",
  "Hostname": "www.truora.com"
},{
  "ID": 116,
  "Company": "trustap",
  "Hostname": "www.trustap.com"
},{
  "ID": 117,
  "Company": "twitch",
  "Hostname": "www.twitch.tv"
},{
  "ID": 118,
  "Company": "verizon communications",
  "Hostname": "www.verizon.com"
},{
  "ID": 119,
  "Company": "very good security",
  "Hostname": "www.verygoodsecurity.com"
},{
  "ID": 120,
  "Company": "vida",
  "Hostname": "www.vida.com"
},{
  "ID": 121,
  "Company": "virgin enterprises limited",
  "Hostname": "www.virgin.com"
},{
  "ID": 122,
  "Company": "walmart",
  "Hostname": "www.walmart.com"
},{
  "ID": 123,
  "Company": "wiz",
  "Hostname": "www.wizconnected.com"
},{
  "ID": 124,
  "Company": "yahoo",
  "Hostname": "www.yahoo.com"
},{
  "ID": 125,
  "Company": "zignal labs",
  "Hostname": "zignallabs.com"
},{
  "ID": 126,
  "Company": "zillow group",
  "Hostname": "www.zillowgroup.com"
},{
  "ID": 127,
  "Company": "zocdoc",
  "Hostname": "www.zocdoc.com"
},{
  "ID": 128,
  "Company": "uber",
  "Hostname": "www.uber.com"
},{
  "ID": 129,
  "Company": "unity",
  "Hostname": "www.unity.com"
}]