[{
  "ID": 0,
  "nvd_score": 6.58,
  "css_score": 2.41,
  "nvd_Date": "2022-10-06",
  "css_Date": "2022-10-06",
  "overall_score": 7.78,
  "overall_Date": "2022-10-06",
  "breach_risk_score": 9.9,
  "breach_Date": "2022-10-06",
  "bss_score": 0.4824,
  "bss_Date": "2022-10-06",
  "BSS": 10
},{
  "ID": 2,
  "nvd_score": 6.79,
  "css_score": 1.85,
  "nvd_Date": "2022-10-06",
  "css_Date": "2022-10-06",
  "overall_score": 3.6,
  "overall_Date": "2022-10-06",
  "breach_risk_score": 3.5999999999999996,
  "breach_Date": "2022-10-06",
  "bss_score": 0,
  "bss_Date": "2022-10-06",
  "BSS": 0
},{
  "ID": 3,
  "nvd_score": 6.59,
  "css_score": 2.14,
  "nvd_Date": "2022-10-06",
  "css_Date": "2022-10-06",
  "overall_score": 6.03,
  "overall_Date": "2022-10-06",
  "breach_risk_score": 9.8,
  "breach_Date": "2022-10-06",
  "bss_score": 5.918,
  "bss_Date": "2022-10-06",
  "BSS": 3.41
},{
  "ID": 4,
  "nvd_score": 4.57,
  "css_score": 1.86,
  "nvd_Date": "2022-10-06",
  "css_Date": "2022-10-06",
  "overall_score": 5.26,
  "overall_Date": "2022-10-06",
  "breach_risk_score": 10,
  "breach_Date": "2022-10-06",
  "bss_score": -0.3823,
  "bss_Date": "2022-10-06",
  "BSS": 3.01
},{
  "ID": 5,
  "nvd_score": 4.78,
  "css_score": 1.87,
  "nvd_Date": "2022-10-06",
  "css_Date": "2022-10-06",
  "overall_score": 5.12,
  "overall_Date": "2022-10-06",
  "breach_risk_score": 9.6,
  "breach_Date": "2022-10-06",
  "bss_score": -0.2125,
  "bss_Date": "2022-10-06",
  "BSS": 2.58
},{
  "ID": 6,
  "nvd_score": 6.17,
  "css_score": 2.89,
  "nvd_Date": "2022-10-06",
  "css_Date": "2022-10-06",
  "overall_score": 5.79,
  "overall_Date": "2022-10-06",
  "breach_risk_score": 9.3,
  "breach_Date": "2022-10-06",
  "bss_score": -1.027,
  "bss_Date": "2022-10-06",
  "BSS": 2.53
},{
  "ID": 7,
  "nvd_score": 3.24,
  "css_score": 0.94,
  "nvd_Date": "2022-10-06",
  "css_Date": "2022-10-06",
  "overall_score": 3.78,
  "overall_Date": "2022-10-06",
  "breach_risk_score": 9.9,
  "breach_Date": "2022-10-06",
  "bss_score": 0,
  "bss_Date": "2022-10-06",
  "BSS": 0
},{
  "ID": 8,
  "nvd_score": 0,
  "css_score": 0,
  "nvd_Date": "2022-10-06",
  "css_Date": "2022-10-06",
  "overall_score": 2.19,
  "overall_Date": "2022-10-06",
  "breach_risk_score": 8.6,
  "breach_Date": "2022-10-06",
  "bss_score": 3.1017,
  "bss_Date": "2022-10-06",
  "BSS": 0.15
},{
  "ID": 9,
  "nvd_score": 7.05,
  "css_score": 2.16,
  "nvd_Date": "2022-10-06",
  "css_Date": "2022-10-06",
  "overall_score": 5.35,
  "overall_Date": "2022-10-06",
  "breach_risk_score": 9.9,
  "breach_Date": "2022-10-06",
  "bss_score": 0,
  "bss_Date": "2022-10-06",
  "BSS": 0
},{
  "ID": 10,
  "nvd_score": 3.9,
  "css_score": 0.87,
  "nvd_Date": "2022-10-06",
  "css_Date": "2022-10-06",
  "overall_score": 5.51,
  "overall_Date": "2022-10-06",
  "breach_risk_score": 8.4,
  "breach_Date": "2022-10-06",
  "bss_score": -6.3063,
  "bss_Date": "2022-10-06",
  "BSS": 7.69
},{
  "ID": 11,
  "nvd_score": 4.57,
  "css_score": 1.86,
  "nvd_Date": "2022-10-06",
  "css_Date": "2022-10-06",
  "overall_score": 4.51,
  "overall_Date": "2022-10-06",
  "breach_risk_score": 10,
  "breach_Date": "2022-10-06",
  "bss_score": 0,
  "bss_Date": "2022-10-06",
  "BSS": 0
},{
  "ID": 12,
  "nvd_score": 6.51,
  "css_score": 2.2,
  "nvd_Date": "2022-10-06",
  "css_Date": "2022-10-06",
  "overall_score": 2.82,
  "overall_Date": "2022-10-06",
  "breach_risk_score": 0.4,
  "breach_Date": "2022-10-06",
  "bss_score": 0,
  "bss_Date": "2022-10-06",
  "BSS": 0
},{
  "ID": 13,
  "nvd_score": 7.2,
  "css_score": 1.79,
  "nvd_Date": "2022-10-06",
  "css_Date": "2022-10-06",
  "overall_score": 6.05,
  "overall_Date": "2022-10-06",
  "breach_risk_score": 9.5,
  "breach_Date": "2022-10-06",
  "bss_score": 1.0582,
  "bss_Date": "2022-10-06",
  "BSS": 3.48
},{
  "ID": 14,
  "nvd_score": 6.58,
  "css_score": 2.41,
  "nvd_Date": "2022-10-06",
  "css_Date": "2022-10-06",
  "overall_score": 5.18,
  "overall_Date": "2022-10-06",
  "breach_risk_score": 9.5,
  "breach_Date": "2022-10-06",
  "bss_score": 0,
  "bss_Date": "2022-10-06",
  "BSS": 0
},{
  "ID": 15,
  "nvd_score": 6.71,
  "css_score": 1.25,
  "nvd_Date": "2022-10-06",
  "css_Date": "2022-10-06",
  "overall_score": 4.99,
  "overall_Date": "2022-10-06",
  "breach_risk_score": 10,
  "breach_Date": "2022-10-06",
  "bss_score": 0,
  "bss_Date": "2022-10-06",
  "BSS": 0
},{
  "ID": 16,
  "nvd_score": 6.7,
  "css_score": 2.39,
  "nvd_Date": "2022-10-06",
  "css_Date": "2022-10-06",
  "overall_score": 6.32,
  "overall_Date": "2022-10-06",
  "breach_risk_score": 10,
  "breach_Date": "2022-10-06",
  "bss_score": -0.8784,
  "bss_Date": "2022-10-06",
  "BSS": 3.9
},{
  "ID": 17,
  "nvd_score": 6.56,
  "css_score": 2.13,
  "nvd_Date": "2022-10-06",
  "css_Date": "2022-10-06",
  "overall_score": 4.89,
  "overall_Date": "2022-10-06",
  "breach_risk_score": 8.7,
  "breach_Date": "2022-10-06",
  "bss_score": 0,
  "bss_Date": "2022-10-06",
  "BSS": 0
},{
  "ID": 18,
  "nvd_score": 6.71,
  "css_score": 1.79,
  "nvd_Date": "2022-10-06",
  "css_Date": "2022-10-06",
  "overall_score": 6.27,
  "overall_Date": "2022-10-06",
  "breach_risk_score": 10,
  "breach_Date": "2022-10-06",
  "bss_score": 2.5496,
  "bss_Date": "2022-10-06",
  "BSS": 4.44
},{
  "ID": 19,
  "nvd_score": 6.58,
  "css_score": 2.41,
  "nvd_Date": "2022-10-06",
  "css_Date": "2022-10-06",
  "overall_score": 6.48,
  "overall_Date": "2022-10-06",
  "breach_risk_score": 9.8,
  "breach_Date": "2022-10-06",
  "bss_score": -3.8488,
  "bss_Date": "2022-10-06",
  "BSS": 4.87
},{
  "ID": 20,
  "nvd_score": 6.8,
  "css_score": 2.35,
  "nvd_Date": "2022-10-06",
  "css_Date": "2022-10-06",
  "overall_score": 5.36,
  "overall_Date": "2022-10-06",
  "breach_risk_score": 10,
  "breach_Date": "2022-10-06",
  "bss_score": 0,
  "bss_Date": "2022-10-06",
  "BSS": 0
},{
  "ID": 21,
  "nvd_score": 6.59,
  "css_score": 2.96,
  "nvd_Date": "2022-10-06",
  "css_Date": "2022-10-06",
  "overall_score": 5.83,
  "overall_Date": "2022-10-06",
  "breach_risk_score": 8.9,
  "breach_Date": "2022-10-06",
  "bss_score": 0,
  "bss_Date": "2022-10-06",
  "BSS": 2.5
},{
  "ID": 22,
  "nvd_score": 6.98,
  "css_score": 2.57,
  "nvd_Date": "2022-10-06",
  "css_Date": "2022-10-06",
  "overall_score": 3.85,
  "overall_Date": "2022-10-06",
  "breach_risk_score": 0,
  "breach_Date": "2022-10-06",
  "bss_score": -3.4028,
  "bss_Date": "2022-10-06",
  "BSS": 3.48
},{
  "ID": 23,
  "nvd_score": 6.25,
  "css_score": 1.51,
  "nvd_Date": "2022-10-06",
  "css_Date": "2022-10-06",
  "overall_score": 4.89,
  "overall_Date": "2022-10-06",
  "breach_risk_score": 9.6,
  "breach_Date": "2022-10-06",
  "bss_score": 2.4007,
  "bss_Date": "2022-10-06",
  "BSS": 0.28
},{
  "ID": 24,
  "nvd_score": 6.67,
  "css_score": 2.38,
  "nvd_Date": "2022-10-06",
  "css_Date": "2022-10-06",
  "overall_score": 5.87,
  "overall_Date": "2022-10-06",
  "breach_risk_score": 9.9,
  "breach_Date": "2022-10-06",
  "bss_score": -0.1487,
  "bss_Date": "2022-10-06",
  "BSS": 2.27
},{
  "ID": 25,
  "nvd_score": 6.01,
  "css_score": 1.46,
  "nvd_Date": "2022-10-06",
  "css_Date": "2022-10-06",
  "overall_score": 4.01,
  "overall_Date": "2022-10-06",
  "breach_risk_score": 6.7,
  "breach_Date": "2022-10-06",
  "bss_score": 0,
  "bss_Date": "2022-10-06",
  "BSS": 0
},{
  "ID": 26,
  "nvd_score": 4.8,
  "css_score": 1.41,
  "nvd_Date": "2022-10-06",
  "css_Date": "2022-10-06",
  "overall_score": 5.27,
  "overall_Date": "2022-10-06",
  "breach_risk_score": 10,
  "breach_Date": "2022-10-06",
  "bss_score": -1.5324,
  "bss_Date": "2022-10-06",
  "BSS": 3.33
},{
  "ID": 27,
  "nvd_score": 3.9,
  "css_score": 0.87,
  "nvd_Date": "2022-10-06",
  "css_Date": "2022-10-06",
  "overall_score": 3.69,
  "overall_Date": "2022-10-06",
  "breach_risk_score": 8.8,
  "breach_Date": "2022-10-06",
  "bss_score": 0,
  "bss_Date": "2022-10-06",
  "BSS": 0
},{
  "ID": 28,
  "nvd_score": 4.57,
  "css_score": 1.86,
  "nvd_Date": "2022-10-06",
  "css_Date": "2022-10-06",
  "overall_score": 6.21,
  "overall_Date": "2022-10-06",
  "breach_risk_score": 9.6,
  "breach_Date": "2022-10-06",
  "bss_score": 3.4091,
  "bss_Date": "2022-10-06",
  "BSS": 7.19
},{
  "ID": 29,
  "nvd_score": 7.02,
  "css_score": 1.29,
  "nvd_Date": "2022-10-06",
  "css_Date": "2022-10-06",
  "overall_score": 3.75,
  "overall_Date": "2022-10-06",
  "breach_risk_score": 4.6000000000000005,
  "breach_Date": "2022-10-06",
  "bss_score": 0,
  "bss_Date": "2022-10-06",
  "BSS": 0
},{
  "ID": 30,
  "nvd_score": 6.98,
  "css_score": 1.51,
  "nvd_Date": "2022-10-06",
  "css_Date": "2022-10-06",
  "overall_score": 4.83,
  "overall_Date": "2022-10-06",
  "breach_risk_score": 8.7,
  "breach_Date": "2022-10-06",
  "bss_score": 0,
  "bss_Date": "2022-10-06",
  "BSS": 0
},{
  "ID": 31,
  "nvd_score": 4.57,
  "css_score": 1.86,
  "nvd_Date": "2022-10-06",
  "css_Date": "2022-10-06",
  "overall_score": 4.46,
  "overall_Date": "2022-10-06",
  "breach_risk_score": 9.8,
  "breach_Date": "2022-10-06",
  "bss_score": 0,
  "bss_Date": "2022-10-06",
  "BSS": 0
},{
  "ID": 32,
  "nvd_score": 4.8,
  "css_score": 1.41,
  "nvd_Date": "2022-10-06",
  "css_Date": "2022-10-06",
  "overall_score": 2.29,
  "overall_Date": "2022-10-06",
  "breach_risk_score": 1.4000000000000001,
  "breach_Date": "2022-10-06",
  "bss_score": 0,
  "bss_Date": "2022-10-06",
  "BSS": 0
},{
  "ID": 33,
  "nvd_score": 6.2,
  "css_score": 1.38,
  "nvd_Date": "2022-10-06",
  "css_Date": "2022-10-06",
  "overall_score": 4.87,
  "overall_Date": "2022-10-06",
  "breach_risk_score": 10,
  "breach_Date": "2022-10-06",
  "bss_score": 0,
  "bss_Date": "2022-10-06",
  "BSS": 0
},{
  "ID": 34,
  "nvd_score": 6.11,
  "css_score": 1.59,
  "nvd_Date": "2022-10-06",
  "css_Date": "2022-10-06",
  "overall_score": 3.63,
  "overall_Date": "2022-10-06",
  "breach_risk_score": 4.9,
  "breach_Date": "2022-10-06",
  "bss_score": 0,
  "bss_Date": "2022-10-06",
  "BSS": 0
},{
  "ID": 35,
  "nvd_score": 7.02,
  "css_score": 1.89,
  "nvd_Date": "2022-10-06",
  "css_Date": "2022-10-06",
  "overall_score": 4.21,
  "overall_Date": "2022-10-06",
  "breach_risk_score": 5.699999999999999,
  "breach_Date": "2022-10-06",
  "bss_score": 0,
  "bss_Date": "2022-10-06",
  "BSS": 0
},{
  "ID": 36,
  "nvd_score": 6.72,
  "css_score": 2.12,
  "nvd_Date": "2022-10-06",
  "css_Date": "2022-10-06",
  "overall_score": 3.91,
  "overall_Date": "2022-10-06",
  "breach_risk_score": 4.6000000000000005,
  "breach_Date": "2022-10-06",
  "bss_score": 0,
  "bss_Date": "2022-10-06",
  "BSS": 0
},{
  "ID": 37,
  "nvd_score": 7.14,
  "css_score": 1.82,
  "nvd_Date": "2022-10-06",
  "css_Date": "2022-10-06",
  "overall_score": 6.4,
  "overall_Date": "2022-10-06",
  "breach_risk_score": 10,
  "breach_Date": "2022-10-06",
  "bss_score": 1.3988,
  "bss_Date": "2022-10-06",
  "BSS": 4.4
},{
  "ID": 38,
  "nvd_score": 6.8,
  "css_score": 2.36,
  "nvd_Date": "2022-10-06",
  "css_Date": "2022-10-06",
  "overall_score": 5.31,
  "overall_Date": "2022-10-06",
  "breach_risk_score": 9.8,
  "breach_Date": "2022-10-06",
  "bss_score": 0,
  "bss_Date": "2022-10-06",
  "BSS": 0
},{
  "ID": 39,
  "nvd_score": 6.84,
  "css_score": 1.7,
  "nvd_Date": "2022-10-06",
  "css_Date": "2022-10-06",
  "overall_score": 5.17,
  "overall_Date": "2022-10-06",
  "breach_risk_score": 10,
  "breach_Date": "2022-10-06",
  "bss_score": 0,
  "bss_Date": "2022-10-06",
  "BSS": 0
},{
  "ID": 40,
  "nvd_score": 3.9,
  "css_score": 0.87,
  "nvd_Date": "2022-10-06",
  "css_Date": "2022-10-06",
  "overall_score": 4.24,
  "overall_Date": "2022-10-06",
  "breach_risk_score": 9.9,
  "breach_Date": "2022-10-06",
  "bss_score": 1.2395,
  "bss_Date": "2022-10-06",
  "BSS": 1.09
},{
  "ID": 41,
  "nvd_score": 4.78,
  "css_score": 1.87,
  "nvd_Date": "2022-10-06",
  "css_Date": "2022-10-06",
  "overall_score": 7.03,
  "overall_Date": "2022-10-06",
  "breach_risk_score": 9.8,
  "breach_Date": "2022-10-06",
  "bss_score": -4.3358,
  "bss_Date": "2022-10-06",
  "BSS": 10
},{
  "ID": 42,
  "nvd_score": 6.51,
  "css_score": 2.37,
  "nvd_Date": "2022-10-06",
  "css_Date": "2022-10-06",
  "overall_score": 3.76,
  "overall_Date": "2022-10-06",
  "breach_risk_score": 0.1,
  "breach_Date": "2022-10-06",
  "bss_score": -2.0357,
  "bss_Date": "2022-10-06",
  "BSS": 3.84
},{
  "ID": 43,
  "nvd_score": 2.99,
  "css_score": 0.76,
  "nvd_Date": "2022-10-06",
  "css_Date": "2022-10-06",
  "overall_score": 3.12,
  "overall_Date": "2022-10-06",
  "breach_risk_score": 7.800000000000001,
  "breach_Date": "2022-10-06",
  "bss_score": 0,
  "bss_Date": "2022-10-06",
  "BSS": 0
},{
  "ID": 44,
  "nvd_score": 7.06,
  "css_score": 1.58,
  "nvd_Date": "2022-10-06",
  "css_Date": "2022-10-06",
  "overall_score": 4.34,
  "overall_Date": "2022-10-06",
  "breach_risk_score": 0.8999999999999999,
  "breach_Date": "2022-10-06",
  "bss_score": 3.8127,
  "bss_Date": "2022-10-06",
  "BSS": 5.68
},{
  "ID": 45,
  "nvd_score": 7.28,
  "css_score": 1.58,
  "nvd_Date": "2022-10-06",
  "css_Date": "2022-10-06",
  "overall_score": 6.41,
  "overall_Date": "2022-10-06",
  "breach_risk_score": 10,
  "breach_Date": "2022-10-06",
  "bss_score": 1.6472,
  "bss_Date": "2022-10-06",
  "BSS": 4.58
},{
  "ID": 46,
  "nvd_score": 6.66,
  "css_score": 2.35,
  "nvd_Date": "2022-10-06",
  "css_Date": "2022-10-06",
  "overall_score": 5.32,
  "overall_Date": "2022-10-06",
  "breach_risk_score": 10,
  "breach_Date": "2022-10-06",
  "bss_score": 0,
  "bss_Date": "2022-10-06",
  "BSS": 0
},{
  "ID": 47,
  "nvd_score": 6.68,
  "css_score": 2.39,
  "nvd_Date": "2022-10-06",
  "css_Date": "2022-10-06",
  "overall_score": 3.78,
  "overall_Date": "2022-10-06",
  "breach_risk_score": 3.8,
  "breach_Date": "2022-10-06",
  "bss_score": 0,
  "bss_Date": "2022-10-06",
  "BSS": 0
},{
  "ID": 48,
  "nvd_score": 6.94,
  "css_score": 1.62,
  "nvd_Date": "2022-10-06",
  "css_Date": "2022-10-06",
  "overall_score": 4.08,
  "overall_Date": "2022-10-06",
  "breach_risk_score": 5.6000000000000005,
  "breach_Date": "2022-10-06",
  "bss_score": 0,
  "bss_Date": "2022-10-06",
  "BSS": 0
},{
  "ID": 49,
  "nvd_score": 3.9,
  "css_score": 0.87,
  "nvd_Date": "2022-10-06",
  "css_Date": "2022-10-06",
  "overall_score": 1.59,
  "overall_Date": "2022-10-06",
  "breach_risk_score": 0.4,
  "breach_Date": "2022-10-06",
  "bss_score": 0,
  "bss_Date": "2022-10-06",
  "BSS": 0
},{
  "ID": 50,
  "nvd_score": 7.29,
  "css_score": 1.73,
  "nvd_Date": "2022-10-06",
  "css_Date": "2022-10-06",
  "overall_score": 3.17,
  "overall_Date": "2022-10-06",
  "breach_risk_score": 1.4000000000000001,
  "breach_Date": "2022-10-06",
  "bss_score": 0,
  "bss_Date": "2022-10-06",
  "BSS": 0
},{
  "ID": 51,
  "nvd_score": 7.15,
  "css_score": 2.19,
  "nvd_Date": "2022-10-06",
  "css_Date": "2022-10-06",
  "overall_score": 4.71,
  "overall_Date": "2022-10-06",
  "breach_risk_score": 3.8,
  "breach_Date": "2022-10-06",
  "bss_score": 1.2773,
  "bss_Date": "2022-10-06",
  "BSS": 3.35
},{
  "ID": 52,
  "nvd_score": 6.28,
  "css_score": 2.34,
  "nvd_Date": "2022-10-06",
  "css_Date": "2022-10-06",
  "overall_score": 5.82,
  "overall_Date": "2022-10-06",
  "breach_risk_score": 10,
  "breach_Date": "2022-10-06",
  "bss_score": 0,
  "bss_Date": "2022-10-06",
  "BSS": 2.5
},{
  "ID": 53,
  "nvd_score": 6.49,
  "css_score": 2.2,
  "nvd_Date": "2022-10-06",
  "css_Date": "2022-10-06",
  "overall_score": 5.22,
  "overall_Date": "2022-10-06",
  "breach_risk_score": 10,
  "breach_Date": "2022-10-06",
  "bss_score": 0,
  "bss_Date": "2022-10-06",
  "BSS": 0
},{
  "ID": 54,
  "nvd_score": 6.43,
  "css_score": 1.99,
  "nvd_Date": "2022-10-06",
  "css_Date": "2022-10-06",
  "overall_score": 5.76,
  "overall_Date": "2022-10-06",
  "breach_risk_score": 10,
  "breach_Date": "2022-10-06",
  "bss_score": 0,
  "bss_Date": "2022-10-06",
  "BSS": 2.5
},{
  "ID": 55,
  "nvd_score": 7.1,
  "css_score": 1.35,
  "nvd_Date": "2022-10-06",
  "css_Date": "2022-10-06",
  "overall_score": 7.62,
  "overall_Date": "2022-10-06",
  "breach_risk_score": 9.9,
  "breach_Date": "2022-10-06",
  "bss_score": 0.7847,
  "bss_Date": "2022-10-06",
  "BSS": 10
},{
  "ID": 56,
  "nvd_score": 6.1,
  "css_score": 2.04,
  "nvd_Date": "2022-10-06",
  "css_Date": "2022-10-06",
  "overall_score": 4.74,
  "overall_Date": "2022-10-06",
  "breach_risk_score": 6.7,
  "breach_Date": "2022-10-06",
  "bss_score": 0.2233,
  "bss_Date": "2022-10-06",
  "BSS": 2.09
},{
  "ID": 57,
  "nvd_score": 5.97,
  "css_score": 3.04,
  "nvd_Date": "2022-10-06",
  "css_Date": "2022-10-06",
  "overall_score": 5.27,
  "overall_Date": "2022-10-06",
  "breach_risk_score": 9.8,
  "breach_Date": "2022-10-06",
  "bss_score": 0,
  "bss_Date": "2022-10-06",
  "BSS": 0
},{
  "ID": 58,
  "nvd_score": 7.07,
  "css_score": 2.27,
  "nvd_Date": "2022-10-06",
  "css_Date": "2022-10-06",
  "overall_score": 6.04,
  "overall_Date": "2022-10-06",
  "breach_risk_score": 10,
  "breach_Date": "2022-10-06",
  "bss_score": -1.0559,
  "bss_Date": "2022-10-06",
  "BSS": 2.49
},{
  "ID": 59,
  "nvd_score": 6.55,
  "css_score": 2.32,
  "nvd_Date": "2022-10-06",
  "css_Date": "2022-10-06",
  "overall_score": 5.25,
  "overall_Date": "2022-10-06",
  "breach_risk_score": 9.9,
  "breach_Date": "2022-10-06",
  "bss_score": 0,
  "bss_Date": "2022-10-06",
  "BSS": 0
},{
  "ID": 60,
  "nvd_score": 6.9,
  "css_score": 2.89,
  "nvd_Date": "2022-10-06",
  "css_Date": "2022-10-06",
  "overall_score": 5.31,
  "overall_Date": "2022-10-06",
  "breach_risk_score": 9,
  "breach_Date": "2022-10-06",
  "bss_score": 0,
  "bss_Date": "2022-10-06",
  "BSS": 0
},{
  "ID": 61,
  "nvd_score": 6.67,
  "css_score": 2.14,
  "nvd_Date": "2022-10-06",
  "css_Date": "2022-10-06",
  "overall_score": 5.15,
  "overall_Date": "2022-10-06",
  "breach_risk_score": 9.6,
  "breach_Date": "2022-10-06",
  "bss_score": 0,
  "bss_Date": "2022-10-06",
  "BSS": 0
},{
  "ID": 62,
  "nvd_score": 0,
  "css_score": 0,
  "nvd_Date": "2022-10-06",
  "css_Date": "2022-10-06",
  "overall_score": 5,
  "overall_Date": "2022-10-06",
  "breach_risk_score": 10,
  "breach_Date": "2022-10-06",
  "bss_score": 1.1278,
  "bss_Date": "2022-10-06",
  "BSS": 10
},{
  "ID": 63,
  "nvd_score": 7.33,
  "css_score": 1.82,
  "nvd_Date": "2022-10-06",
  "css_Date": "2022-10-06",
  "overall_score": 2.88,
  "overall_Date": "2022-10-06",
  "breach_risk_score": 0.1,
  "breach_Date": "2022-10-06",
  "bss_score": 0,
  "bss_Date": "2022-10-06",
  "BSS": 0
},{
  "ID": 64,
  "nvd_score": 6.49,
  "css_score": 2.2,
  "nvd_Date": "2022-10-06",
  "css_Date": "2022-10-06",
  "overall_score": 5.22,
  "overall_Date": "2022-10-06",
  "breach_risk_score": 10,
  "breach_Date": "2022-10-06",
  "bss_score": 0,
  "bss_Date": "2022-10-06",
  "BSS": 0
},{
  "ID": 65,
  "nvd_score": 0,
  "css_score": 0,
  "nvd_Date": "2022-10-06",
  "css_Date": "2022-10-06",
  "overall_score": 3.18,
  "overall_Date": "2022-10-06",
  "breach_risk_score": 10,
  "breach_Date": "2022-10-06",
  "bss_score": -1.1567,
  "bss_Date": "2022-10-06",
  "BSS": 2.7
},{
  "ID": 66,
  "nvd_score": 6.58,
  "css_score": 2.41,
  "nvd_Date": "2022-10-06",
  "css_Date": "2022-10-06",
  "overall_score": 5.28,
  "overall_Date": "2022-10-06",
  "breach_risk_score": 9.9,
  "breach_Date": "2022-10-06",
  "bss_score": 0,
  "bss_Date": "2022-10-06",
  "BSS": 0
},{
  "ID": 67,
  "nvd_score": 6.98,
  "css_score": 1.51,
  "nvd_Date": "2022-10-06",
  "css_Date": "2022-10-06",
  "overall_score": 5.53,
  "overall_Date": "2022-10-06",
  "breach_risk_score": 9,
  "breach_Date": "2022-10-06",
  "bss_score": 0,
  "bss_Date": "2022-10-06",
  "BSS": 2.5
},{
  "ID": 68,
  "nvd_score": 0,
  "css_score": 0,
  "nvd_Date": "2022-10-06",
  "css_Date": "2022-10-06",
  "overall_score": 3.9,
  "overall_Date": "2022-10-06",
  "breach_risk_score": 10,
  "breach_Date": "2022-10-06",
  "bss_score": 5.5085,
  "bss_Date": "2022-10-06",
  "BSS": 5.58
},{
  "ID": 69,
  "nvd_score": 7.07,
  "css_score": 2,
  "nvd_Date": "2022-10-06",
  "css_Date": "2022-10-06",
  "overall_score": 5.4,
  "overall_Date": "2022-10-06",
  "breach_risk_score": 10,
  "breach_Date": "2022-10-06",
  "bss_score": 4.8415,
  "bss_Date": "2022-10-06",
  "BSS": 0.27
},{
  "ID": 70,
  "nvd_score": 6.41,
  "css_score": 2,
  "nvd_Date": "2022-10-06",
  "css_Date": "2022-10-06",
  "overall_score": 5.13,
  "overall_Date": "2022-10-06",
  "breach_risk_score": 10,
  "breach_Date": "2022-10-06",
  "bss_score": 0,
  "bss_Date": "2022-10-06",
  "BSS": 0
},{
  "ID": 71,
  "nvd_score": 6.59,
  "css_score": 2.11,
  "nvd_Date": "2022-10-06",
  "css_Date": "2022-10-06",
  "overall_score": 3.87,
  "overall_Date": "2022-10-06",
  "breach_risk_score": 4.6000000000000005,
  "breach_Date": "2022-10-06",
  "bss_score": 0,
  "bss_Date": "2022-10-06",
  "BSS": 0
},{
  "ID": 72,
  "nvd_score": 6.7,
  "css_score": 2.39,
  "nvd_Date": "2022-10-06",
  "css_Date": "2022-10-06",
  "overall_score": 5.36,
  "overall_Date": "2022-10-06",
  "breach_risk_score": 10,
  "breach_Date": "2022-10-06",
  "bss_score": -1.3846,
  "bss_Date": "2022-10-06",
  "BSS": 0.09
},{
  "ID": 73,
  "nvd_score": 6.7,
  "css_score": 2.39,
  "nvd_Date": "2022-10-06",
  "css_Date": "2022-10-06",
  "overall_score": 5.83,
  "overall_Date": "2022-10-06",
  "breach_risk_score": 10,
  "breach_Date": "2022-10-06",
  "bss_score": -3.2891,
  "bss_Date": "2022-10-06",
  "BSS": 1.96
},{
  "ID": 74,
  "nvd_score": 6.75,
  "css_score": 1.46,
  "nvd_Date": "2022-10-06",
  "css_Date": "2022-10-06",
  "overall_score": 4.99,
  "overall_Date": "2022-10-06",
  "breach_risk_score": 9.7,
  "breach_Date": "2022-10-06",
  "bss_score": 0,
  "bss_Date": "2022-10-06",
  "BSS": 0
},{
  "ID": 75,
  "nvd_score": 6.51,
  "css_score": 2.2,
  "nvd_Date": "2022-10-06",
  "css_Date": "2022-10-06",
  "overall_score": 5.17,
  "overall_Date": "2022-10-06",
  "breach_risk_score": 8.7,
  "breach_Date": "2022-10-06",
  "bss_score": 0.7759,
  "bss_Date": "2022-10-06",
  "BSS": 1.11
},{
  "ID": 76,
  "nvd_score": 6.2,
  "css_score": 1.16,
  "nvd_Date": "2022-10-06",
  "css_Date": "2022-10-06",
  "overall_score": 5.47,
  "overall_Date": "2022-10-06",
  "breach_risk_score": 10,
  "breach_Date": "2022-10-06",
  "bss_score": 0.1319,
  "bss_Date": "2022-10-06",
  "BSS": 2.69
},{
  "ID": 79,
  "nvd_score": 7.09,
  "css_score": 2.4,
  "nvd_Date": "2022-10-06",
  "css_Date": "2022-10-06",
  "overall_score": 5.29,
  "overall_Date": "2022-10-06",
  "breach_risk_score": 9.3,
  "breach_Date": "2022-10-06",
  "bss_score": 0,
  "bss_Date": "2022-10-06",
  "BSS": 0
},{
  "ID": 80,
  "nvd_score": 0,
  "css_score": 0,
  "nvd_Date": "2022-10-06",
  "css_Date": "2022-10-06",
  "overall_score": 2.42,
  "overall_Date": "2022-10-06",
  "breach_risk_score": 9.7,
  "breach_Date": "2022-10-06",
  "bss_score": 0,
  "bss_Date": "2022-10-06",
  "BSS": 0
},{
  "ID": 81,
  "nvd_score": 6.98,
  "css_score": 1.87,
  "nvd_Date": "2022-10-06",
  "css_Date": "2022-10-06",
  "overall_score": 5.27,
  "overall_Date": "2022-10-06",
  "breach_risk_score": 10,
  "breach_Date": "2022-10-06",
  "bss_score": 0,
  "bss_Date": "2022-10-06",
  "BSS": 0
},{
  "ID": 82,
  "nvd_score": 7.03,
  "css_score": 2.17,
  "nvd_Date": "2022-10-06",
  "css_Date": "2022-10-06",
  "overall_score": 2.98,
  "overall_Date": "2022-10-06",
  "breach_risk_score": 0.4,
  "breach_Date": "2022-10-06",
  "bss_score": 0,
  "bss_Date": "2022-10-06",
  "BSS": 0
},{
  "ID": 83,
  "nvd_score": 6.71,
  "css_score": 2.13,
  "nvd_Date": "2022-10-06",
  "css_Date": "2022-10-06",
  "overall_score": 6.69,
  "overall_Date": "2022-10-06",
  "breach_risk_score": 10,
  "breach_Date": "2022-10-06",
  "bss_score": 1.3644,
  "bss_Date": "2022-10-06",
  "BSS": 5.71
},{
  "ID": 84,
  "nvd_score": 5.97,
  "css_score": 3.04,
  "nvd_Date": "2022-10-06",
  "css_Date": "2022-10-06",
  "overall_score": 4.34,
  "overall_Date": "2022-10-06",
  "breach_risk_score": 6.1,
  "breach_Date": "2022-10-06",
  "bss_score": 0,
  "bss_Date": "2022-10-06",
  "BSS": 0
},{
  "ID": 85,
  "nvd_score": 7.05,
  "css_score": 2.16,
  "nvd_Date": "2022-10-06",
  "css_Date": "2022-10-06",
  "overall_score": 4.05,
  "overall_Date": "2022-10-06",
  "breach_risk_score": 4.699999999999999,
  "breach_Date": "2022-10-06",
  "bss_score": 0,
  "bss_Date": "2022-10-06",
  "BSS": 0
},{
  "ID": 86,
  "nvd_score": 4.57,
  "css_score": 1.86,
  "nvd_Date": "2022-10-06",
  "css_Date": "2022-10-06",
  "overall_score": 4.94,
  "overall_Date": "2022-10-06",
  "breach_risk_score": 9.5,
  "breach_Date": "2022-10-06",
  "bss_score": -0.0362,
  "bss_Date": "2022-10-06",
  "BSS": 2.21
},{
  "ID": 87,
  "nvd_score": 6.09,
  "css_score": 1.6,
  "nvd_Date": "2022-10-06",
  "css_Date": "2022-10-06",
  "overall_score": 3.45,
  "overall_Date": "2022-10-06",
  "breach_risk_score": 4.2,
  "breach_Date": "2022-10-06",
  "bss_score": 0,
  "bss_Date": "2022-10-06",
  "BSS": 0
},{
  "ID": 88,
  "nvd_score": 6.96,
  "css_score": 2.8,
  "nvd_Date": "2022-10-06",
  "css_Date": "2022-10-06",
  "overall_score": 5.53,
  "overall_Date": "2022-10-06",
  "breach_risk_score": 9.9,
  "breach_Date": "2022-10-06",
  "bss_score": 0,
  "bss_Date": "2022-10-06",
  "BSS": 0
},{
  "ID": 89,
  "nvd_score": 6.63,
  "css_score": 2.19,
  "nvd_Date": "2022-10-06",
  "css_Date": "2022-10-06",
  "overall_score": 5.23,
  "overall_Date": "2022-10-06",
  "breach_risk_score": 9.9,
  "breach_Date": "2022-10-06",
  "bss_score": 0,
  "bss_Date": "2022-10-06",
  "BSS": 0
},{
  "ID": 90,
  "nvd_score": 6.78,
  "css_score": 2.38,
  "nvd_Date": "2022-10-06",
  "css_Date": "2022-10-06",
  "overall_score": 4.59,
  "overall_Date": "2022-10-06",
  "breach_risk_score": 6.8999999999999995,
  "breach_Date": "2022-10-06",
  "bss_score": 0,
  "bss_Date": "2022-10-06",
  "BSS": 0
},{
  "ID": 91,
  "nvd_score": 4.57,
  "css_score": 1.86,
  "nvd_Date": "2022-10-06",
  "css_Date": "2022-10-06",
  "overall_score": 4.48,
  "overall_Date": "2022-10-06",
  "breach_risk_score": 9.9,
  "breach_Date": "2022-10-06",
  "bss_score": 0,
  "bss_Date": "2022-10-06",
  "BSS": 0
},{
  "ID": 92,
  "nvd_score": 5.97,
  "css_score": 3.04,
  "nvd_Date": "2022-10-06",
  "css_Date": "2022-10-06",
  "overall_score": 5.27,
  "overall_Date": "2022-10-06",
  "breach_risk_score": 9.8,
  "breach_Date": "2022-10-06",
  "bss_score": 0,
  "bss_Date": "2022-10-06",
  "BSS": 0
},{
  "ID": 93,
  "nvd_score": 4.8,
  "css_score": 1.41,
  "nvd_Date": "2022-10-06",
  "css_Date": "2022-10-06",
  "overall_score": 4.44,
  "overall_Date": "2022-10-06",
  "breach_risk_score": 10,
  "breach_Date": "2022-10-06",
  "bss_score": 0,
  "bss_Date": "2022-10-06",
  "BSS": 0
},{
  "ID": 94,
  "nvd_score": 7.09,
  "css_score": 2.12,
  "nvd_Date": "2022-10-06",
  "css_Date": "2022-10-06",
  "overall_score": 3.85,
  "overall_Date": "2022-10-06",
  "breach_risk_score": 3.9000000000000004,
  "breach_Date": "2022-10-06",
  "bss_score": 0,
  "bss_Date": "2022-10-06",
  "BSS": 0
},{
  "ID": 96,
  "nvd_score": 5.97,
  "css_score": 3.04,
  "nvd_Date": "2022-10-06",
  "css_Date": "2022-10-06",
  "overall_score": 3.39,
  "overall_Date": "2022-10-06",
  "breach_risk_score": 2.3000000000000003,
  "breach_Date": "2022-10-06",
  "bss_score": 0,
  "bss_Date": "2022-10-06",
  "BSS": 0
},{
  "ID": 97,
  "nvd_score": 6.7,
  "css_score": 2.14,
  "nvd_Date": "2022-10-06",
  "css_Date": "2022-10-06",
  "overall_score": 4.49,
  "overall_Date": "2022-10-06",
  "breach_risk_score": 6.8999999999999995,
  "breach_Date": "2022-10-06",
  "bss_score": 0,
  "bss_Date": "2022-10-06",
  "BSS": 0
},{
  "ID": 98,
  "nvd_score": 4.55,
  "css_score": 1.08,
  "nvd_Date": "2022-10-06",
  "css_Date": "2022-10-06",
  "overall_score": 2.16,
  "overall_Date": "2022-10-06",
  "breach_risk_score": 1.6,
  "breach_Date": "2022-10-06",
  "bss_score": 0,
  "bss_Date": "2022-10-06",
  "BSS": 0
},{
  "ID": 99,
  "nvd_score": 3.9,
  "css_score": 0.87,
  "nvd_Date": "2022-10-06",
  "css_Date": "2022-10-06",
  "overall_score": 4.42,
  "overall_Date": "2022-10-06",
  "breach_risk_score": 9.200000000000001,
  "breach_Date": "2022-10-06",
  "bss_score": 0,
  "bss_Date": "2022-10-06",
  "BSS": 2.5
},{
  "ID": 100,
  "nvd_score": 3.11,
  "css_score": 0.55,
  "nvd_Date": "2022-10-06",
  "css_Date": "2022-10-06",
  "overall_score": 3.57,
  "overall_Date": "2022-10-06",
  "breach_risk_score": 9.7,
  "breach_Date": "2022-10-06",
  "bss_score": 0,
  "bss_Date": "2022-10-06",
  "BSS": 0
},{
  "ID": 101,
  "nvd_score": 5.97,
  "css_score": 3.04,
  "nvd_Date": "2022-10-06",
  "css_Date": "2022-10-06",
  "overall_score": 5.94,
  "overall_Date": "2022-10-06",
  "breach_risk_score": 10,
  "breach_Date": "2022-10-06",
  "bss_score": 0,
  "bss_Date": "2022-10-06",
  "BSS": 2.5
},{
  "ID": 102,
  "nvd_score": 4.57,
  "css_score": 1.86,
  "nvd_Date": "2022-10-06",
  "css_Date": "2022-10-06",
  "overall_score": 4.51,
  "overall_Date": "2022-10-06",
  "breach_risk_score": 10,
  "breach_Date": "2022-10-06",
  "bss_score": 0,
  "bss_Date": "2022-10-06",
  "BSS": 0
},{
  "ID": 103,
  "nvd_score": 6.77,
  "css_score": 1.65,
  "nvd_Date": "2022-10-06",
  "css_Date": "2022-10-06",
  "overall_score": 5.08,
  "overall_Date": "2022-10-06",
  "breach_risk_score": 9.8,
  "breach_Date": "2022-10-06",
  "bss_score": 0,
  "bss_Date": "2022-10-06",
  "BSS": 0
},{
  "ID": 104,
  "nvd_score": 6.98,
  "css_score": 1.51,
  "nvd_Date": "2022-10-06",
  "css_Date": "2022-10-06",
  "overall_score": 4.15,
  "overall_Date": "2022-10-06",
  "breach_risk_score": 6,
  "breach_Date": "2022-10-06",
  "bss_score": 0,
  "bss_Date": "2022-10-06",
  "BSS": 0
},{
  "ID": 105,
  "nvd_score": 7.12,
  "css_score": 2.11,
  "nvd_Date": "2022-10-06",
  "css_Date": "2022-10-06",
  "overall_score": 3.08,
  "overall_Date": "2022-10-06",
  "breach_risk_score": 0.8,
  "breach_Date": "2022-10-06",
  "bss_score": 0,
  "bss_Date": "2022-10-06",
  "BSS": 0
},{
  "ID": 106,
  "nvd_score": 4.78,
  "css_score": 1.87,
  "nvd_Date": "2022-10-06",
  "css_Date": "2022-10-06",
  "overall_score": 2.63,
  "overall_Date": "2022-10-06",
  "breach_risk_score": 2.2,
  "breach_Date": "2022-10-06",
  "bss_score": 0,
  "bss_Date": "2022-10-06",
  "BSS": 0
},{
  "ID": 107,
  "nvd_score": 6.69,
  "css_score": 2.36,
  "nvd_Date": "2022-10-06",
  "css_Date": "2022-10-06",
  "overall_score": 5.81,
  "overall_Date": "2022-10-06",
  "breach_risk_score": 10,
  "breach_Date": "2022-10-06",
  "bss_score": 0.079,
  "bss_Date": "2022-10-06",
  "BSS": 1.93
},{
  "ID": 108,
  "nvd_score": 6.51,
  "css_score": 2.2,
  "nvd_Date": "2022-10-06",
  "css_Date": "2022-10-06",
  "overall_score": 3.55,
  "overall_Date": "2022-10-06",
  "breach_risk_score": 0.8,
  "breach_Date": "2022-10-06",
  "bss_score": 0,
  "bss_Date": "2022-10-06",
  "BSS": 2.5
},{
  "ID": 109,
  "nvd_score": 6.96,
  "css_score": 2.01,
  "nvd_Date": "2022-10-06",
  "css_Date": "2022-10-06",
  "overall_score": 5.46,
  "overall_Date": "2022-10-06",
  "breach_risk_score": 9.9,
  "breach_Date": "2022-10-06",
  "bss_score": -1.4312,
  "bss_Date": "2022-10-06",
  "BSS": 0.73
},{
  "ID": 110,
  "nvd_score": 6.15,
  "css_score": 1.62,
  "nvd_Date": "2022-10-06",
  "css_Date": "2022-10-06",
  "overall_score": 2.8,
  "overall_Date": "2022-10-06",
  "breach_risk_score": 1.5,
  "breach_Date": "2022-10-06",
  "bss_score": 0,
  "bss_Date": "2022-10-06",
  "BSS": 0
},{
  "ID": 111,
  "nvd_score": 7.09,
  "css_score": 2.16,
  "nvd_Date": "2022-10-06",
  "css_Date": "2022-10-06",
  "overall_score": 4.37,
  "overall_Date": "2022-10-06",
  "breach_risk_score": 5.8999999999999995,
  "breach_Date": "2022-10-06",
  "bss_score": 0,
  "bss_Date": "2022-10-06",
  "BSS": 0
},{
  "ID": 112,
  "nvd_score": 7.07,
  "css_score": 2.11,
  "nvd_Date": "2022-10-06",
  "css_Date": "2022-10-06",
  "overall_score": 2.89,
  "overall_Date": "2022-10-06",
  "breach_risk_score": 0.1,
  "breach_Date": "2022-10-06",
  "bss_score": 0,
  "bss_Date": "2022-10-06",
  "BSS": 0
},{
  "ID": 113,
  "nvd_score": 4.78,
  "css_score": 1.87,
  "nvd_Date": "2022-10-06",
  "css_Date": "2022-10-06",
  "overall_score": 3.2,
  "overall_Date": "2022-10-06",
  "breach_risk_score": 4.5,
  "breach_Date": "2022-10-06",
  "bss_score": 0,
  "bss_Date": "2022-10-06",
  "BSS": 0
},{
  "ID": 114,
  "nvd_score": 7.29,
  "css_score": 1.97,
  "nvd_Date": "2022-10-06",
  "css_Date": "2022-10-06",
  "overall_score": 5.37,
  "overall_Date": "2022-10-06",
  "breach_risk_score": 9.9,
  "breach_Date": "2022-10-06",
  "bss_score": 0,
  "bss_Date": "2022-10-06",
  "BSS": 0
},{
  "ID": 115,
  "nvd_score": 4.57,
  "css_score": 1.86,
  "nvd_Date": "2022-10-06",
  "css_Date": "2022-10-06",
  "overall_score": 2.13,
  "overall_Date": "2022-10-06",
  "breach_risk_score": 0.5,
  "breach_Date": "2022-10-06",
  "bss_score": 0,
  "bss_Date": "2022-10-06",
  "BSS": 0
},{
  "ID": 116,
  "nvd_score": 5.65,
  "css_score": 1.6,
  "nvd_Date": "2022-10-06",
  "css_Date": "2022-10-06",
  "overall_score": 2.82,
  "overall_Date": "2022-10-06",
  "breach_risk_score": 2.2,
  "breach_Date": "2022-10-06",
  "bss_score": 0,
  "bss_Date": "2022-10-06",
  "BSS": 0
},{
  "ID": 117,
  "nvd_score": 0,
  "css_score": 0,
  "nvd_Date": "2022-10-06",
  "css_Date": "2022-10-06",
  "overall_score": 2.5,
  "overall_Date": "2022-10-06",
  "breach_risk_score": 10,
  "breach_Date": "2022-10-06",
  "bss_score": 0,
  "bss_Date": "2022-10-06",
  "BSS": 0
},{
  "ID": 118,
  "nvd_score": 6.72,
  "css_score": 2.23,
  "nvd_Date": "2022-10-06",
  "css_Date": "2022-10-06",
  "overall_score": 5.8,
  "overall_Date": "2022-10-06",
  "breach_risk_score": 10,
  "breach_Date": "2022-10-06",
  "bss_score": 0.256,
  "bss_Date": "2022-10-06",
  "BSS": 2.03
},{
  "ID": 119,
  "nvd_score": 6.29,
  "css_score": 1.34,
  "nvd_Date": "2022-10-06",
  "css_Date": "2022-10-06",
  "overall_score": 4.78,
  "overall_Date": "2022-10-06",
  "breach_risk_score": 9.6,
  "breach_Date": "2022-10-06",
  "bss_score": 0,
  "bss_Date": "2022-10-06",
  "BSS": 0
},{
  "ID": 120,
  "nvd_score": 6.98,
  "css_score": 1.51,
  "nvd_Date": "2022-10-06",
  "css_Date": "2022-10-06",
  "overall_score": 4.32,
  "overall_Date": "2022-10-06",
  "breach_risk_score": 5.4,
  "breach_Date": "2022-10-06",
  "bss_score": 0.3778,
  "bss_Date": "2022-10-06",
  "BSS": 1.26
},{
  "ID": 121,
  "nvd_score": 6.62,
  "css_score": 2.37,
  "nvd_Date": "2022-10-06",
  "css_Date": "2022-10-06",
  "overall_score": 5.08,
  "overall_Date": "2022-10-06",
  "breach_risk_score": 9.1,
  "breach_Date": "2022-10-06",
  "bss_score": 0,
  "bss_Date": "2022-10-06",
  "BSS": 0
},{
  "ID": 122,
  "nvd_score": 6.22,
  "css_score": 2.95,
  "nvd_Date": "2022-10-06",
  "css_Date": "2022-10-06",
  "overall_score": 6.17,
  "overall_Date": "2022-10-06",
  "breach_risk_score": 10,
  "breach_Date": "2022-10-06",
  "bss_score": 1.0179,
  "bss_Date": "2022-10-06",
  "BSS": 3.23
},{
  "ID": 123,
  "nvd_score": 6.98,
  "css_score": 1.51,
  "nvd_Date": "2022-10-06",
  "css_Date": "2022-10-06",
  "overall_score": 2.75,
  "overall_Date": "2022-10-06",
  "breach_risk_score": 0.4,
  "breach_Date": "2022-10-06",
  "bss_score": 0,
  "bss_Date": "2022-10-06",
  "BSS": 0
},{
  "ID": 124,
  "nvd_score": 6.83,
  "css_score": 0.96,
  "nvd_Date": "2022-10-06",
  "css_Date": "2022-10-06",
  "overall_score": 5.69,
  "overall_Date": "2022-10-06",
  "breach_risk_score": 10,
  "breach_Date": "2022-10-06",
  "bss_score": 2.8023,
  "bss_Date": "2022-10-06",
  "BSS": 3.04
},{
  "ID": 125,
  "nvd_score": 7.03,
  "css_score": 2.17,
  "nvd_Date": "2022-10-06",
  "css_Date": "2022-10-06",
  "overall_score": 3.02,
  "overall_Date": "2022-10-06",
  "breach_risk_score": 0.6,
  "breach_Date": "2022-10-06",
  "bss_score": 0,
  "bss_Date": "2022-10-06",
  "BSS": 0
},{
  "ID": 126,
  "nvd_score": 6.67,
  "css_score": 2.13,
  "nvd_Date": "2022-10-06",
  "css_Date": "2022-10-06",
  "overall_score": 5.53,
  "overall_Date": "2022-10-06",
  "breach_risk_score": 8.6,
  "breach_Date": "2022-10-06",
  "bss_score": 0,
  "bss_Date": "2022-10-06",
  "BSS": 2.5
},{
  "ID": 127,
  "nvd_score": 7.1,
  "css_score": 1.35,
  "nvd_Date": "2022-10-06",
  "css_Date": "2022-10-06",
  "overall_score": 5.14,
  "overall_Date": "2022-10-06",
  "breach_risk_score": 10,
  "breach_Date": "2022-10-06",
  "bss_score": 0,
  "bss_Date": "2022-10-06",
  "BSS": 0
},{
  "ID": 128,
  "nvd_score": 7.29,
  "nvd_Date": "2022-10-06",
  "css_score": 2.03,
  "css_Date": "2022-10-06",
  "bss_score": 0.561,
  "breach_risk_score": 10,
  "breach_Date": "2022-10-06",
  "overall_score": 5.64,
  "bss_Date": "2022-10-06",
  "overall_Date": "2022-10-06",
  "BSS": 0.91
},{
  "ID": 129,
  "nvd_score": 6.45,
  "nvd_Date": "2022-10-06",
  "css_score": 2.3,
  "css_Date": "2022-10-06",
  "overall_score": 5.59,
  "overall_Date": "2022-10-06",
  "breach_risk_score": 10,
  "breach_Date": "2022-10-06",
  "bss_score": 0.5744,
  "bss_Date": "2022-10-06",
  "BSS": 1.43
}]